{
    "results": [
        {
            "command": "npm install jquery",
            "mean": 15.093338704644998,
            "median": 15.034080116245,
            "max": 16.459051632745002,
            "min": 14.677725803745,
            "user": 14.52736721,
            "stddev": 0.5147696725640855,
            "system": 0.7682831299999998,
            "commit": "54b17f4442f9ed8255656a66209476a220e94eea",
            "version": "4.12.1"
        }
    ]
}