{
    "results": [
        {
            "command": "npm install jquery",
            "mean": 14.997025977244999,
            "median": 14.505956893445,
            "max": 18.394725345445,
            "min": 13.845211849444999,
            "user": 14.256351149999997,
            "stddev": 1.370744424501194,
            "system": 0.73352937,
            "commit": "5f8e886d3f525bd74603868400fcb5231d13c8da",
            "version": "4.12.2"
        }
    ]
}