{
    "results": [
        {
            "command": "npm install jquery",
            "mean": 15.492320513555,
            "median": 15.235425582755,
            "max": 17.364335498755,
            "min": 15.014158184754999,
            "user": 14.568357905,
            "stddev": 0.6927316107583846,
            "system": 0.7669857749999999,
            "commit": "b261741ef692a6348ec86cd0e0811db08376c312",
            "version": "5.1.3"
        }
    ]
}