{
    "results": [
        {
            "command": null,
            "mean": 15.343260495480001,
            "median": 15.13315524878,
            "max": 17.41058052728,
            "min": 14.92874327928
        }
    ]
}