{
    "results": [
        {
            "command": "npm info jquery",
            "mean": 0.996176540365,
            "median": 0.9932665918650001,
            "max": 1.038608161365,
            "min": 0.963138721365,
            "user": 0.42890568,
            "stddev": 0.024584543786912966,
            "system": 0.048999589999999996,
            "commit": "955c93e2c95e8e0b1ef998c9c9714454c9ec28db",
            "version": "3.13.1"
        }
    ]
}