{
    "results": [
        {
            "command": "npm info jquery",
            "mean": 1.119705858775,
            "median": 1.1054717161749998,
            "max": 1.235471394175,
            "min": 1.062970723175,
            "user": 0.5306333349999999,
            "stddev": 0.05257288953937881,
            "system": 0.06368004499999999,
            "commit": "955c93e2c95e8e0b1ef998c9c9714454c9ec28db",
            "version": "5.3.0"
        }
    ]
}