{
    "results": [
        {
            "command": null,
            "mean": 13.758818254730002,
            "median": 13.746750878530001,
            "max": 15.11769483153,
            "min": 13.203651057530001
        }
    ]
}