{
    "results": [
        {
            "command": "npm info jquery",
            "mean": 0.8989318678850001,
            "median": 0.851691310885,
            "max": 1.148801812885,
            "min": 0.8031728918850001,
            "user": 0.41230037500000005,
            "stddev": 0.1199055832275298,
            "system": 0.04395544,
            "commit": "3d45cecf04827712eb724a113e415dbda8ea2d90",
            "version": "5.1.0"
        }
    ]
}