{
    "results": [
        {
            "command": null,
            "mean": 1.037127270725,
            "median": 0.971478007625,
            "max": 1.307641759125,
            "min": 0.8981732181250001
        }
    ]
}