{
    "results": [
        {
            "command": null,
            "mean": 18.272464705805,
            "median": 18.134033550905,
            "max": 20.566966318905,
            "min": 17.420263678905
        }
    ]
}