{
    "results": [
        {
            "command": null,
            "mean": 1.2678300512600003,
            "median": 1.2406052867600001,
            "max": 1.4791122657600002,
            "min": 1.20774773376
        }
    ]
}