{
    "results": [
        {
            "command": null,
            "mean": 0.8989318678850001,
            "median": 0.851691310885,
            "max": 1.148801812885,
            "min": 0.8031728918850001
        }
    ]
}