{
    "results": [
        {
            "command": null,
            "mean": 16.586126822775,
            "median": 16.451103179575,
            "max": 18.252143334575003,
            "min": 16.202984197575002
        }
    ]
}