{
    "results": [
        {
            "command": "npm install jquery",
            "mean": 17.448730614875,
            "median": 17.140820392675,
            "max": 19.317786687175,
            "min": 16.715460944175,
            "user": 16.662054104999996,
            "stddev": 0.8125339176505527,
            "system": 0.846631685,
            "commit": "95ed3db43ce681824c9b40fa7eb8b09039d053ea",
            "version": "5.1.0"
        }
    ]
}