{
    "results": [
        {
            "command": "npm info jquery",
            "mean": 1.2357739131199998,
            "median": 1.2289918389199999,
            "max": 1.3016718649199999,
            "min": 1.20131594892,
            "user": 0.5203074200000001,
            "stddev": 0.02981833202367779,
            "system": 0.05733096,
            "commit": "586f1b06845b2c43e0f308915ab0a3c2c68999c2",
            "version": "3.13.1"
        }
    ]
}