{
    "results": [
        {
            "command": null,
            "mean": 1.2357739131199998,
            "median": 1.2289918389199999,
            "max": 1.3016718649199999,
            "min": 1.20131594892
        }
    ]
}