{
    "results": [
        {
            "command": "npm install jquery",
            "mean": 16.26140130368,
            "median": 16.16294239958,
            "max": 17.50712017908,
            "min": 15.27962341108,
            "user": 15.225077554999999,
            "stddev": 0.6538524763392147,
            "system": 0.8001978700000001,
            "commit": "586f1b06845b2c43e0f308915ab0a3c2c68999c2",
            "version": "5.1.2"
        }
    ]
}