{
    "results": [
        {
            "command": null,
            "mean": 17.305012167744998,
            "median": 17.020371211245,
            "max": 18.471585214745,
            "min": 16.758172071745
        }
    ]
}