{
    "results": [
        {
            "command": null,
            "mean": 0.99329984011,
            "median": 0.9713797903100001,
            "max": 1.0955167943100002,
            "min": 0.9567446993100001
        }
    ]
}