{
    "results": [
        {
            "command": "npm info jquery",
            "mean": 0.8721080466099999,
            "median": 0.85252972621,
            "max": 1.08228042021,
            "min": 0.8263089772100001,
            "user": 0.4148423299999999,
            "stddev": 0.07459243864396536,
            "system": 0.051791675,
            "commit": "586f1b06845b2c43e0f308915ab0a3c2c68999c2",
            "version": "5.1.2"
        }
    ]
}