{
    "results": [
        {
            "command": "npm install jquery",
            "mean": 13.72283764031,
            "median": 13.56161719971,
            "max": 14.91683365921,
            "min": 13.23861744421,
            "user": 12.728496060000001,
            "stddev": 0.4592197446267107,
            "system": 0.6257077750000001,
            "commit": "73e6863426497b61ff1b3e61b577909b70cf683d",
            "version": "5.1.0"
        }
    ]
}