{
    "results": [
        {
            "command": "npm info jquery",
            "mean": 1.0608239181699999,
            "median": 1.06987858917,
            "max": 1.12777741317,
            "min": 0.9894128561700001,
            "user": 0.47588544000000005,
            "stddev": 0.045375151639498415,
            "system": 0.04326683,
            "commit": "73e6863426497b61ff1b3e61b577909b70cf683d",
            "version": "5.1.0"
        }
    ]
}