{
    "results": [
        {
            "command": "npm info jquery",
            "mean": 0.9583465938750001,
            "median": 0.9491475448750001,
            "max": 1.080626382875,
            "min": 0.9039487448750001,
            "user": 0.511382715,
            "stddev": 0.05102368470345465,
            "system": 0.052307309999999996,
            "commit": "1367beae5137784a20c46daac4c52b0cddb90c26",
            "version": "4.12.2"
        }
    ]
}