{
    "results": [
        {
            "command": "npm info jquery",
            "mean": 0.9204343730250001,
            "median": 0.8978570755250002,
            "max": 1.030912845025,
            "min": 0.8850251710250001,
            "user": 0.46460061,
            "stddev": 0.04919083667141845,
            "system": 0.052303105,
            "commit": "9e29bf88909c14e71ca0547ac6026186cc19edc0",
            "version": "4.12.2"
        }
    ]
}