{
    "results": [
        {
            "command": "npm install jquery",
            "mean": 14.865414647039998,
            "median": 14.793065137140001,
            "max": 15.63356951914,
            "min": 14.51282833014,
            "user": 14.434985595,
            "stddev": 0.3262024827240178,
            "system": 0.6723554650000001,
            "commit": "73e6863426497b61ff1b3e61b577909b70cf683d",
            "version": "5.1.0"
        }
    ]
}