{
    "results": [
        {
            "command": null,
            "mean": 10.991422456579999,
            "median": 10.88783548528,
            "max": 11.771367313779999,
            "min": 10.70416787878
        }
    ]
}