{
    "results": [
        {
            "command": null,
            "mean": 1.0280466993400001,
            "median": 1.0221266630399999,
            "max": 1.13128822104,
            "min": 0.95574252804
        }
    ]
}