{
    "results": [
        {
            "command": null,
            "mean": 1.1520050816150003,
            "median": 1.128505986715,
            "max": 1.323252102715,
            "min": 1.038177012715
        }
    ]
}