{
    "results": [
        {
            "command": "npm install jquery",
            "mean": 10.991422456579999,
            "median": 10.88783548528,
            "max": 11.771367313779999,
            "min": 10.70416787878,
            "user": 10.266382815000002,
            "stddev": 0.32943230037962323,
            "system": 0.5992166849999998,
            "commit": "4cd71c64091e8788b858b212b86d5286de160fe3",
            "version": "5.5.2"
        }
    ]
}