{
    "results": [
        {
            "command": "npm info jquery",
            "mean": 0.982411171065,
            "median": 0.9550346380650001,
            "max": 1.1077431525649999,
            "min": 0.9410403995650001,
            "user": 0.52626702,
            "stddev": 0.05876434438188599,
            "system": 0.054738335000000006,
            "commit": "4cd71c64091e8788b858b212b86d5286de160fe3",
            "version": "4.12.2"
        }
    ]
}