{
    "results": [
        {
            "command": null,
            "mean": 12.683079421685001,
            "median": 12.544465905385,
            "max": 14.356468900885,
            "min": 12.030900522885
        }
    ]
}