{
    "results": [
        {
            "command": null,
            "mean": 0.9599101739350001,
            "median": 0.9622117787350001,
            "max": 0.9926439572350001,
            "min": 0.9207215422350001
        }
    ]
}