{
    "results": [
        {
            "command": "npm info jquery",
            "mean": 1.1520050816150003,
            "median": 1.128505986715,
            "max": 1.323252102715,
            "min": 1.038177012715,
            "user": 0.62341874,
            "stddev": 0.08867226597103978,
            "system": 0.06482943499999999,
            "commit": "4cd71c64091e8788b858b212b86d5286de160fe3",
            "version": "5.5.2"
        }
    ]
}