{
    "results": [
        {
            "command": null,
            "mean": 10.263059912695002,
            "median": 10.121285906795,
            "max": 10.992936555795001,
            "min": 9.935654917795
        }
    ]
}