{
    "results": [
        {
            "command": "npm info jquery",
            "mean": 0.9574325138,
            "median": 0.9283629413000001,
            "max": 1.1587491313,
            "min": 0.8820127403,
            "user": 0.49273213499999996,
            "stddev": 0.07911826478417412,
            "system": 0.05209501499999999,
            "commit": "960ebc67a5aa85ffa7db9bcf6f0393a41cff7547",
            "version": "4.12.2"
        }
    ]
}