{
    "results": [
        {
            "command": "npm info jquery",
            "mean": 0.881549500715,
            "median": 0.843251971915,
            "max": 1.067464780915,
            "min": 0.8168170439150001,
            "user": 0.4295434499999999,
            "stddev": 0.08796744830449464,
            "system": 0.038908025,
            "commit": "73e6863426497b61ff1b3e61b577909b70cf683d",
            "version": "4.12.1"
        }
    ]
}