{
    "results": [
        {
            "command": "npm install jquery",
            "mean": 18.238075488009997,
            "median": 18.178575593109997,
            "max": 19.89521611711,
            "min": 17.570294397109997,
            "user": 17.243548119999996,
            "stddev": 0.6427853547683448,
            "system": 0.955981485,
            "commit": "95ed3db43ce681824c9b40fa7eb8b09039d053ea",
            "version": "3.13.1"
        }
    ]
}