{
    "results": [
        {
            "command": null,
            "mean": 1.1617218901000004,
            "median": 1.1308972692,
            "max": 1.4745891077,
            "min": 1.0843969757
        }
    ]
}