{
    "results": [
        {
            "command": null,
            "mean": 1.101209624105,
            "median": 1.105981522205,
            "max": 1.159347827705,
            "min": 1.050225112705
        }
    ]
}