{
    "results": [
        {
            "command": "npm install jquery",
            "mean": 14.008129603915,
            "median": 13.951629560514998,
            "max": 14.883944105514999,
            "min": 13.579082633514998,
            "user": 13.397092449999999,
            "stddev": 0.37035669118881337,
            "system": 0.6433693299999999,
            "commit": "95ed3db43ce681824c9b40fa7eb8b09039d053ea",
            "version": "5.1.0"
        }
    ]
}