{
    "results": [
        {
            "command": null,
            "mean": 15.53586789612,
            "median": 15.365130642219999,
            "max": 17.07867859922,
            "min": 15.02787141722
        }
    ]
}