{
    "results": [
        {
            "command": "npm info jquery",
            "mean": 1.000230781205,
            "median": 0.982132480405,
            "max": 1.0950905449050001,
            "min": 0.950437467905,
            "user": 0.550029745,
            "stddev": 0.04595364815470045,
            "system": 0.058598819999999996,
            "commit": "8c8f0e1600f089de6e3b69bbbc84833b2996e777",
            "version": "3.13.1"
        }
    ]
}