{
    "results": [
        {
            "command": "npm install jquery",
            "mean": 11.89057505677,
            "median": 11.89539248937,
            "max": 12.40740294737,
            "min": 11.10887622737,
            "user": 11.231423829999999,
            "stddev": 0.38083328666191957,
            "system": 0.6054716549999999,
            "commit": "f625c114bb5078200503bd165a495f4cd52a6e44",
            "version": "3.13.1"
        }
    ]
}