{
    "results": [
        {
            "command": "npm install jquery",
            "mean": 11.600290981979999,
            "median": 11.45659587678,
            "max": 12.27008430028,
            "min": 11.27903430528,
            "user": 10.966759904999998,
            "stddev": 0.35754549682320047,
            "system": 0.5888246300000001,
            "commit": "54b17f4442f9ed8255656a66209476a220e94eea",
            "version": "5.1.0"
        }
    ]
}