{
    "results": [
        {
            "command": "npm info jquery",
            "mean": 0.804771867975,
            "median": 0.777621962575,
            "max": 0.9811698385750001,
            "min": 0.753748251575,
            "user": 0.34378441,
            "stddev": 0.07320448440889853,
            "system": 0.03926846,
            "commit": "1fafb266bd69833c406c2e2a33cec3be9ad1cad0",
            "version": "5.7.0"
        }
    ]
}