{
    "results": [
        {
            "command": null,
            "mean": 1.504797744755,
            "median": 1.2107478768550002,
            "max": 2.891658778855,
            "min": 0.8818802048550001
        }
    ]
}