{
    "results": [
        {
            "command": null,
            "mean": 0.7919477985200001,
            "median": 0.77253504522,
            "max": 0.88468588422,
            "min": 0.73980085122
        }
    ]
}