{
    "results": [
        {
            "command": "npm info jquery",
            "mean": 0.7919477985200001,
            "median": 0.77253504522,
            "max": 0.88468588422,
            "min": 0.73980085122,
            "user": 0.34636838,
            "stddev": 0.05018842859494655,
            "system": 0.03378508,
            "commit": "1fafb266bd69833c406c2e2a33cec3be9ad1cad0",
            "version": "4.12.2"
        }
    ]
}