{
    "results": [
        {
            "command": null,
            "mean": 23.81935390085,
            "median": 23.770289452649997,
            "max": 25.10216786065,
            "min": 22.72571081565
        }
    ]
}