{
    "results": [
        {
            "command": null,
            "mean": 18.99267796277,
            "median": 18.969137727270002,
            "max": 19.623330523270003,
            "min": 18.51938088127
        }
    ]
}