{
    "results": [
        {
            "command": "npm install jquery",
            "mean": 13.046379142885002,
            "median": 12.918924537085001,
            "max": 13.897814515085,
            "min": 12.474339551085,
            "user": 12.314676009999998,
            "stddev": 0.46432677407269357,
            "system": 0.6223575049999999,
            "commit": "9dbf73e955fcb70b0a623c5ab89649b95146c744",
            "version": "6.0.0-6-next.23"
        }
    ]
}