{
    "results": [
        {
            "command": "npm install jquery",
            "mean": 13.417196288865,
            "median": 13.336903012365,
            "max": 14.955125979365,
            "min": 12.538800407365,
            "user": 12.502546989999997,
            "stddev": 0.6880784191696122,
            "system": 0.602641965,
            "commit": "54b17f4442f9ed8255656a66209476a220e94eea",
            "version": "5.1.0"
        }
    ]
}