{
    "results": [
        {
            "command": "npm install jquery",
            "mean": 16.162692319930002,
            "median": 16.11942510673,
            "max": 16.99634809023,
            "min": 15.56661356523,
            "user": 15.563244579999997,
            "stddev": 0.4034533675078576,
            "system": 0.76734721,
            "commit": "b261741ef692a6348ec86cd0e0811db08376c312",
            "version": "4.12.2"
        }
    ]
}