{
    "results": [
        {
            "command": "npm install jquery",
            "mean": 12.194092815714999,
            "median": 12.026168500915,
            "max": 13.141161711915,
            "min": 11.718041834915,
            "user": 11.49250745,
            "stddev": 0.4420572450898618,
            "system": 0.631918985,
            "commit": "4a6476c824722618d1834672a2a343d43d7c60c5",
            "version": "4.12.2"
        }
    ]
}