{
    "results": [
        {
            "command": "npm install jquery",
            "mean": 11.45367155877,
            "median": 11.38874640777,
            "max": 12.07557685777,
            "min": 10.84632887877,
            "user": 10.885331715000001,
            "stddev": 0.36215208567941626,
            "system": 0.6127364350000001,
            "commit": "9ae112e1295d5b533673be164c380c983959741b",
            "version": "5.1.3"
        }
    ]
}