{
    "results": [
        {
            "command": "npm install jquery",
            "mean": 11.345719000089998,
            "median": 11.256699007089999,
            "max": 12.14121581759,
            "min": 11.05453329759,
            "user": 10.767348155,
            "stddev": 0.3242599633773868,
            "system": 0.5505527849999999,
            "commit": "54b17f4442f9ed8255656a66209476a220e94eea",
            "version": "3.13.1"
        }
    ]
}