{
    "results": [
        {
            "command": "npm info jquery",
            "mean": 0.9425826285650001,
            "median": 0.9155133709650001,
            "max": 1.218042096465,
            "min": 0.8915017334650001,
            "user": 0.48001808500000004,
            "stddev": 0.0982600034621169,
            "system": 0.05696022499999999,
            "commit": "8ca5fe6d267038aa43ac943a076daabdca033376",
            "version": "4.12.1"
        }
    ]
}