{
    "results": [
        {
            "command": "npm install jquery",
            "mean": 15.916087447394997,
            "median": 15.711937411494999,
            "max": 18.245650291495,
            "min": 14.964554607495,
            "user": 14.938148745000001,
            "stddev": 0.8606960083464429,
            "system": 0.6748129199999999,
            "commit": "95ed3db43ce681824c9b40fa7eb8b09039d053ea",
            "version": "5.1.0"
        }
    ]
}