{
    "results": [
        {
            "command": "npm install jquery",
            "mean": 16.244885986754998,
            "median": 16.021880121355,
            "max": 18.178858379355,
            "min": 15.772038199355,
            "user": 15.597566035,
            "stddev": 0.7173828125916293,
            "system": 0.75901401,
            "commit": "586f1b06845b2c43e0f308915ab0a3c2c68999c2",
            "version": "3.13.1"
        }
    ]
}