{
    "results": [
        {
            "command": null,
            "mean": 1.25608492259,
            "median": 1.20838599689,
            "max": 1.62631094939,
            "min": 1.16831159439
        }
    ]
}