{
    "results": [
        {
            "command": null,
            "mean": 1.063777506125,
            "median": 1.051592241425,
            "max": 1.118364266425,
            "min": 1.028927731425
        }
    ]
}