{
    "results": [
        {
            "command": "npm install jquery",
            "mean": 13.68024388108,
            "median": 12.63988776638,
            "max": 17.78557529188,
            "min": 12.15894575388,
            "user": 13.100004704999998,
            "stddev": 2.1174978948977428,
            "system": 0.654073695,
            "commit": "586f1b06845b2c43e0f308915ab0a3c2c68999c2",
            "version": "4.12.2"
        }
    ]
}