{
    "results": [
        {
            "command": null,
            "mean": 16.244885986754998,
            "median": 16.021880121355,
            "max": 18.178858379355,
            "min": 15.772038199355
        }
    ]
}