{
    "results": [
        {
            "command": null,
            "mean": 1.5265596672050001,
            "median": 1.0345410720050001,
            "max": 6.039646224005,
            "min": 0.9245644430050001
        }
    ]
}