{
    "results": [
        {
            "command": null,
            "mean": 11.724319269305,
            "median": 11.677738775904999,
            "max": 12.313489467405,
            "min": 11.425552147405
        }
    ]
}