{
    "results": [
        {
            "command": "npm info jquery",
            "mean": 1.3043467186400002,
            "median": 1.28731110424,
            "max": 1.7332015497400002,
            "min": 1.0715645627400001,
            "user": 0.49800276,
            "stddev": 0.22343218313230365,
            "system": 0.05175541499999999,
            "commit": "a5019d89f330fa8e4edc9e628463e9e4ed821896",
            "version": "5.7.0"
        }
    ]
}