{
    "results": [
        {
            "command": null,
            "mean": 1.3043467186400002,
            "median": 1.28731110424,
            "max": 1.7332015497400002,
            "min": 1.0715645627400001
        }
    ]
}