{
    "results": [
        {
            "command": "npm info jquery",
            "mean": 1.2792731202899998,
            "median": 1.21075191389,
            "max": 1.6519902458900002,
            "min": 1.10509882189,
            "user": 0.53446317,
            "stddev": 0.17808003927664517,
            "system": 0.07046516500000001,
            "commit": "a5019d89f330fa8e4edc9e628463e9e4ed821896",
            "version": "4.12.2"
        }
    ]
}