{
    "results": [
        {
            "command": null,
            "mean": 0.8702497925900001,
            "median": 0.85149831309,
            "max": 0.9511779355900001,
            "min": 0.83020309159
        }
    ]
}