{
    "results": [
        {
            "command": "npm info jquery",
            "mean": 1.19386624369,
            "median": 1.02551240159,
            "max": 1.92695306859,
            "min": 0.8986927745900001,
            "user": 0.4640665499999999,
            "stddev": 0.39376284547787327,
            "system": 0.049103829999999994,
            "commit": "a5019d89f330fa8e4edc9e628463e9e4ed821896",
            "version": "3.13.1"
        }
    ]
}