{
    "results": [
        {
            "command": "npm info jquery",
            "mean": 0.8702497925900001,
            "median": 0.85149831309,
            "max": 0.9511779355900001,
            "min": 0.83020309159,
            "user": 0.43163157499999993,
            "stddev": 0.04137569414391164,
            "system": 0.04376303,
            "commit": "a5019d89f330fa8e4edc9e628463e9e4ed821896",
            "version": "6.0.0-6-next.35"
        }
    ]
}