{
    "results": [
        {
            "command": "npm install jquery",
            "mean": 10.462701104134998,
            "median": 10.400052220834999,
            "max": 10.935076382835,
            "min": 10.179007731835,
            "user": 9.8421608,
            "stddev": 0.2305397019108318,
            "system": 0.5633843250000001,
            "commit": "a5019d89f330fa8e4edc9e628463e9e4ed821896",
            "version": "3.13.1"
        }
    ]
}