{
    "results": [
        {
            "command": null,
            "mean": 1.2792731202899998,
            "median": 1.21075191389,
            "max": 1.6519902458900002,
            "min": 1.10509882189
        }
    ]
}