{
    "results": [
        {
            "command": null,
            "mean": 10.550373182855,
            "median": 10.521358449954999,
            "max": 11.035603052955,
            "min": 10.408918026955
        }
    ]
}