{
    "results": [
        {
            "command": null,
            "mean": 1.19386624369,
            "median": 1.02551240159,
            "max": 1.92695306859,
            "min": 0.8986927745900001
        }
    ]
}