{
    "results": [
        {
            "command": "npm install jquery",
            "mean": 11.724319269305,
            "median": 11.677738775904999,
            "max": 12.313489467405,
            "min": 11.425552147405,
            "user": 11.0584233,
            "stddev": 0.24607618873866574,
            "system": 0.6120748349999999,
            "commit": "a5019d89f330fa8e4edc9e628463e9e4ed821896",
            "version": "5.7.0"
        }
    ]
}