{
    "results": [
        {
            "command": "npm info jquery",
            "mean": 1.075945405785,
            "median": 1.077236608085,
            "max": 1.201122832085,
            "min": 1.013334161085,
            "user": 0.48062978,
            "stddev": 0.05267823387855171,
            "system": 0.043474059999999995,
            "commit": "7aff3dcb9c67247594ec54c507852a58caa10a17",
            "version": "4.12.1"
        }
    ]
}