{
    "results": [
        {
            "command": "npm install jquery",
            "mean": 11.756907980445,
            "median": 11.706395137845,
            "max": 12.705778018345,
            "min": 11.373198721345,
            "user": 11.137071955,
            "stddev": 0.3522636924419139,
            "system": 0.6242697999999999,
            "commit": "9ae112e1295d5b533673be164c380c983959741b",
            "version": "3.13.1"
        }
    ]
}