{
    "results": [
        {
            "command": "npm info jquery",
            "mean": 1.10625944574,
            "median": 1.08322411504,
            "max": 1.21819142054,
            "min": 1.04327235654,
            "user": 0.511702075,
            "stddev": 0.05743115633501698,
            "system": 0.05001658499999999,
            "commit": "73d34bf9c4d9e3318d1519e02f3ba24975c4c867",
            "version": "4.12.1"
        }
    ]
}