{
    "results": [
        {
            "command": null,
            "mean": 1.135552680015,
            "median": 1.119323807315,
            "max": 1.2826348738150002,
            "min": 1.039590925815
        }
    ]
}