{
    "results": [
        {
            "command": "npm install jquery",
            "mean": 10.238438445860002,
            "median": 9.829460418860002,
            "max": 12.05121855136,
            "min": 9.530478892360001,
            "user": 10.817462209999999,
            "stddev": 0.8852568317703831,
            "system": 0.5975500950000001,
            "commit": "14d973c552b6cda3a463c3b51ee0b6183f50107f",
            "version": "6.0.0-6-next.24"
        }
    ]
}