{
    "results": [
        {
            "command": null,
            "mean": 11.52511244249,
            "median": 11.311083048690001,
            "max": 12.43353575569,
            "min": 11.02571812869
        }
    ]
}