{
    "results": [
        {
            "command": "npm info jquery",
            "mean": 1.08672046949,
            "median": 1.01665989819,
            "max": 1.59641376819,
            "min": 0.9296787221900001,
            "user": 0.45819548499999996,
            "stddev": 0.2053608114332278,
            "system": 0.050516445,
            "commit": "14d973c552b6cda3a463c3b51ee0b6183f50107f",
            "version": "5.1.3"
        }
    ]
}