{
    "results": [
        {
            "command": null,
            "mean": 1.1517254351550001,
            "median": 1.145746652355,
            "max": 1.406403798355,
            "min": 0.9863176113550001
        }
    ]
}