{
    "results": [
        {
            "command": "npm info jquery",
            "mean": 1.07032825308,
            "median": 1.05219537958,
            "max": 1.19620589758,
            "min": 1.0196741115799999,
            "user": 0.4834872249999999,
            "stddev": 0.05745069685780404,
            "system": 0.04819340999999999,
            "commit": "625f529fe9d6ce2364b811ffca904fe9876a0050",
            "version": "3.13.1"
        }
    ]
}