{
    "results": [
        {
            "command": "npm install jquery",
            "mean": 11.559014838985,
            "median": 11.513082254385,
            "max": 12.460812408885001,
            "min": 11.192179463885001,
            "user": 10.796533964999998,
            "stddev": 0.37174850069965454,
            "system": 0.552757345,
            "commit": "f74a6a39e809b7c5047fde64dcd8b446d5977b54",
            "version": "3.13.1"
        }
    ]
}