{
    "results": [
        {
            "command": "npm info jquery",
            "mean": 1.151329540475,
            "median": 1.1242025181750002,
            "max": 1.256583370675,
            "min": 1.093308878675,
            "user": 0.541235625,
            "stddev": 0.05868761691004039,
            "system": 0.055849405000000005,
            "commit": "7dde848d0c093616816b5c32a4685f636ba0b90e",
            "version": "4.12.2"
        }
    ]
}