{
    "results": [
        {
            "command": null,
            "mean": 1.00320769552,
            "median": 0.94222399772,
            "max": 1.4000847092200002,
            "min": 0.89281875322
        }
    ]
}