{
    "results": [
        {
            "command": "npm info jquery",
            "mean": 1.00320769552,
            "median": 0.94222399772,
            "max": 1.4000847092200002,
            "min": 0.89281875322,
            "user": 0.5013802099999999,
            "stddev": 0.15095254725362542,
            "system": 0.05772013499999999,
            "commit": "9dbf73e955fcb70b0a623c5ab89649b95146c744",
            "version": "6.0.0-6-next.23"
        }
    ]
}