{
    "results": [
        {
            "command": "npm install jquery",
            "mean": 14.233381620775,
            "median": 13.143562030575001,
            "max": 19.234328474075,
            "min": 12.612586356075001,
            "user": 13.722145209999999,
            "stddev": 2.5350336824088506,
            "system": 0.7315319949999999,
            "commit": "9dbf73e955fcb70b0a623c5ab89649b95146c744",
            "version": "3.13.1"
        }
    ]
}