{
    "results": [
        {
            "command": null,
            "mean": 16.472481589250002,
            "median": 15.862793280950001,
            "max": 21.894290359950002,
            "min": 15.34794655195
        }
    ]
}