{
    "results": [
        {
            "command": null,
            "mean": 1.33446164808,
            "median": 1.31648185208,
            "max": 1.47152550958,
            "min": 1.2739098935800002
        }
    ]
}