{
    "results": [
        {
            "command": "npm install jquery",
            "mean": 15.828862270895002,
            "median": 15.640892513495,
            "max": 16.967600749495002,
            "min": 15.386000753495,
            "user": 15.024737374999997,
            "stddev": 0.4948636983093044,
            "system": 0.8069827599999998,
            "commit": "9dbf73e955fcb70b0a623c5ab89649b95146c744",
            "version": "6.0.0-6-next.23"
        }
    ]
}