{
    "results": [
        {
            "command": "npm info jquery",
            "mean": 1.00990761794,
            "median": 0.9976351369400001,
            "max": 1.10891331244,
            "min": 0.9707700184400001,
            "user": 0.4387396499999999,
            "stddev": 0.04007553492905602,
            "system": 0.04369647,
            "commit": "9dbf73e955fcb70b0a623c5ab89649b95146c744",
            "version": "4.12.2"
        }
    ]
}