{
    "results": [
        {
            "command": null,
            "mean": 1.215890708605,
            "median": 1.180680755405,
            "max": 1.448155049905,
            "min": 1.115130112905
        }
    ]
}