{
    "results": [
        {
            "command": null,
            "mean": 15.828862270895002,
            "median": 15.640892513495,
            "max": 16.967600749495002,
            "min": 15.386000753495
        }
    ]
}