{
    "results": [
        {
            "command": null,
            "mean": 13.811823428105,
            "median": 13.678980243805,
            "max": 15.153784410305,
            "min": 13.184408643305
        }
    ]
}