{
    "results": [
        {
            "command": null,
            "mean": 11.222773462845,
            "median": 11.129346579844999,
            "max": 11.975838865345,
            "min": 11.028484415345
        }
    ]
}