{
    "results": [
        {
            "command": null,
            "mean": 9.736424633259999,
            "median": 9.72053089686,
            "max": 10.41353878436,
            "min": 9.12790590636
        }
    ]
}