{
    "results": [
        {
            "command": "npm install jquery",
            "mean": 14.925897112465,
            "median": 14.697554915565,
            "max": 15.846420120065,
            "min": 14.487051936064999,
            "user": 14.189188095,
            "stddev": 0.4918472627880852,
            "system": 0.7446046350000001,
            "commit": "b261741ef692a6348ec86cd0e0811db08376c312",
            "version": "5.1.3"
        }
    ]
}