{
    "results": [
        {
            "command": "npm install jquery",
            "mean": 10.172011676015,
            "median": 10.259130283714999,
            "max": 10.694386383214999,
            "min": 9.361636689215,
            "user": 9.295841929999998,
            "stddev": 0.43173840256444523,
            "system": 0.5420024800000001,
            "commit": "f00cfb4f9787bb7c264946567dbaf366ae87d898",
            "version": "5.7.0"
        }
    ]
}