{
    "results": [
        {
            "command": null,
            "mean": 0.9988340628650001,
            "median": 0.9938362137650001,
            "max": 1.113680936265,
            "min": 0.946367143265
        }
    ]
}