{
    "results": [
        {
            "command": null,
            "mean": 0.98511164815,
            "median": 0.98971789975,
            "max": 1.03392077175,
            "min": 0.94777383275
        }
    ]
}