{
    "results": [
        {
            "command": null,
            "mean": 0.9197463542500002,
            "median": 0.9017703748500001,
            "max": 1.0652249333500001,
            "min": 0.8863950143500001
        }
    ]
}