{
    "results": [
        {
            "command": null,
            "mean": 5.42028930705,
            "median": 5.38709122435,
            "max": 5.93249434435,
            "min": 5.240543721350001
        }
    ]
}