{
    "results": [
        {
            "command": "npm info jquery",
            "mean": 0.9197463542500002,
            "median": 0.9017703748500001,
            "max": 1.0652249333500001,
            "min": 0.8863950143500001,
            "user": 0.44582050000000006,
            "stddev": 0.05402549299047112,
            "system": 0.051663715,
            "commit": "cca1f7f32aae8368180fa23af6472690f49867ae",
            "version": "6.0.0-6-next.30"
        }
    ]
}