{
    "results": [
        {
            "command": null,
            "mean": 16.68310414723,
            "median": 16.57229102933,
            "max": 18.16982708933,
            "min": 15.92616424333
        }
    ]
}