{
    "results": [
        {
            "command": null,
            "mean": 1.0442766206449998,
            "median": 1.003176155745,
            "max": 1.188530598745,
            "min": 0.971786490745
        }
    ]
}