{
    "results": [
        {
            "command": "npm info jquery",
            "mean": 1.09798611396,
            "median": 1.0799840393600002,
            "max": 1.2402369348600002,
            "min": 0.99672622686,
            "user": 0.46498507499999997,
            "stddev": 0.08383464706393322,
            "system": 0.04737289,
            "commit": "1042f9bf76d86b582bd779111487e193a2d731ab",
            "version": "4.12.2"
        }
    ]
}