{
    "results": [
        {
            "command": null,
            "mean": 12.82587890481,
            "median": 11.52400760171,
            "max": 16.02248839121,
            "min": 11.20714143921
        }
    ]
}