{
    "results": [
        {
            "command": null,
            "mean": 17.607285266695,
            "median": 16.728686413695,
            "max": 24.668373984195,
            "min": 16.262546353195003
        }
    ]
}