{
    "results": [
        {
            "command": "npm info jquery",
            "mean": 0.9595305490849999,
            "median": 0.9483742046850001,
            "max": 1.0647894061849998,
            "min": 0.903707683185,
            "user": 0.5040165400000001,
            "stddev": 0.044692301594961494,
            "system": 0.059589,
            "commit": "6218d7723d2d3cfae45330af767353b23dceb16b",
            "version": "3.13.1"
        }
    ]
}