{
    "results": [
        {
            "command": "npm install jquery",
            "mean": 14.092704933340002,
            "median": 14.04710777554,
            "max": 14.782834043040001,
            "min": 13.589825952040002,
            "user": 13.546501054999998,
            "stddev": 0.3638257448737077,
            "system": 0.6891757349999998,
            "commit": "d390a661582c67d4f7b2c8247a6247d7704984d3",
            "version": "3.13.1"
        }
    ]
}