{
    "results": [
        {
            "command": "npm install jquery",
            "mean": 10.53527589751,
            "median": 10.49099293001,
            "max": 11.097070678009999,
            "min": 10.24195911601,
            "user": 9.721196879999999,
            "stddev": 0.31733258718652413,
            "system": 0.5453556949999999,
            "commit": "83561bc52d3ec5a906d96e9f27aa6152d4522bdf",
            "version": "4.12.2"
        }
    ]
}