{
    "results": [
        {
            "command": null,
            "mean": 11.13628812937,
            "median": 11.04346719447,
            "max": 11.80178113497,
            "min": 10.78662815497
        }
    ]
}