{
    "results": [
        {
            "command": null,
            "mean": 12.736748583025001,
            "median": 12.564785695525,
            "max": 13.511958919525,
            "min": 12.364768604525
        }
    ]
}