{
    "results": [
        {
            "command": null,
            "mean": 11.826477665035,
            "median": 11.758396323135,
            "max": 13.093319167635,
            "min": 11.129968189635001
        }
    ]
}