{
    "results": [
        {
            "command": "npm info jquery",
            "mean": 0.8865711487650001,
            "median": 0.8621627568650001,
            "max": 1.051472106865,
            "min": 0.8478449488650001,
            "user": 0.420112645,
            "stddev": 0.06588957728171049,
            "system": 0.04833702499999999,
            "commit": "b261741ef692a6348ec86cd0e0811db08376c312",
            "version": "5.1.3"
        }
    ]
}