{
    "results": [
        {
            "command": "npm info jquery",
            "mean": 1.2726727855700002,
            "median": 1.26886346047,
            "max": 1.30704547597,
            "min": 1.2407102809700001,
            "user": 0.5449122399999999,
            "stddev": 0.021337571978801997,
            "system": 0.064204175,
            "commit": "b261741ef692a6348ec86cd0e0811db08376c312",
            "version": "4.12.2"
        }
    ]
}