{
    "results": [
        {
            "command": "npm install jquery",
            "mean": 11.826477665035,
            "median": 11.758396323135,
            "max": 13.093319167635,
            "min": 11.129968189635001,
            "user": 11.128406595000001,
            "stddev": 0.5431009354768002,
            "system": 0.572437085,
            "commit": "b261741ef692a6348ec86cd0e0811db08376c312",
            "version": "6.0.0-6-next.24"
        }
    ]
}