{
    "results": [
        {
            "command": null,
            "mean": 0.919414502755,
            "median": 0.8559351940550001,
            "max": 1.046593680555,
            "min": 0.827920259555
        }
    ]
}