{
    "results": [
        {
            "command": "npm install jquery",
            "mean": 12.736748583025001,
            "median": 12.564785695525,
            "max": 13.511958919525,
            "min": 12.364768604525,
            "user": 12.220010579999999,
            "stddev": 0.3808110898311612,
            "system": 0.6578422599999999,
            "commit": "b261741ef692a6348ec86cd0e0811db08376c312",
            "version": "4.12.2"
        }
    ]
}