{
    "results": [
        {
            "command": null,
            "mean": 1.1038818223950002,
            "median": 1.078702773795,
            "max": 1.3442384437950001,
            "min": 1.010102616795
        }
    ]
}