{
    "results": [
        {
            "command": null,
            "mean": 1.2726727855700002,
            "median": 1.26886346047,
            "max": 1.30704547597,
            "min": 1.2407102809700001
        }
    ]
}