{
    "results": [
        {
            "command": "npm info jquery",
            "mean": 1.1038818223950002,
            "median": 1.078702773795,
            "max": 1.3442384437950001,
            "min": 1.010102616795,
            "user": 0.47084698999999997,
            "stddev": 0.09587795809748148,
            "system": 0.051125655000000006,
            "commit": "b261741ef692a6348ec86cd0e0811db08376c312",
            "version": "6.0.0-6-next.24"
        }
    ]
}