{
    "results": [
        {
            "command": "npm install jquery",
            "mean": 10.51210869618,
            "median": 10.387885366279999,
            "max": 11.463455441279999,
            "min": 10.23238784328,
            "user": 9.868632029999997,
            "stddev": 0.35598354029650564,
            "system": 0.52878446,
            "commit": "d04153a8e5323d2fa6512f7b4e11f03eab6448f0",
            "version": "3.13.1"
        }
    ]
}