{
    "results": [
        {
            "command": "npm info jquery",
            "mean": 1.35109009994,
            "median": 1.2994300994399999,
            "max": 1.6794785959399998,
            "min": 1.2706732269399998,
            "user": 0.584708125,
            "stddev": 0.13330627025035194,
            "system": 0.062345374999999995,
            "commit": "4cd71c64091e8788b858b212b86d5286de160fe3",
            "version": "3.13.1"
        }
    ]
}