{
    "results": [
        {
            "command": null,
            "mean": 1.4928599547149999,
            "median": 1.2191789130150001,
            "max": 3.5268155120149998,
            "min": 1.0716246850150002
        }
    ]
}