{
    "results": [
        {
            "command": null,
            "mean": 11.07736961396,
            "median": 11.01750833966,
            "max": 11.93041191416,
            "min": 10.748023102160001
        }
    ]
}