{
    "results": [
        {
            "command": null,
            "mean": 1.585224736285,
            "median": 1.275600101985,
            "max": 2.974634747985,
            "min": 1.095478011985
        }
    ]
}