{
    "results": [
        {
            "command": "npm install jquery",
            "mean": 14.015922118454998,
            "median": 13.757132370855,
            "max": 14.860563807355,
            "min": 13.562991751355,
            "user": 13.267318859999998,
            "stddev": 0.5121897021670452,
            "system": 0.7093661499999999,
            "commit": "353a283b4035e951edcd64108843daae593636f2",
            "version": "6.0.0-6-next.24"
        }
    ]
}