{
    "results": [
        {
            "command": "npm info jquery",
            "mean": 0.9252105013949998,
            "median": 0.890879781395,
            "max": 1.077147335395,
            "min": 0.844826769395,
            "user": 0.45775761,
            "stddev": 0.08852748344940382,
            "system": 0.041476965,
            "commit": "90818700a3de6f3f29061111dc76e88210e277cd",
            "version": "4.12.2"
        }
    ]
}