{
    "results": [
        {
            "command": "npm info jquery",
            "mean": 0.8266927106149999,
            "median": 0.792136525515,
            "max": 1.0104326540150002,
            "min": 0.758754024015,
            "user": 0.360909265,
            "stddev": 0.0789532339528679,
            "system": 0.035126309999999994,
            "commit": "d3ce9c1b0a77cb330d84ffa523a6f1faa4833101",
            "version": "4.12.2"
        }
    ]
}