{
    "results": [
        {
            "command": null,
            "mean": 19.55252303783,
            "median": 19.393152258929998,
            "max": 20.77993198243,
            "min": 19.08643527643
        }
    ]
}