{
    "results": [
        {
            "command": null,
            "mean": 21.59750052485,
            "median": 21.38071602895,
            "max": 23.27491224745,
            "min": 20.76762170945
        }
    ]
}