{
    "results": [
        {
            "command": null,
            "mean": 1.03510518623,
            "median": 0.8769684575300001,
            "max": 1.6992662680300001,
            "min": 0.81137910903
        }
    ]
}