{
    "results": [
        {
            "command": null,
            "mean": 1.1163074236550001,
            "median": 1.014158965355,
            "max": 1.772769472355,
            "min": 0.8691307223550001
        }
    ]
}