{
    "results": [
        {
            "command": "npm install jquery",
            "mean": 19.55252303783,
            "median": 19.393152258929998,
            "max": 20.77993198243,
            "min": 19.08643527643,
            "user": 18.796059915000004,
            "stddev": 0.5290391325253178,
            "system": 0.91950711,
            "commit": "1fafb266bd69833c406c2e2a33cec3be9ad1cad0",
            "version": "5.7.0"
        }
    ]
}