{
    "results": [
        {
            "command": null,
            "mean": 1.0332839205700002,
            "median": 0.90475740807,
            "max": 1.75939868757,
            "min": 0.80851411257
        }
    ]
}