{
    "results": [
        {
            "command": null,
            "mean": 19.376317123150006,
            "median": 19.42721476825,
            "max": 20.30707205075,
            "min": 18.61589414275
        }
    ]
}