{
    "results": [
        {
            "command": "npm info jquery",
            "mean": 1.00086629624,
            "median": 0.9750291975400001,
            "max": 1.12428551704,
            "min": 0.94720604904,
            "user": 0.42399614499999994,
            "stddev": 0.05962963078473973,
            "system": 0.04594161499999999,
            "commit": "cf1b6cdb04d1050a972199b206431ea29e6eb3bc",
            "version": "5.1.3"
        }
    ]
}