{
    "results": [
        {
            "command": null,
            "mean": 12.60983027087,
            "median": 12.40900068917,
            "max": 13.46486251717,
            "min": 11.97682857917
        }
    ]
}