{
    "results": [
        {
            "command": "npm install jquery",
            "mean": 14.131631196025001,
            "median": 11.872290254925002,
            "max": 19.532384408925,
            "min": 11.649615572925,
            "user": 13.546868130000002,
            "stddev": 3.570737517778137,
            "system": 0.6515164199999999,
            "commit": "cf1b6cdb04d1050a972199b206431ea29e6eb3bc",
            "version": "4.12.2"
        }
    ]
}