{
    "results": [
        {
            "command": null,
            "mean": 1.053624055915,
            "median": 1.0542610192150002,
            "max": 1.1344708467150002,
            "min": 0.952566549715
        }
    ]
}