{
    "results": [
        {
            "command": "npm info jquery",
            "mean": 1.1743654117999998,
            "median": 1.1303430361,
            "max": 1.5503953976,
            "min": 1.0643071996,
            "user": 0.5429066149999999,
            "stddev": 0.13992622034733443,
            "system": 0.054652775,
            "commit": "cf1b6cdb04d1050a972199b206431ea29e6eb3bc",
            "version": "3.13.1"
        }
    ]
}