{
    "results": [
        {
            "command": null,
            "mean": 1.00086629624,
            "median": 0.9750291975400001,
            "max": 1.12428551704,
            "min": 0.94720604904
        }
    ]
}