{
    "results": [
        {
            "command": null,
            "mean": 1.0949839809,
            "median": 1.0854403221,
            "max": 1.3289916586,
            "min": 0.9725738656
        }
    ]
}