{
    "results": [
        {
            "command": null,
            "mean": 12.356691438155,
            "median": 11.694123798055,
            "max": 17.557173342055,
            "min": 11.331208506054999
        }
    ]
}