{
    "results": [
        {
            "command": "npm install jquery",
            "mean": 12.07711107597,
            "median": 12.02819885177,
            "max": 12.63398083177,
            "min": 11.50056256277,
            "user": 11.561298775000001,
            "stddev": 0.4224816187597483,
            "system": 0.60797513,
            "commit": "54b17f4442f9ed8255656a66209476a220e94eea",
            "version": "3.13.1"
        }
    ]
}