{
    "results": [
        {
            "command": "npm install jquery",
            "mean": 12.779876759455004,
            "median": 12.616126381155,
            "max": 13.698719361155,
            "min": 12.514284193155001,
            "user": 12.215396154999997,
            "stddev": 0.35325108484918105,
            "system": 0.6509810399999999,
            "commit": "7aff3dcb9c67247594ec54c507852a58caa10a17",
            "version": "4.12.1"
        }
    ]
}