{
    "results": [
        {
            "command": "npm info jquery",
            "mean": 0.9054975165450001,
            "median": 0.8682639083450001,
            "max": 1.210615295345,
            "min": 0.8314074343450001,
            "user": 0.414210865,
            "stddev": 0.11468088914781414,
            "system": 0.05658112,
            "commit": "5c36ec5f8f94e7defb20541004f7b79f473045d3",
            "version": "6.0.0-6-next.27"
        }
    ]
}