{
    "results": [
        {
            "command": "npm info jquery",
            "mean": 2.5712964748949996,
            "median": 3.065270334695,
            "max": 4.258762914695,
            "min": 0.9502320096950001,
            "user": 0.5123987299999999,
            "stddev": 1.2848406867432254,
            "system": 0.060966339999999994,
            "commit": "a2c3fa9ea756163efb40f9c1e66d43b9ab0d2b2c",
            "version": "5.7.0"
        }
    ]
}