{
    "results": [
        {
            "command": "npm install jquery",
            "mean": 15.7225682885,
            "median": 14.418496262400001,
            "max": 20.4037126124,
            "min": 14.153664324400001,
            "user": 16.664054495000002,
            "stddev": 2.4639794570583904,
            "system": 0.834821335,
            "commit": "2645ae2e48e2e7feb7cba414c83991269b169870",
            "version": "4.12.2"
        }
    ]
}