{
    "results": [
        {
            "command": "npm install jquery",
            "mean": 10.946921747865,
            "median": 10.863801658265,
            "max": 12.012617225765,
            "min": 10.628384728765,
            "user": 10.394645669999997,
            "stddev": 0.39558336246738457,
            "system": 0.54032509,
            "commit": "09a7cf345658047a85d44d0b85594c58270cdf26",
            "version": "4.12.1"
        }
    ]
}