{
    "results": [
        {
            "command": "npm info jquery",
            "mean": 1.0663984136,
            "median": 1.0017595943,
            "max": 1.2847222633000002,
            "min": 0.9667737393,
            "user": 0.54111336,
            "stddev": 0.11373084197721972,
            "system": 0.066203965,
            "commit": "a73b0a9d1cd3c7bd02e614124564274de98014c3",
            "version": "5.1.3"
        }
    ]
}