{
    "results": [
        {
            "command": "npm info jquery",
            "mean": 1.253509234305,
            "median": 1.2519081068049998,
            "max": 1.524233523305,
            "min": 0.9932820203050001,
            "user": 0.412982285,
            "stddev": 0.19973603855156144,
            "system": 0.047570379999999995,
            "commit": "aa0b2aa9df45edbfb26888468e805be906286b17",
            "version": "3.13.1"
        }
    ]
}