{
    "results": [
        {
            "command": "npm info jquery",
            "mean": 1.03852253565,
            "median": 1.04304852355,
            "max": 1.13974661605,
            "min": 0.93365689905,
            "user": 0.50756859,
            "stddev": 0.07336457629313108,
            "system": 0.05502804,
            "commit": "a73b0a9d1cd3c7bd02e614124564274de98014c3",
            "version": "4.12.2"
        }
    ]
}