{
    "results": [
        {
            "command": "npm info jquery",
            "mean": 1.2976291224999998,
            "median": 1.2709792277,
            "max": 1.4374290127,
            "min": 1.2304630387000002,
            "user": 0.5475633499999999,
            "stddev": 0.07163348128684843,
            "system": 0.06099769000000001,
            "commit": "c168b4e47a600d56f786a380d652478d7763153b",
            "version": "6.0.0-6-next.24"
        }
    ]
}