{
    "results": [
        {
            "command": "npm info jquery",
            "mean": 0.8553187461050001,
            "median": 0.833259995205,
            "max": 0.9563271482050001,
            "min": 0.803575185205,
            "user": 0.41289504,
            "stddev": 0.051340980440360895,
            "system": 0.038757219999999995,
            "commit": "9e29bf88909c14e71ca0547ac6026186cc19edc0",
            "version": "5.1.3"
        }
    ]
}