{
  "results": [
    {
      "command": "npm info jquery",
      "mean": 0.4706453559,
      "stddev": 0.043635967704905375,
      "median": 0.46247998570000004,
      "user": 0.39526891999999997,
      "system": 0.04409002,
      "min": 0.41911037570000004,
      "max": 0.5596274197,
      "times": [
        0.42095359270000005,
        0.4533173527,
        0.49913986970000007,
        0.49457217970000006,
        0.41911037570000004,
        0.5596274197,
        0.5005103567,
        0.4377107597,
        0.44986903370000003,
        0.4716426187
      ],
      "exit_codes": [
        0,
        0,
        0,
        0,
        0,
        0,
        0,
        0,
        0,
        0
      ]
    }
  ]
}
