{
  "results": [
    {
      "command": "npm info jquery",
      "mean": 0.51540960136,
      "stddev": 0.03334209020532425,
      "median": 0.50699762386,
      "user": 0.43744961999999993,
      "system": 0.042762879999999996,
      "min": 0.4939338253600001,
      "max": 0.60621530936,
      "times": [
        0.49722948136000006,
        0.49537918836000006,
        0.51102577136,
        0.50886106336,
        0.51368930436,
        0.60621530936,
        0.49785212136000007,
        0.4939338253600001,
        0.50513418436,
        0.5247757643600001
      ],
      "exit_codes": [
        0,
        0,
        0,
        0,
        0,
        0,
        0,
        0,
        0,
        0
      ]
    }
  ]
}
