{
  "results": [
    {
      "command": "npm info jquery",
      "mean": 0.4423344083000001,
      "stddev": 0.040789432499802145,
      "median": 0.4304427523,
      "user": 0.3704038,
      "system": 0.04126902,
      "min": 0.4178296548,
      "max": 0.5559245158,
      "times": [
        0.4289938298,
        0.4328451898,
        0.4411936198,
        0.5559245158,
        0.4186696678,
        0.4178296548,
        0.4278133118,
        0.4244565588,
        0.4318916748,
        0.4437260598
      ],
      "exit_codes": [
        0,
        0,
        0,
        0,
        0,
        0,
        0,
        0,
        0,
        0
      ]
    }
  ]
}
