{
  "results": [
    {
      "command": "npm info jquery",
      "mean": 0.41204102927999997,
      "stddev": 0.018884592769333467,
      "median": 0.40743783028,
      "user": 0.3570113,
      "system": 0.03935334,
      "min": 0.39165671328,
      "max": 0.45649884228,
      "times": [
        0.39416870628,
        0.41717405028,
        0.42281316228,
        0.45649884228,
        0.41996990728,
        0.40554533028,
        0.40865198228,
        0.40622367828,
        0.39165671328,
        0.39770792028
      ],
      "exit_codes": [
        0,
        0,
        0,
        0,
        0,
        0,
        0,
        0,
        0,
        0
      ]
    }
  ]
}
