{
    "results": [
        {
            "command": "npm info jquery",
            "mean": 1.252424479215,
            "median": 1.1128321632150002,
            "max": 2.048393143215,
            "min": 0.938352814215,
            "user": 0.53510251,
            "stddev": 0.3632186703236341,
            "system": 0.06224756499999999,
            "commit": "73b3479a3aa36ed295b39ecd45585ac57c320955",
            "version": "3.13.1"
        }
    ]
}