{
    "results": [
        {
            "command": "npm install jquery",
            "mean": 15.240208540915,
            "median": 15.161144557615,
            "max": 16.210249660615002,
            "min": 14.717213201615,
            "user": 14.620523889999998,
            "stddev": 0.38322016502742656,
            "system": 0.7559320700000001,
            "commit": "90818700a3de6f3f29061111dc76e88210e277cd",
            "version": "3.13.1"
        }
    ]
}