{
    "results": [
        {
            "command": "npm install jquery",
            "mean": 14.438615918954998,
            "median": 13.865526825555001,
            "max": 19.279451872554997,
            "min": 13.101589615555,
            "user": 14.05856157,
            "stddev": 1.7638203282339364,
            "system": 0.662958575,
            "commit": "1042f9bf76d86b582bd779111487e193a2d731ab",
            "version": "4.12.2"
        }
    ]
}