{
    "results": [
        {
            "command": "npm install jquery",
            "mean": 10.801604099734998,
            "median": 10.777808828935,
            "max": 11.622201408435,
            "min": 10.406162181434999,
            "user": 11.747891279999997,
            "stddev": 0.3368250505557776,
            "system": 0.608327085,
            "commit": "cf4489abb1625a8bc0a4c86d7e874c9e51204d37",
            "version": "3.13.1"
        }
    ]
}