{
    "results": [
        {
            "command": "npm install jquery",
            "mean": 17.485416392555003,
            "median": 16.597105333055,
            "max": 23.884439159055,
            "min": 16.328517789055,
            "user": 16.733709275000002,
            "stddev": 2.343290160385655,
            "system": 0.8644309550000001,
            "commit": "b6495d5b6c028fc7184912deaa1e7848846241a5",
            "version": "5.1.2"
        }
    ]
}