{
    "results": [
        {
            "command": "npm info jquery",
            "mean": 1.2036462626750002,
            "median": 1.1812732667749999,
            "max": 1.489342609775,
            "min": 0.999083394775,
            "user": 0.5786834949999999,
            "stddev": 0.18390182635967173,
            "system": 0.061785314999999986,
            "commit": "b78f35257e8a7284ccf30d948a73042da392f151",
            "version": "5.5.0"
        }
    ]
}