{
    "results": [
        {
            "command": "npm install jquery",
            "mean": 11.31996157482,
            "median": 11.18769333002,
            "max": 12.091609174519999,
            "min": 10.909597141519999,
            "user": 10.829727349999999,
            "stddev": 0.35513129492992496,
            "system": 0.613263495,
            "commit": "b78f35257e8a7284ccf30d948a73042da392f151",
            "version": "3.13.1"
        }
    ]
}