{
    "results": [
        {
            "command": "npm info jquery",
            "mean": 1.05151034332,
            "median": 1.02205439202,
            "max": 1.33687296002,
            "min": 0.89881419602,
            "user": 0.44391491499999997,
            "stddev": 0.16835809272429936,
            "system": 0.04883865499999999,
            "commit": "b78f35257e8a7284ccf30d948a73042da392f151",
            "version": "6.0.0-6-next.30"
        }
    ]
}