{
    "results": [
        {
            "command": "npm install jquery",
            "mean": 9.897444885394998,
            "median": 9.784436694395,
            "max": 10.551911147395,
            "min": 9.526596442394998,
            "user": 9.256117555,
            "stddev": 0.35104267823925284,
            "system": 0.5214891799999999,
            "commit": "b78f35257e8a7284ccf30d948a73042da392f151",
            "version": "4.12.2"
        }
    ]
}