{
    "results": [
        {
            "command": null,
            "mean": 1.2036462626750002,
            "median": 1.1812732667749999,
            "max": 1.489342609775,
            "min": 0.999083394775
        }
    ]
}