{
    "results": [
        {
            "command": null,
            "mean": 11.31996157482,
            "median": 11.18769333002,
            "max": 12.091609174519999,
            "min": 10.909597141519999
        }
    ]
}