{
    "results": [
        {
            "command": "npm info jquery",
            "mean": 1.4821755180050002,
            "median": 1.432572296505,
            "max": 2.0451169670050002,
            "min": 1.2540573480050001,
            "user": 0.558174085,
            "stddev": 0.24523607339654058,
            "system": 0.06941560500000002,
            "commit": "b78f35257e8a7284ccf30d948a73042da392f151",
            "version": "3.13.1"
        }
    ]
}