{
    "results": [
        {
            "command": null,
            "mean": 9.897444885394998,
            "median": 9.784436694395,
            "max": 10.551911147395,
            "min": 9.526596442394998
        }
    ]
}