{
    "results": [
        {
            "command": null,
            "mean": 9.349475954365,
            "median": 9.252215504065,
            "max": 10.350867047565,
            "min": 8.764038215565
        }
    ]
}