{
    "results": [
        {
            "command": null,
            "mean": 1.05151034332,
            "median": 1.02205439202,
            "max": 1.33687296002,
            "min": 0.89881419602
        }
    ]
}