{
    "results": [
        {
            "command": null,
            "mean": 9.50144201907,
            "median": 9.44641251917,
            "max": 10.498000454669999,
            "min": 9.01839276067
        }
    ]
}