{
    "results": [
        {
            "command": null,
            "mean": 0.9256661215650002,
            "median": 0.909394987465,
            "max": 1.0596889329649999,
            "min": 0.843040281965
        }
    ]
}