{
    "results": [
        {
            "command": "npm info jquery",
            "mean": 1.26861757728,
            "median": 1.24170124518,
            "max": 1.40101896268,
            "min": 1.19438368168,
            "user": 0.5238968299999999,
            "stddev": 0.07681097022810256,
            "system": 0.06337762999999999,
            "commit": "b261741ef692a6348ec86cd0e0811db08376c312",
            "version": "4.12.2"
        }
    ]
}