{
    "results": [
        {
            "command": "npm info jquery",
            "mean": 0.9480258173750002,
            "median": 0.9005430433750001,
            "max": 1.3771033878749999,
            "min": 0.8840660898750001,
            "user": 0.47449500999999994,
            "stddev": 0.15129487535568106,
            "system": 0.053099775,
            "commit": "90b8bc242c9f801b1b91c7f31d10348ab860c677",
            "version": "4.12.2"
        }
    ]
}