{
    "results": [
        {
            "command": "npm install jquery",
            "mean": 24.354100427884998,
            "median": 24.273745373284996,
            "max": 25.198294282284998,
            "min": 23.577090099284998,
            "user": 23.8760492,
            "stddev": 0.5197858568349075,
            "system": 1.162114115,
            "commit": "52ec6b41e3d02277d421dd78bfb83798ce8461c1",
            "version": "6.0.0-6-next.40"
        }
    ]
}