{
    "results": [
        {
            "command": "npm install jquery",
            "mean": 10.417437201279999,
            "median": 10.30178408728,
            "max": 11.607413833279999,
            "min": 10.03623202128,
            "user": 9.862443025,
            "stddev": 0.4561042399356069,
            "system": 0.51930601,
            "commit": "9dbf73e955fcb70b0a623c5ab89649b95146c744",
            "version": "4.12.2"
        }
    ]
}