{
    "results": [
        {
            "command": "npm info jquery",
            "mean": 1.2043521856650004,
            "median": 1.200918005865,
            "max": 1.350847961865,
            "min": 1.076200433865,
            "user": 0.50630312,
            "stddev": 0.09851047980207517,
            "system": 0.04917731,
            "commit": "4088cdef6ddf1aba074f00071ec40bbec4e1fda0",
            "version": "4.12.2"
        }
    ]
}