{
    "results": [
        {
            "command": null,
            "mean": 1.123580731745,
            "median": 1.1180463400449998,
            "max": 1.2715527255449999,
            "min": 1.032723457545
        }
    ]
}