{
    "results": [
        {
            "command": null,
            "mean": 16.933875607029997,
            "median": 16.80936600573,
            "max": 18.13598267373,
            "min": 16.55189095873
        }
    ]
}