{
    "results": [
        {
            "command": "npm info jquery",
            "mean": 1.123580731745,
            "median": 1.1180463400449998,
            "max": 1.2715527255449999,
            "min": 1.032723457545,
            "user": 0.5028749250000001,
            "stddev": 0.08693353105426394,
            "system": 0.0485361,
            "commit": "b6495d5b6c028fc7184912deaa1e7848846241a5",
            "version": "3.13.1"
        }
    ]
}