{
    "results": [
        {
            "command": null,
            "mean": 0.8302148135200001,
            "median": 0.80129130332,
            "max": 1.04174020482,
            "min": 0.7699156268200001
        }
    ]
}