{
    "results": [
        {
            "command": "npm info jquery",
            "mean": 0.863440878075,
            "median": 0.856003103875,
            "max": 0.996213861875,
            "min": 0.824059711875,
            "user": 0.41345978499999997,
            "stddev": 0.05084371310894509,
            "system": 0.03962359,
            "commit": "b6495d5b6c028fc7184912deaa1e7848846241a5",
            "version": "4.12.2"
        }
    ]
}