{
    "results": [
        {
            "command": null,
            "mean": 12.202697575299998,
            "median": 11.6842774994,
            "max": 16.541281726900003,
            "min": 11.3464017179
        }
    ]
}