{
    "results": [
        {
            "command": "npm info jquery",
            "mean": 1.1735652861399999,
            "median": 1.1327458585399999,
            "max": 1.44056406554,
            "min": 1.07232738354,
            "user": 0.51966457,
            "stddev": 0.12567457365807913,
            "system": 0.060626820000000005,
            "commit": "a88c72d0b21d3b248ced47c192653040a487cd98",
            "version": "4.12.2"
        }
    ]
}