{
    "results": [
        {
            "command": "npm info jquery",
            "mean": 0.8714701148700001,
            "median": 0.8465512536700001,
            "max": 0.99094710317,
            "min": 0.83340961817,
            "user": 0.41431574499999996,
            "stddev": 0.05580820109355616,
            "system": 0.04156527,
            "commit": "95ed3db43ce681824c9b40fa7eb8b09039d053ea",
            "version": "3.13.1"
        }
    ]
}