{
    "results": [
        {
            "command": "npm install jquery",
            "mean": 14.579002075675001,
            "median": 14.493976274375001,
            "max": 15.793143350875,
            "min": 14.090675392875001,
            "user": 13.917833640000001,
            "stddev": 0.480993746177618,
            "system": 0.68528179,
            "commit": "95ed3db43ce681824c9b40fa7eb8b09039d053ea",
            "version": "5.1.0"
        }
    ]
}