{
    "results": [
        {
            "command": null,
            "mean": 17.211718949805,
            "median": 16.987362721905,
            "max": 18.479240613905002,
            "min": 16.644180264905003
        }
    ]
}