{
    "results": [
        {
            "command": "npm install jquery",
            "mean": 17.211718949805,
            "median": 16.987362721905,
            "max": 18.479240613905002,
            "min": 16.644180264905003,
            "user": 15.985181389999997,
            "stddev": 0.6137100401737424,
            "system": 0.804658295,
            "commit": "95ed3db43ce681824c9b40fa7eb8b09039d053ea",
            "version": "4.12.1"
        }
    ]
}