{
    "results": [
        {
            "command": null,
            "mean": 14.406334019175,
            "median": 14.222032877175,
            "max": 15.918019946675,
            "min": 13.938024437675
        }
    ]
}