{
    "results": [
        {
            "command": "npm info jquery",
            "mean": 1.059744045685,
            "median": 1.057928997085,
            "max": 1.135507196585,
            "min": 1.0121507815850002,
            "user": 0.6065450699999999,
            "stddev": 0.033544404656441026,
            "system": 0.06924836000000001,
            "commit": "95ed3db43ce681824c9b40fa7eb8b09039d053ea",
            "version": "5.1.0"
        }
    ]
}