{
    "results": [
        {
            "command": "npm install jquery",
            "mean": 14.56366812397,
            "median": 14.48464612027,
            "max": 15.17998303927,
            "min": 13.96144444127,
            "user": 13.901103784999998,
            "stddev": 0.36280216175408014,
            "system": 0.7010475699999998,
            "commit": "90b8bc242c9f801b1b91c7f31d10348ab860c677",
            "version": "3.13.1"
        }
    ]
}