{
    "results": [
        {
            "command": null,
            "mean": 11.411293665480002,
            "median": 11.295810202880002,
            "max": 11.995916235880001,
            "min": 11.11056672988
        }
    ]
}