{
    "results": [
        {
            "command": "npm info jquery",
            "mean": 1.2642985472300001,
            "median": 1.29339086333,
            "max": 1.49957359933,
            "min": 0.9519269073300001,
            "user": 0.5226350449999999,
            "stddev": 0.15775727435820386,
            "system": 0.061946295000000005,
            "commit": "83561bc52d3ec5a906d96e9f27aa6152d4522bdf",
            "version": "4.12.2"
        }
    ]
}