{
    "results": [
        {
            "command": null,
            "mean": 1.2642985472300001,
            "median": 1.29339086333,
            "max": 1.49957359933,
            "min": 0.9519269073300001
        }
    ]
}