{
    "results": [
        {
            "command": null,
            "mean": 1.1950610023350001,
            "median": 1.209857826735,
            "max": 1.368978039235,
            "min": 1.025804704235
        }
    ]
}