{
    "results": [
        {
            "command": null,
            "mean": 12.070181426705,
            "median": 11.998862561105,
            "max": 12.857872196105,
            "min": 11.673296565105
        }
    ]
}