{
    "results": [
        {
            "command": "npm info jquery",
            "mean": 1.1950610023350001,
            "median": 1.209857826735,
            "max": 1.368978039235,
            "min": 1.025804704235,
            "user": 0.53458093,
            "stddev": 0.11876318187211776,
            "system": 0.067784315,
            "commit": "83561bc52d3ec5a906d96e9f27aa6152d4522bdf",
            "version": "3.13.1"
        }
    ]
}