{
    "results": [
        {
            "command": "npm install jquery",
            "mean": 11.59835907912,
            "median": 11.42296934972,
            "max": 12.76235939072,
            "min": 10.789650078720001,
            "user": 10.750898535,
            "stddev": 0.6359931631436376,
            "system": 0.5548939900000001,
            "commit": "95ed3db43ce681824c9b40fa7eb8b09039d053ea",
            "version": "3.13.1"
        }
    ]
}