{
    "results": [
        {
            "command": "npm info jquery",
            "mean": 0.923908392555,
            "median": 0.867048811855,
            "max": 1.106712988355,
            "min": 0.8373856623550001,
            "user": 0.435770765,
            "stddev": 0.09453425472221583,
            "system": 0.040874455,
            "commit": "b261741ef692a6348ec86cd0e0811db08376c312",
            "version": "3.13.1"
        }
    ]
}