{
    "results": [
        {
            "command": "npm install jquery",
            "mean": 17.52555733244,
            "median": 16.741479939839998,
            "max": 24.92928862634,
            "min": 16.335354050339998,
            "user": 16.586013174999998,
            "stddev": 2.612707612274608,
            "system": 0.8301592149999999,
            "commit": "0f0cbf2b2f86d576807e3298d736b09c1c02f524",
            "version": "4.12.2"
        }
    ]
}