{
    "results": [
        {
            "command": "npm info jquery",
            "mean": 0.9988340628650001,
            "median": 0.9938362137650001,
            "max": 1.113680936265,
            "min": 0.946367143265,
            "user": 0.42685131499999995,
            "stddev": 0.049492753954743035,
            "system": 0.048749085000000004,
            "commit": "f00cfb4f9787bb7c264946567dbaf366ae87d898",
            "version": "5.7.0"
        }
    ]
}