{
    "results": [
        {
            "command": "npm install jquery",
            "mean": 10.77705890327,
            "median": 10.71851603387,
            "max": 11.71763502887,
            "min": 10.424252798869999,
            "user": 10.095216619999999,
            "stddev": 0.3652406889759468,
            "system": 0.618865305,
            "commit": "4cd71c64091e8788b858b212b86d5286de160fe3",
            "version": "4.12.2"
        }
    ]
}