{
    "results": [
        {
            "command": "npm info jquery",
            "mean": 0.999442645015,
            "median": 0.9851464187150001,
            "max": 1.177623036715,
            "min": 0.9576481087150001,
            "user": 0.43170128500000005,
            "stddev": 0.06501782330924501,
            "system": 0.042856105,
            "commit": "2cf0371c0ef348036e0c121d8ab22a777bd295a3",
            "version": "5.3.0"
        }
    ]
}