{
    "results": [
        {
            "command": null,
            "mean": 15.429060962755003,
            "median": 15.403148466754999,
            "max": 15.723925148255,
            "min": 15.199438696255
        }
    ]
}