{
    "results": [
        {
            "command": "npm install jquery",
            "mean": 10.645711431885,
            "median": 10.622362006485002,
            "max": 11.213688392485,
            "min": 10.468530289485,
            "user": 9.977587924999998,
            "stddev": 0.21494282539247958,
            "system": 0.5572202199999999,
            "commit": "f1308178282f5fa31c3e52b728ddeb86e5c29367",
            "version": "5.5.2"
        }
    ]
}