{
    "results": [
        {
            "command": null,
            "mean": 1.33966779393,
            "median": 1.31312738543,
            "max": 1.62780868643,
            "min": 1.18948250143
        }
    ]
}