{
    "results": [
        {
            "command": null,
            "mean": 12.479237075185,
            "median": 12.507222890185,
            "max": 12.657272363685001,
            "min": 12.292964834685
        }
    ]
}