{
    "results": [
        {
            "command": "npm info jquery",
            "mean": 1.075032330505,
            "median": 0.9867263658050001,
            "max": 1.585969210805,
            "min": 0.912481303805,
            "user": 0.39639966,
            "stddev": 0.225664159421058,
            "system": 0.033010975,
            "commit": "f1308178282f5fa31c3e52b728ddeb86e5c29367",
            "version": "4.12.2"
        }
    ]
}