{
    "results": [
        {
            "command": "npm install jquery",
            "mean": 12.479237075185,
            "median": 12.507222890185,
            "max": 12.657272363685001,
            "min": 12.292964834685,
            "user": 11.955266799999999,
            "stddev": 0.12055149300270239,
            "system": 0.69680694,
            "commit": "f1308178282f5fa31c3e52b728ddeb86e5c29367",
            "version": "6.0.0-6-next.31"
        }
    ]
}