{
    "results": [
        {
            "command": "npm install jquery",
            "mean": 15.395735827540003,
            "median": 14.768615748440002,
            "max": 19.898005073940002,
            "min": 14.111758462940001,
            "user": 14.49190481,
            "stddev": 1.714128348524812,
            "system": 0.7339657199999999,
            "commit": "b261741ef692a6348ec86cd0e0811db08376c312",
            "version": "5.1.3"
        }
    ]
}