{
    "results": [
        {
            "command": "npm install jquery",
            "mean": 13.879091265190002,
            "median": 13.707169680789999,
            "max": 15.44500148379,
            "min": 13.537408436789999,
            "user": 12.938944369999998,
            "stddev": 0.5673262601319028,
            "system": 0.698214265,
            "commit": "06e400cb34094f00e05d3593d2a62ea827a7e0be",
            "version": "5.5.0"
        }
    ]
}