{
    "results": [
        {
            "command": "npm info jquery",
            "mean": 1.1105650490799999,
            "median": 1.06835263778,
            "max": 1.3023629377800001,
            "min": 0.9971405267800001,
            "user": 0.57993714,
            "stddev": 0.11487815140012851,
            "system": 0.070667425,
            "commit": "b261741ef692a6348ec86cd0e0811db08376c312",
            "version": "3.13.1"
        }
    ]
}