{
    "results": [
        {
            "command": "npm info jquery",
            "mean": 1.1522290814,
            "median": 1.1449478557,
            "max": 1.2468363442,
            "min": 1.0866741521999999,
            "user": 0.5767988299999999,
            "stddev": 0.05696340945826193,
            "system": 0.056689909999999996,
            "commit": "3fe8cb0406340f0fba783ecbd536875858bf3854",
            "version": "5.1.2"
        }
    ]
}