{
    "results": [
        {
            "command": "npm info jquery",
            "mean": 1.00269224892,
            "median": 0.9877503261200001,
            "max": 1.14923917062,
            "min": 0.9728954096200001,
            "user": 0.371623345,
            "stddev": 0.0522272322659009,
            "system": 0.04104878500000001,
            "commit": "fcbc4bb78167243b7a179f1a8a170eaebd290b4d",
            "version": "5.10.2"
        }
    ]
}