{
    "results": [
        {
            "command": "npm install jquery",
            "mean": 12.031707412205,
            "median": 11.971317873505,
            "max": 12.448958184005,
            "min": 11.841052335005001,
            "user": 11.472572505000002,
            "stddev": 0.18838977041745542,
            "system": 0.667733645,
            "commit": "4cd71c64091e8788b858b212b86d5286de160fe3",
            "version": "6.0.0-6-next.31"
        }
    ]
}