{
    "results": [
        {
            "command": "npm info jquery",
            "mean": 1.13444748922,
            "median": 1.12797708592,
            "max": 1.19618976842,
            "min": 1.07874441942,
            "user": 0.55486159,
            "stddev": 0.039889972120341385,
            "system": 0.054539815000000005,
            "commit": "95ed3db43ce681824c9b40fa7eb8b09039d053ea",
            "version": "4.12.1"
        }
    ]
}