{
    "results": [
        {
            "command": "npm info jquery",
            "mean": 1.0633355879950002,
            "median": 1.0265975003949999,
            "max": 1.280296993395,
            "min": 0.9723278463950001,
            "user": 0.42947942999999994,
            "stddev": 0.10225226447001948,
            "system": 0.04856191499999999,
            "commit": "255e41ffce77114251fef19b44654d1c0db7ca4a",
            "version": "6.0.0-6-next.24"
        }
    ]
}