{
    "results": [
        {
            "command": "npm install jquery",
            "mean": 10.913175390220001,
            "median": 10.73595016472,
            "max": 11.88080190922,
            "min": 10.564484697220001,
            "user": 9.864668675,
            "stddev": 0.4225576470532144,
            "system": 0.55762521,
            "commit": "d36beaf650acff98a6d6119a1af2545169075eb3",
            "version": "6.0.0-6-next.27"
        }
    ]
}