{
    "results": [
        {
            "command": "npm install jquery",
            "mean": 12.370433959615001,
            "median": 11.889339278515001,
            "max": 14.356716352015,
            "min": 11.574754167015001,
            "user": 12.799970754999999,
            "stddev": 0.890583628583232,
            "system": 0.6532627850000001,
            "commit": "2645ae2e48e2e7feb7cba414c83991269b169870",
            "version": "5.1.2"
        }
    ]
}