{
    "results": [
        {
            "command": "npm install jquery",
            "mean": 17.200859133775005,
            "median": 17.205332816975,
            "max": 17.931916910475,
            "min": 16.714831619475,
            "user": 16.49552491,
            "stddev": 0.4006191098686927,
            "system": 0.8221763500000001,
            "commit": "95ed3db43ce681824c9b40fa7eb8b09039d053ea",
            "version": "5.1.0"
        }
    ]
}