{
    "results": [
        {
            "command": null,
            "mean": 1.22584873485,
            "median": 1.18759274135,
            "max": 1.3323508418499999,
            "min": 1.11387989385
        }
    ]
}