{
    "results": [
        {
            "command": null,
            "mean": 1.0959948651700002,
            "median": 1.0811831121700002,
            "max": 1.20613901067,
            "min": 1.0465030206700001
        }
    ]
}