{
    "results": [
        {
            "command": null,
            "mean": 22.579022885815,
            "median": 22.440602949515,
            "max": 23.643304260515002,
            "min": 21.777943932515
        }
    ]
}