{
    "results": [
        {
            "command": "npm install jquery",
            "mean": 24.215483675805004,
            "median": 24.208506610305,
            "max": 24.938771208305003,
            "min": 23.655914100305,
            "user": 23.572795954999997,
            "stddev": 0.41418789233399916,
            "system": 1.0892463550000002,
            "commit": "d7dec2695fa11347c3cf7fc162210629028afb2b",
            "version": "4.12.2"
        }
    ]
}