{
    "results": [
        {
            "command": "npm install jquery",
            "mean": 28.032128152100007,
            "median": 28.1481074513,
            "max": 29.019350015300002,
            "min": 26.460815010300003,
            "user": 27.056182695,
            "stddev": 0.750269531959463,
            "system": 1.3320312950000002,
            "commit": "d7dec2695fa11347c3cf7fc162210629028afb2b",
            "version": "6.0.0-6-next.40"
        }
    ]
}