{
    "results": [
        {
            "command": null,
            "mean": 0.784018543315,
            "median": 0.774302981515,
            "max": 0.8698267175150001,
            "min": 0.752831884515
        }
    ]
}