{
    "results": [
        {
            "command": null,
            "mean": 25.126288389715,
            "median": 24.861846520015,
            "max": 26.099267396015,
            "min": 24.324891636015003
        }
    ]
}