{
    "results": [
        {
            "command": "npm info jquery",
            "mean": 1.13010201236,
            "median": 1.15355868876,
            "max": 1.19464310526,
            "min": 1.04827656026,
            "user": 0.517973035,
            "stddev": 0.057041692099221046,
            "system": 0.06166082500000001,
            "commit": "95ed3db43ce681824c9b40fa7eb8b09039d053ea",
            "version": "4.12.1"
        }
    ]
}