{
    "results": [
        {
            "command": "npm info jquery",
            "mean": 0.98019836912,
            "median": 0.9603487285200001,
            "max": 1.05136763302,
            "min": 0.9351728880200001,
            "user": 0.51741857,
            "stddev": 0.04035451154541305,
            "system": 0.05808544499999999,
            "commit": "9dbf73e955fcb70b0a623c5ab89649b95146c744",
            "version": "3.13.1"
        }
    ]
}