{
    "results": [
        {
            "command": "npm install jquery",
            "mean": 16.68310414723,
            "median": 16.57229102933,
            "max": 18.16982708933,
            "min": 15.92616424333,
            "user": 15.895810095000002,
            "stddev": 0.6426859381903403,
            "system": 0.7895170850000001,
            "commit": "1042f9bf76d86b582bd779111487e193a2d731ab",
            "version": "4.12.2"
        }
    ]
}