{
    "results": [
        {
            "command": "npm info jquery",
            "mean": 0.981609720575,
            "median": 0.985003964975,
            "max": 1.011726096475,
            "min": 0.9476400904750001,
            "user": 0.544124985,
            "stddev": 0.021377312743191886,
            "system": 0.055754105,
            "commit": "3d45cecf04827712eb724a113e415dbda8ea2d90",
            "version": "3.13.1"
        }
    ]
}