{
    "results": [
        {
            "command": "npm info jquery",
            "mean": 0.93894424,
            "median": 0.9148151973,
            "max": 1.0408006678000001,
            "min": 0.9017066298,
            "user": 0.47448604000000005,
            "stddev": 0.05145234094200152,
            "system": 0.051298979999999994,
            "commit": "14671d8a10df9756f8990ac43a57d4c901e6a478",
            "version": "3.13.1"
        }
    ]
}