{
    "results": [
        {
            "command": null,
            "mean": 12.030919078804997,
            "median": 11.918637579004999,
            "max": 12.505179167005,
            "min": 11.508861204005
        }
    ]
}