{
    "results": [
        {
            "command": "npm info jquery",
            "mean": 1.0889976448849998,
            "median": 1.054772501285,
            "max": 1.357234897785,
            "min": 0.963776456785,
            "user": 0.434352435,
            "stddev": 0.11583391733034656,
            "system": 0.049885059999999995,
            "commit": "f00cfb4f9787bb7c264946567dbaf366ae87d898",
            "version": "6.0.0-6-next.35"
        }
    ]
}