{
    "results": [
        {
            "command": null,
            "mean": 0.9545779366500001,
            "median": 0.9271833474500002,
            "max": 1.0568176194499999,
            "min": 0.9010671694500001
        }
    ]
}