{
    "results": [
        {
            "command": "npm info jquery",
            "mean": 0.9103590925350001,
            "median": 0.8677964559350001,
            "max": 1.123531913935,
            "min": 0.8551068449350001,
            "user": 0.44540036999999993,
            "stddev": 0.09742771054981936,
            "system": 0.05094292,
            "commit": "f00cfb4f9787bb7c264946567dbaf366ae87d898",
            "version": "4.12.2"
        }
    ]
}