{
    "results": [
        {
            "command": null,
            "mean": 0.9712500091550001,
            "median": 0.9434345164550001,
            "max": 1.2012289109549998,
            "min": 0.9367597029550001
        }
    ]
}