{
    "results": [
        {
            "command": null,
            "mean": 11.166176635645,
            "median": 11.184160980145002,
            "max": 11.400879394645,
            "min": 10.953978672645
        }
    ]
}