{
    "results": [
        {
            "command": null,
            "mean": 10.78615593129,
            "median": 10.78087239979,
            "max": 11.119689180790001,
            "min": 10.48271849779
        }
    ]
}