{
    "results": [
        {
            "command": null,
            "mean": 1.0889976448849998,
            "median": 1.054772501285,
            "max": 1.357234897785,
            "min": 0.963776456785
        }
    ]
}