{
    "results": [
        {
            "command": "npm info jquery",
            "mean": 0.828753937525,
            "median": 0.830006185425,
            "max": 0.8418074804250001,
            "min": 0.8107235814250001,
            "user": 0.41083612,
            "stddev": 0.008621426967902511,
            "system": 0.047827785,
            "commit": "54b17f4442f9ed8255656a66209476a220e94eea",
            "version": "5.1.0"
        }
    ]
}