{
    "results": [
        {
            "command": "npm info jquery",
            "mean": 1.0819509243899998,
            "median": 1.08149161949,
            "max": 1.12317353649,
            "min": 1.04096053949,
            "user": 0.51531124,
            "stddev": 0.02849273997997106,
            "system": 0.06023524499999999,
            "commit": "b6495d5b6c028fc7184912deaa1e7848846241a5",
            "version": "4.12.2"
        }
    ]
}