{
    "results": [
        {
            "command": "npm info jquery",
            "mean": 1.29860791635,
            "median": 1.2352556081500001,
            "max": 1.60641970615,
            "min": 1.1567290621500002,
            "user": 0.47934140000000003,
            "stddev": 0.14091022303766831,
            "system": 0.05814465500000001,
            "commit": "44be7b94b7d02a9dfdb5a26cdc9726f2d9cdae1f",
            "version": "6.0.0-6-next.35"
        }
    ]
}