{
    "results": [
        {
            "command": "npm info jquery",
            "mean": 1.0111161322249997,
            "median": 0.972179336825,
            "max": 1.268963697325,
            "min": 0.935830559325,
            "user": 0.5218305750000001,
            "stddev": 0.10156483574511083,
            "system": 0.05270402,
            "commit": "95ed3db43ce681824c9b40fa7eb8b09039d053ea",
            "version": "5.1.0"
        }
    ]
}