{
    "results": [
        {
            "command": "npm info jquery",
            "mean": 0.9950522328450001,
            "median": 0.9522856634450001,
            "max": 1.111349883945,
            "min": 0.924706183945,
            "user": 0.5002824,
            "stddev": 0.07564601324556647,
            "system": 0.06032913499999999,
            "commit": "d04153a8e5323d2fa6512f7b4e11f03eab6448f0",
            "version": "6.0.0-6-next.27"
        }
    ]
}