{
    "results": [
        {
            "command": "npm info jquery",
            "mean": 0.9627308893999998,
            "median": 0.9515928070999999,
            "max": 1.0218455660999999,
            "min": 0.9152946421,
            "user": 0.536262845,
            "stddev": 0.03558320112993913,
            "system": 0.050596224999999995,
            "commit": "54b17f4442f9ed8255656a66209476a220e94eea",
            "version": "4.12.1"
        }
    ]
}