{
    "results": [
        {
            "command": "npm info jquery",
            "mean": 0.8567881502700001,
            "median": 0.83676098857,
            "max": 1.03354604657,
            "min": 0.8024034425700001,
            "user": 0.392346165,
            "stddev": 0.06950004021475345,
            "system": 0.048860959999999995,
            "commit": "7346876680f3d8ac8f9e1a51f7f603b46edde2cb",
            "version": "6.0.0-6-next.27"
        }
    ]
}