{
    "results": [
        {
            "command": "npm install jquery",
            "mean": 13.46851437087,
            "median": 13.43624476037,
            "max": 14.44590585687,
            "min": 13.111498851870001,
            "user": 12.993398429999996,
            "stddev": 0.38414555067386613,
            "system": 0.710257915,
            "commit": "353a283b4035e951edcd64108843daae593636f2",
            "version": "4.12.2"
        }
    ]
}