{
    "results": [
        {
            "command": "npm install jquery",
            "mean": 14.729350336685002,
            "median": 14.649638801585,
            "max": 15.991548115585001,
            "min": 14.328250551585,
            "user": 13.651818790000002,
            "stddev": 0.47110046647361503,
            "system": 0.746201575,
            "commit": "d04153a8e5323d2fa6512f7b4e11f03eab6448f0",
            "version": "4.12.2"
        }
    ]
}