{
    "results": [
        {
            "command": "npm info jquery",
            "mean": 1.27629587816,
            "median": 1.2512963579599998,
            "max": 1.45243752646,
            "min": 1.21233078946,
            "user": 0.5442644750000001,
            "stddev": 0.07040602385275226,
            "system": 0.057910309999999986,
            "commit": "d04153a8e5323d2fa6512f7b4e11f03eab6448f0",
            "version": "6.0.0-6-next.27"
        }
    ]
}