{
    "results": [
        {
            "command": null,
            "mean": 14.729350336685002,
            "median": 14.649638801585,
            "max": 15.991548115585001,
            "min": 14.328250551585
        }
    ]
}