{
    "results": [
        {
            "command": "npm info jquery",
            "mean": 0.8395138256100001,
            "median": 0.82208285491,
            "max": 0.95839189291,
            "min": 0.81457816991,
            "user": 0.41505010999999997,
            "stddev": 0.04378582286011896,
            "system": 0.040134635,
            "commit": "d04153a8e5323d2fa6512f7b4e11f03eab6448f0",
            "version": "4.12.2"
        }
    ]
}