{
    "results": [
        {
            "command": null,
            "mean": 10.51210869618,
            "median": 10.387885366279999,
            "max": 11.463455441279999,
            "min": 10.23238784328
        }
    ]
}