{
    "results": [
        {
            "command": null,
            "mean": 15.495320300769999,
            "median": 15.01077423157,
            "max": 19.91728558707,
            "min": 14.48444855607
        }
    ]
}