{
    "results": [
        {
            "command": "npm info jquery",
            "mean": 1.231990735145,
            "median": 1.228426571045,
            "max": 1.2950999830449998,
            "min": 1.2084010940449998,
            "user": 0.5229398049999999,
            "stddev": 0.02457915892894841,
            "system": 0.059989225,
            "commit": "d04153a8e5323d2fa6512f7b4e11f03eab6448f0",
            "version": "5.2.2"
        }
    ]
}