{
    "results": [
        {
            "command": null,
            "mean": 1.034976690065,
            "median": 1.0086070395650002,
            "max": 1.243522900065,
            "min": 0.993563756065
        }
    ]
}