{
    "results": [
        {
            "command": "npm install jquery",
            "mean": 10.62228800005,
            "median": 10.42037229355,
            "max": 12.05477148505,
            "min": 10.13209014505,
            "user": 9.75825903,
            "stddev": 0.585594192344343,
            "system": 0.54850208,
            "commit": "d04153a8e5323d2fa6512f7b4e11f03eab6448f0",
            "version": "5.2.2"
        }
    ]
}