{
    "results": [
        {
            "command": null,
            "mean": 1.27629587816,
            "median": 1.2512963579599998,
            "max": 1.45243752646,
            "min": 1.21233078946
        }
    ]
}