{
    "results": [
        {
            "command": null,
            "mean": 0.8395138256100001,
            "median": 0.82208285491,
            "max": 0.95839189291,
            "min": 0.81457816991
        }
    ]
}