{
    "results": [
        {
            "command": "npm info jquery",
            "mean": 0.961266464465,
            "median": 0.8825420380650001,
            "max": 1.377018291565,
            "min": 0.864349496565,
            "user": 0.43953955999999994,
            "stddev": 0.1669421941342426,
            "system": 0.048509369999999996,
            "commit": "9ae112e1295d5b533673be164c380c983959741b",
            "version": "6.0.0-6-next.24"
        }
    ]
}