{
    "results": [
        {
            "command": "npm info jquery",
            "mean": 1.163181146655,
            "median": 1.086095285555,
            "max": 1.546091628555,
            "min": 0.9951585845550001,
            "user": 0.56199941,
            "stddev": 0.1808995242468023,
            "system": 0.0573663,
            "commit": "3d45cecf04827712eb724a113e415dbda8ea2d90",
            "version": "5.1.0"
        }
    ]
}