{
    "results": [
        {
            "command": "npm info jquery",
            "mean": 1.105382044305,
            "median": 1.1092966102050001,
            "max": 1.2519538192050002,
            "min": 0.955594140205,
            "user": 0.4261986350000001,
            "stddev": 0.10263041603149167,
            "system": 0.04255114,
            "commit": "f74a6a39e809b7c5047fde64dcd8b446d5977b54",
            "version": "5.1.0"
        }
    ]
}