{
    "results": [
        {
            "command": null,
            "mean": 19.796430525079998,
            "median": 19.72171948018,
            "max": 20.29390993268,
            "min": 19.45771172768
        }
    ]
}