{
    "results": [
        {
            "command": "npm info jquery",
            "mean": 0.76860955982,
            "median": 0.7505776846200001,
            "max": 0.9160895896200001,
            "min": 0.7343179896200001,
            "user": 0.35256281500000003,
            "stddev": 0.053514650251593666,
            "system": 0.03165436499999999,
            "commit": "91a8b13442ace72720ab7ff4edbd9cf2d361149e",
            "version": "3.13.1"
        }
    ]
}