{
    "results": [
        {
            "command": null,
            "mean": 20.56941545171,
            "median": 20.627206297409998,
            "max": 20.90001960541,
            "min": 19.91794387141
        }
    ]
}