{
    "results": [
        {
            "command": null,
            "mean": 17.822190526495,
            "median": 17.796769391895,
            "max": 18.172877932395,
            "min": 17.464469056395
        }
    ]
}