{
    "results": [
        {
            "command": null,
            "mean": 0.9488136904950002,
            "median": 0.9181511236950001,
            "max": 1.1009538246950001,
            "min": 0.868350232695
        }
    ]
}