{
    "results": [
        {
            "command": null,
            "mean": 23.156260451269997,
            "median": 23.320142188669998,
            "max": 23.83827822017,
            "min": 22.008268371169997
        }
    ]
}