{
    "results": [
        {
            "command": null,
            "mean": 1.011621274495,
            "median": 0.9722586365950001,
            "max": 1.163846419095,
            "min": 0.9271593610950001
        }
    ]
}