{
    "results": [
        {
            "command": null,
            "mean": 10.791730541004998,
            "median": 10.728698543005,
            "max": 11.629404479005,
            "min": 10.484881481005
        }
    ]
}