{
    "results": [
        {
            "command": "npm info jquery",
            "mean": 0.9707003949899999,
            "median": 0.93621979469,
            "max": 1.10359652869,
            "min": 0.89462995669,
            "user": 0.49623611999999995,
            "stddev": 0.07658305076870286,
            "system": 0.047957275,
            "commit": "2197d08e425086d721b5da8f7dfe03130ab140df",
            "version": "5.1.0"
        }
    ]
}