{
    "results": [
        {
            "command": null,
            "mean": 0.9707003949899999,
            "median": 0.93621979469,
            "max": 1.10359652869,
            "min": 0.89462995669
        }
    ]
}