{
    "results": [
        {
            "command": "npm info jquery",
            "mean": 0.8358586867200002,
            "median": 0.8364012079200001,
            "max": 0.8570431849200001,
            "min": 0.81151307392,
            "user": 0.42174550999999993,
            "stddev": 0.012459681274639393,
            "system": 0.04151006,
            "commit": "95ed3db43ce681824c9b40fa7eb8b09039d053ea",
            "version": "4.12.1"
        }
    ]
}