{
    "results": [
        {
            "command": null,
            "mean": 1.09080074646,
            "median": 1.06387954926,
            "max": 1.25830989676,
            "min": 1.02339459476
        }
    ]
}