{
    "results": [
        {
            "command": "npm install jquery",
            "mean": 13.721757188875,
            "median": 13.967253489375,
            "max": 15.670151426875,
            "min": 12.483479282874999,
            "user": 13.135117949999998,
            "stddev": 0.9635365955592556,
            "system": 0.71370468,
            "commit": "a73b0a9d1cd3c7bd02e614124564274de98014c3",
            "version": "5.1.3"
        }
    ]
}