{
    "results": [
        {
            "command": "npm install jquery",
            "mean": 10.816261655580002,
            "median": 10.84984836848,
            "max": 11.45282447398,
            "min": 10.016700632980001,
            "user": 10.24734623,
            "stddev": 0.46605177489126765,
            "system": 0.530767335,
            "commit": "54b17f4442f9ed8255656a66209476a220e94eea",
            "version": "5.1.0"
        }
    ]
}