{
    "results": [
        {
            "command": null,
            "mean": 10.29786056281,
            "median": 10.181014941809998,
            "max": 10.757485651309999,
            "min": 10.01780495131
        }
    ]
}