{
    "results": [
        {
            "command": null,
            "mean": 10.33428001306,
            "median": 10.25026481576,
            "max": 10.80010920326,
            "min": 10.05529350926
        }
    ]
}