{
    "results": [
        {
            "command": "npm info jquery",
            "mean": 0.9932127786599999,
            "median": 0.9850370051600001,
            "max": 1.0385049831600002,
            "min": 0.97112085416,
            "user": 0.4305618,
            "stddev": 0.024841317324178415,
            "system": 0.043875985,
            "commit": "4cd71c64091e8788b858b212b86d5286de160fe3",
            "version": "4.12.2"
        }
    ]
}