{
    "results": [
        {
            "command": "npm info jquery",
            "mean": 1.36792797933,
            "median": 1.33053550123,
            "max": 1.51108980073,
            "min": 1.2965730757299998,
            "user": 0.6060712999999999,
            "stddev": 0.07896991009438582,
            "system": 0.06082092499999999,
            "commit": "4cd71c64091e8788b858b212b86d5286de160fe3",
            "version": "5.5.2"
        }
    ]
}