{
    "results": [
        {
            "command": "npm info jquery",
            "mean": 1.284520925765,
            "median": 1.274056182365,
            "max": 1.424854496365,
            "min": 1.233391033365,
            "user": 0.5470490499999999,
            "stddev": 0.053545032864818355,
            "system": 0.057403209999999996,
            "commit": "4cd71c64091e8788b858b212b86d5286de160fe3",
            "version": "6.0.0-6-next.31"
        }
    ]
}