{
    "results": [
        {
            "command": "npm install jquery",
            "mean": 10.33428001306,
            "median": 10.25026481576,
            "max": 10.80010920326,
            "min": 10.05529350926,
            "user": 9.531187319999999,
            "stddev": 0.2238441521949235,
            "system": 0.5244928750000001,
            "commit": "4cd71c64091e8788b858b212b86d5286de160fe3",
            "version": "6.0.0-6-next.31"
        }
    ]
}