{
    "results": [
        {
            "command": "npm install jquery",
            "mean": 10.29786056281,
            "median": 10.181014941809998,
            "max": 10.757485651309999,
            "min": 10.01780495131,
            "user": 9.339330205,
            "stddev": 0.28642129582346726,
            "system": 0.5186510099999999,
            "commit": "4cd71c64091e8788b858b212b86d5286de160fe3",
            "version": "4.12.2"
        }
    ]
}