{
    "results": [
        {
            "command": "npm install jquery",
            "mean": 9.918926203435001,
            "median": 9.911082891635001,
            "max": 10.368808136635,
            "min": 9.377046819635,
            "user": 8.985880954999999,
            "stddev": 0.307165209937595,
            "system": 0.50967071,
            "commit": "4cd71c64091e8788b858b212b86d5286de160fe3",
            "version": "3.13.1"
        }
    ]
}