{
    "results": [
        {
            "command": "npm info jquery",
            "mean": 1.0031513370299998,
            "median": 1.00517951733,
            "max": 1.0287443133299998,
            "min": 0.9589069363300001,
            "user": 0.43060694999999993,
            "stddev": 0.022081531961265232,
            "system": 0.050863875,
            "commit": "6021d05f416de16d80c216177770f24fcedbca93",
            "version": "5.2.2"
        }
    ]
}