{
    "results": [
        {
            "command": "npm info jquery",
            "mean": 0.9380677960149999,
            "median": 0.905987201315,
            "max": 1.048204593315,
            "min": 0.896301836315,
            "user": 0.48431771499999987,
            "stddev": 0.05948803167335612,
            "system": 0.045036864999999995,
            "commit": "3fe8cb0406340f0fba783ecbd536875858bf3854",
            "version": "3.13.1"
        }
    ]
}