{
    "results": [
        {
            "command": "npm info jquery",
            "mean": 1.2503964129949998,
            "median": 1.211349584695,
            "max": 1.4814218851949998,
            "min": 1.1828358291949999,
            "user": 0.5098215999999998,
            "stddev": 0.09837787001859156,
            "system": 0.051948444999999996,
            "commit": "f625c114bb5078200503bd165a495f4cd52a6e44",
            "version": "5.1.2"
        }
    ]
}