{
    "results": [
        {
            "command": null,
            "mean": 0.920981453535,
            "median": 0.9151089731350001,
            "max": 0.9691833386350001,
            "min": 0.894040831635
        }
    ]
}