{
    "results": [
        {
            "command": "npm install jquery",
            "mean": 14.07088231985,
            "median": 13.933904533549999,
            "max": 15.48447731555,
            "min": 13.676797037550001,
            "user": 13.18364091,
            "stddev": 0.5304315067685942,
            "system": 0.635284585,
            "commit": "73d34bf9c4d9e3318d1519e02f3ba24975c4c867",
            "version": "5.1.0"
        }
    ]
}