{
    "results": [
        {
            "command": null,
            "mean": 14.07088231985,
            "median": 13.933904533549999,
            "max": 15.48447731555,
            "min": 13.676797037550001
        }
    ]
}