{
    "results": [
        {
            "command": null,
            "mean": 1.0428296243150001,
            "median": 0.998865900915,
            "max": 1.337250441915,
            "min": 0.954257785915
        }
    ]
}