{
    "results": [
        {
            "command": "npm info jquery",
            "mean": 0.920981453535,
            "median": 0.9151089731350001,
            "max": 0.9691833386350001,
            "min": 0.894040831635,
            "user": 0.4993520899999999,
            "stddev": 0.02151052544619153,
            "system": 0.047767605000000005,
            "commit": "67406082ed53fb630547fa7229b540f476f636e9",
            "version": "3.13.1"
        }
    ]
}