{
    "results": [
        {
            "command": null,
            "mean": 14.398370572740003,
            "median": 14.332329436440002,
            "max": 16.23822406194,
            "min": 13.541346066940001
        }
    ]
}