{
    "results": [
        {
            "command": "npm info jquery",
            "mean": 1.000701867975,
            "median": 0.968860753875,
            "max": 1.1461102588749998,
            "min": 0.923686759875,
            "user": 0.5178548399999999,
            "stddev": 0.08171720961681976,
            "system": 0.05563319,
            "commit": "4cd71c64091e8788b858b212b86d5286de160fe3",
            "version": "6.0.0-6-next.31"
        }
    ]
}