{
    "results": [
        {
            "command": "npm install jquery",
            "mean": 10.42027979627,
            "median": 9.84542870647,
            "max": 14.76053318047,
            "min": 9.604368898470002,
            "user": 9.768446430000001,
            "stddev": 1.5476250711658057,
            "system": 0.5173549700000001,
            "commit": "8d6d6097c692368e33c0b240b2c707ffc3bf963a",
            "version": "4.12.2"
        }
    ]
}