{
    "results": [
        {
            "command": "npm info jquery",
            "mean": 1.00754215708,
            "median": 0.9970093750800001,
            "max": 1.2062733510800001,
            "min": 0.9538559210800001,
            "user": 0.5336263149999999,
            "stddev": 0.07429787196551385,
            "system": 0.06033839,
            "commit": "83561bc52d3ec5a906d96e9f27aa6152d4522bdf",
            "version": "5.5.2"
        }
    ]
}