{
    "results": [
        {
            "command": null,
            "mean": 0.9484868649500001,
            "median": 0.9513150050500001,
            "max": 1.11130332655,
            "min": 0.8597009065500001
        }
    ]
}