{
    "results": [
        {
            "command": null,
            "mean": 1.01426003538,
            "median": 0.95331734658,
            "max": 1.6135774205800002,
            "min": 0.90775182258
        }
    ]
}