{
    "results": [
        {
            "command": null,
            "mean": 13.964655250734998,
            "median": 13.886999293635,
            "max": 15.040376307134999,
            "min": 13.593004076135
        }
    ]
}