{
    "results": [
        {
            "command": null,
            "mean": 1.29860791635,
            "median": 1.2352556081500001,
            "max": 1.60641970615,
            "min": 1.1567290621500002
        }
    ]
}