{
    "results": [
        {
            "command": null,
            "mean": 10.42235803141,
            "median": 10.38685836741,
            "max": 10.92157943891,
            "min": 10.21155497891
        }
    ]
}