{
    "results": [
        {
            "command": null,
            "mean": 12.16132767604,
            "median": 11.987262558840001,
            "max": 13.17065174584,
            "min": 11.739105050840001
        }
    ]
}