{
    "results": [
        {
            "command": null,
            "mean": 1.0780379084149998,
            "median": 1.0008223543149999,
            "max": 1.574212315815,
            "min": 0.961135671815
        }
    ]
}