{
    "results": [
        {
            "command": "npm install jquery",
            "mean": 12.300354744919998,
            "median": 12.222518161419998,
            "max": 13.145318186919999,
            "min": 11.92775380092,
            "user": 11.306587255,
            "stddev": 0.33575513916129673,
            "system": 0.573974285,
            "commit": "a2877ab03c84790029ea89cc676567e1f625c52f",
            "version": "4.12.2"
        }
    ]
}