{
    "results": [
        {
            "command": "npm install jquery",
            "mean": 12.21940487354,
            "median": 12.14549198614,
            "max": 13.38024649864,
            "min": 11.74403927364,
            "user": 11.639586949999998,
            "stddev": 0.4785132786564694,
            "system": 0.5893730300000001,
            "commit": "625f529fe9d6ce2364b811ffca904fe9876a0050",
            "version": "3.13.1"
        }
    ]
}