{
    "results": [
        {
            "command": "npm info jquery",
            "mean": 0.9599101739350001,
            "median": 0.9622117787350001,
            "max": 0.9926439572350001,
            "min": 0.9207215422350001,
            "user": 0.5213134799999999,
            "stddev": 0.019536385799037315,
            "system": 0.05571254499999999,
            "commit": "4cd71c64091e8788b858b212b86d5286de160fe3",
            "version": "6.0.0-6-next.31"
        }
    ]
}