{
    "results": [
        {
            "command": "npm info jquery",
            "mean": 0.94339177163,
            "median": 0.9203354341300001,
            "max": 1.13175015763,
            "min": 0.9026618766300001,
            "user": 0.5010149349999999,
            "stddev": 0.06843481780982867,
            "system": 0.05623671499999999,
            "commit": "4c40fa66641c29a5079a86f9e1fc4b6ab89dc837",
            "version": "3.13.1"
        }
    ]
}