{
    "results": [
        {
            "command": null,
            "mean": 11.749878653785,
            "median": 11.663014236785,
            "max": 12.688142166285001,
            "min": 11.279201483285
        }
    ]
}