{
    "results": [
        {
            "command": null,
            "mean": 16.16552252194,
            "median": 15.96382963034,
            "max": 17.872155578839998,
            "min": 15.64495506784
        }
    ]
}