{
    "results": [
        {
            "command": null,
            "mean": 1.1923343647,
            "median": 1.0337246594,
            "max": 2.1251502998999996,
            "min": 1.0018552819
        }
    ]
}