{
    "results": [
        {
            "command": "npm install jquery",
            "mean": 16.16552252194,
            "median": 15.96382963034,
            "max": 17.872155578839998,
            "min": 15.64495506784,
            "user": 15.474066490000002,
            "stddev": 0.6349277328074163,
            "system": 0.7449648599999998,
            "commit": "12d4b1ffc29c367b1459c4071119ff2f7a67d6cf",
            "version": "5.1.2"
        }
    ]
}