{
    "results": [
        {
            "command": "npm info jquery",
            "mean": 1.0199746270000003,
            "median": 0.9437039855000001,
            "max": 1.355348335,
            "min": 0.9069838320000001,
            "user": 0.5042789,
            "stddev": 0.14594399188032686,
            "system": 0.0488795,
            "commit": "12d4b1ffc29c367b1459c4071119ff2f7a67d6cf",
            "version": "4.12.2"
        }
    ]
}