{
    "results": [
        {
            "command": null,
            "mean": 11.356561222345,
            "median": 11.394754943845001,
            "max": 11.770150320345,
            "min": 10.864361684345
        }
    ]
}