{
    "results": [
        {
            "command": null,
            "mean": 1.142255545395,
            "median": 0.993740206995,
            "max": 2.423525309495,
            "min": 0.903635303495
        }
    ]
}