{
    "results": [
        {
            "command": "npm install jquery",
            "mean": 14.102018456135003,
            "median": 14.049604806635,
            "max": 15.232594938635,
            "min": 13.571724314635,
            "user": 13.591978674999998,
            "stddev": 0.45879037775405157,
            "system": 0.654853815,
            "commit": "95ed3db43ce681824c9b40fa7eb8b09039d053ea",
            "version": "3.13.1"
        }
    ]
}