{
    "results": [
        {
            "command": "npm install jquery",
            "mean": 13.624492248780001,
            "median": 13.520485279479999,
            "max": 14.641954691979999,
            "min": 13.03623884198,
            "user": 12.942661240000001,
            "stddev": 0.4382137061115332,
            "system": 0.6206506500000001,
            "commit": "95ed3db43ce681824c9b40fa7eb8b09039d053ea",
            "version": "3.13.1"
        }
    ]
}