{
    "results": [
        {
            "command": "npm info jquery",
            "mean": 0.9492755464650001,
            "median": 0.934447525965,
            "max": 1.1073215694649998,
            "min": 0.9077242564650001,
            "user": 0.48945874,
            "stddev": 0.057169456907235,
            "system": 0.04795835,
            "commit": "6021d05f416de16d80c216177770f24fcedbca93",
            "version": "4.12.2"
        }
    ]
}