{
    "results": [
        {
            "command": null,
            "mean": 10.156477893155001,
            "median": 10.112339675155,
            "max": 10.628919581155001,
            "min": 9.821021035155
        }
    ]
}