{
    "results": [
        {
            "command": "npm install jquery",
            "mean": 10.156477893155001,
            "median": 10.112339675155,
            "max": 10.628919581155001,
            "min": 9.821021035155,
            "user": 9.446332164999998,
            "stddev": 0.25228559678529233,
            "system": 0.534473575,
            "commit": "94f5e765a848a618a7772d7c78f17adb49593379",
            "version": "6.0.0-6-next.31"
        }
    ]
}