{
    "results": [
        {
            "command": "npm install jquery",
            "mean": 16.174589859439997,
            "median": 15.50208085844,
            "max": 21.548249633940003,
            "min": 15.00042197794,
            "user": 15.257060950000001,
            "stddev": 1.9592220423180151,
            "system": 0.771656115,
            "commit": "73e6863426497b61ff1b3e61b577909b70cf683d",
            "version": "4.12.1"
        }
    ]
}