{
    "results": [
        {
            "command": "npm install jquery",
            "mean": 13.412081153334999,
            "median": 13.196197947135,
            "max": 15.158970819135,
            "min": 12.880958953135,
            "user": 12.445770625,
            "stddev": 0.6444232355947339,
            "system": 0.6375103999999999,
            "commit": "73e6863426497b61ff1b3e61b577909b70cf683d",
            "version": "3.13.1"
        }
    ]
}