{
    "results": [
        {
            "command": "npm info jquery",
            "mean": 0.9756880386250002,
            "median": 0.9879402673250002,
            "max": 1.024731190325,
            "min": 0.9125790413250001,
            "user": 0.4054144299999999,
            "stddev": 0.035841542544104245,
            "system": 0.047338069999999996,
            "commit": "73e6863426497b61ff1b3e61b577909b70cf683d",
            "version": "3.13.1"
        }
    ]
}