{
    "results": [
        {
            "command": "npm info jquery",
            "mean": 1.0768679502849998,
            "median": 1.0684835236849999,
            "max": 1.139683914185,
            "min": 1.0105411121849999,
            "user": 0.5172712799999999,
            "stddev": 0.04501712817440547,
            "system": 0.04773055999999999,
            "commit": "73e6863426497b61ff1b3e61b577909b70cf683d",
            "version": "4.12.1"
        }
    ]
}