{
    "results": [
        {
            "command": null,
            "mean": 1.22742454044,
            "median": 1.20752506194,
            "max": 1.42563427844,
            "min": 1.16348677644
        }
    ]
}