{
    "results": [
        {
            "command": "npm info jquery",
            "mean": 1.22742454044,
            "median": 1.20752506194,
            "max": 1.42563427844,
            "min": 1.16348677644,
            "user": 0.53370653,
            "stddev": 0.07258177618145169,
            "system": 0.06072970499999999,
            "commit": "73e6863426497b61ff1b3e61b577909b70cf683d",
            "version": "5.1.0"
        }
    ]
}