{
    "results": [
        {
            "command": "npm install jquery",
            "mean": 11.909931839890001,
            "median": 11.806514362889999,
            "max": 13.06919684739,
            "min": 11.643040371389999,
            "user": 12.607499455,
            "stddev": 0.41755765284477653,
            "system": 0.663479325,
            "commit": "57d26af66175042c8c780edfa6e25c0cf259a653",
            "version": "3.13.1"
        }
    ]
}