{
    "results": [
        {
            "command": "npm info jquery",
            "mean": 1.2419624115599999,
            "median": 1.21810969536,
            "max": 1.4397645018599998,
            "min": 1.16994270786,
            "user": 0.52989376,
            "stddev": 0.07655723613664205,
            "system": 0.05697220999999999,
            "commit": "54b17f4442f9ed8255656a66209476a220e94eea",
            "version": "3.13.1"
        }
    ]
}