{
    "results": [
        {
            "command": "npm info jquery",
            "mean": 1.181394121375,
            "median": 1.1460060407750001,
            "max": 1.485200112775,
            "min": 1.115200689775,
            "user": 0.43673629499999994,
            "stddev": 0.10860951334675166,
            "system": 0.055099169999999996,
            "commit": "83561bc52d3ec5a906d96e9f27aa6152d4522bdf",
            "version": "4.12.2"
        }
    ]
}