{
    "results": [
        {
            "command": null,
            "mean": 10.851323136969999,
            "median": 10.718581641170001,
            "max": 11.57550494917,
            "min": 10.52400897017
        }
    ]
}