{
    "results": [
        {
            "command": null,
            "mean": 1.181394121375,
            "median": 1.1460060407750001,
            "max": 1.485200112775,
            "min": 1.115200689775
        }
    ]
}