{
    "results": [
        {
            "command": null,
            "mean": 0.9179386903100001,
            "median": 0.87451151111,
            "max": 1.12720897261,
            "min": 0.83150968161
        }
    ]
}