{
    "results": [
        {
            "command": "npm info jquery",
            "mean": 1.285779902385,
            "median": 1.2531738320850003,
            "max": 1.4307821505850002,
            "min": 1.1609374275850002,
            "user": 0.53842926,
            "stddev": 0.10243169821484725,
            "system": 0.054111759999999995,
            "commit": "1042f9bf76d86b582bd779111487e193a2d731ab",
            "version": "4.12.2"
        }
    ]
}