{
    "results": [
        {
            "command": "npm install jquery",
            "mean": 15.364872715525001,
            "median": 15.345299071025,
            "max": 16.687339928025,
            "min": 14.761584022025,
            "user": 14.861249625,
            "stddev": 0.5447161463148573,
            "system": 0.7368401349999999,
            "commit": "54b17f4442f9ed8255656a66209476a220e94eea",
            "version": "3.13.1"
        }
    ]
}