{
    "results": [
        {
            "command": "npm install jquery",
            "mean": 12.854296293549998,
            "median": 12.634670098850002,
            "max": 16.12083799985,
            "min": 11.90728531685,
            "user": 12.30140871,
            "stddev": 1.2062280113824613,
            "system": 0.6393193299999999,
            "commit": "c168b4e47a600d56f786a380d652478d7763153b",
            "version": "3.13.1"
        }
    ]
}