{
    "results": [
        {
            "command": "npm install jquery",
            "mean": 12.08395419626,
            "median": 11.55289758456,
            "max": 15.88598049806,
            "min": 11.26809911806,
            "user": 11.355032014999997,
            "stddev": 1.4170876578605633,
            "system": 0.6250196599999999,
            "commit": "c168b4e47a600d56f786a380d652478d7763153b",
            "version": "4.12.2"
        }
    ]
}