{
    "results": [
        {
            "command": null,
            "mean": 1.03628093366,
            "median": 0.99642666076,
            "max": 1.1433791422600001,
            "min": 0.96739604826
        }
    ]
}