{
    "results": [
        {
            "command": null,
            "mean": 10.504691087025002,
            "median": 10.380536688025,
            "max": 11.612489959025,
            "min": 10.233921001025
        }
    ]
}