{
    "results": [
        {
            "command": "npm info jquery",
            "mean": 1.00018558419,
            "median": 0.9163243724900001,
            "max": 1.67527601049,
            "min": 0.8469088654900001,
            "user": 0.4444005349999999,
            "stddev": 0.2534046947040951,
            "system": 0.050773139999999994,
            "commit": "fae5093d96e0a0819f477c8e3d52edfb70810d86",
            "version": "3.13.1"
        }
    ]
}