{
    "results": [
        {
            "command": null,
            "mean": 0.9933931627850001,
            "median": 0.954625819785,
            "max": 1.241077694285,
            "min": 0.8778920532850001
        }
    ]
}