{
    "results": [
        {
            "command": null,
            "mean": 14.801673719564999,
            "median": 14.813436629864999,
            "max": 15.169578755864999,
            "min": 14.431199956865
        }
    ]
}