{
    "results": [
        {
            "command": "npm info jquery",
            "mean": 1.3227066622099999,
            "median": 1.22457168561,
            "max": 1.74410116861,
            "min": 1.15327128561,
            "user": 0.46708102,
            "stddev": 0.20428237438995017,
            "system": 0.06273203,
            "commit": "fae5093d96e0a0819f477c8e3d52edfb70810d86",
            "version": "4.12.2"
        }
    ]
}