{
    "results": [
        {
            "command": null,
            "mean": 1.3227066622099999,
            "median": 1.22457168561,
            "max": 1.74410116861,
            "min": 1.15327128561
        }
    ]
}