{
    "results": [
        {
            "command": "npm info jquery",
            "mean": 1.063777506125,
            "median": 1.051592241425,
            "max": 1.118364266425,
            "min": 1.028927731425,
            "user": 0.494449885,
            "stddev": 0.03567772262841861,
            "system": 0.041012025,
            "commit": "586f1b06845b2c43e0f308915ab0a3c2c68999c2",
            "version": "5.1.2"
        }
    ]
}