{
    "results": [
        {
            "command": "npm install jquery",
            "mean": 11.601408215000001,
            "median": 11.491498917600001,
            "max": 12.590434096100001,
            "min": 11.2384798891,
            "user": 11.023470865,
            "stddev": 0.3843152318496718,
            "system": 0.572496195,
            "commit": "09a7cf345658047a85d44d0b85594c58270cdf26",
            "version": "3.13.1"
        }
    ]
}