{
    "results": [
        {
            "command": null,
            "mean": 0.86974516784,
            "median": 0.83844798814,
            "max": 1.1276980241399999,
            "min": 0.80366295214
        }
    ]
}