{
    "results": [
        {
            "command": "npm info jquery",
            "mean": 1.0305789971500001,
            "median": 0.92051267945,
            "max": 1.58668204145,
            "min": 0.87937670845,
            "user": 0.48780223500000003,
            "stddev": 0.21904014051006693,
            "system": 0.045612635,
            "commit": "b6495d5b6c028fc7184912deaa1e7848846241a5",
            "version": "4.12.2"
        }
    ]
}