{
    "results": [
        {
            "command": null,
            "mean": 1.03300036634,
            "median": 1.02597424004,
            "max": 1.0733496825400002,
            "min": 1.0025447095400002
        }
    ]
}