{
    "results": [
        {
            "command": null,
            "mean": 13.76597623447,
            "median": 13.07621928767,
            "max": 19.03871960317,
            "min": 12.58200347717
        }
    ]
}