{
    "results": [
        {
            "command": "npm install jquery",
            "mean": 12.197386706744998,
            "median": 11.708526861045,
            "max": 16.247256778045003,
            "min": 11.284558251045,
            "user": 11.60176028,
            "stddev": 1.4693904311040358,
            "system": 0.5865047500000001,
            "commit": "b6495d5b6c028fc7184912deaa1e7848846241a5",
            "version": "4.12.2"
        }
    ]
}