{
    "results": [
        {
            "command": "npm info jquery",
            "mean": 1.25608492259,
            "median": 1.20838599689,
            "max": 1.62631094939,
            "min": 1.16831159439,
            "user": 0.486671445,
            "stddev": 0.13881158339273664,
            "system": 0.055199870000000005,
            "commit": "586f1b06845b2c43e0f308915ab0a3c2c68999c2",
            "version": "4.12.2"
        }
    ]
}