{
    "results": [
        {
            "command": null,
            "mean": 15.432686799465,
            "median": 15.405935357665001,
            "max": 16.554629936665,
            "min": 14.891430640665002
        }
    ]
}