{
    "results": [
        {
            "command": "npm info jquery",
            "mean": 1.01174190024,
            "median": 1.00898059414,
            "max": 1.07270894514,
            "min": 0.9650444011400001,
            "user": 0.43303831,
            "stddev": 0.03415915830558405,
            "system": 0.04496325,
            "commit": "c168b4e47a600d56f786a380d652478d7763153b",
            "version": "4.12.2"
        }
    ]
}