{
    "results": [
        {
            "command": "npm info jquery",
            "mean": 1.0232998961100002,
            "median": 0.99493058991,
            "max": 1.17989506091,
            "min": 0.95345941691,
            "user": 0.516528295,
            "stddev": 0.07505940981101397,
            "system": 0.057439794999999995,
            "commit": "c168b4e47a600d56f786a380d652478d7763153b",
            "version": "6.0.0-6-next.24"
        }
    ]
}