{
    "results": [
        {
            "command": null,
            "mean": 15.805496314730002,
            "median": 15.76220815423,
            "max": 17.14723713423,
            "min": 15.056335486230001
        }
    ]
}