{
    "results": [
        {
            "command": null,
            "mean": 1.0490635841600002,
            "median": 1.02892266196,
            "max": 1.20000772946,
            "min": 1.01424491946
        }
    ]
}