{
    "results": [
        {
            "command": "npm install jquery",
            "mean": 15.432686799465,
            "median": 15.405935357665001,
            "max": 16.554629936665,
            "min": 14.891430640665002,
            "user": 14.918855220000001,
            "stddev": 0.49378513695784093,
            "system": 0.78547019,
            "commit": "c168b4e47a600d56f786a380d652478d7763153b",
            "version": "3.13.1"
        }
    ]
}