{
    "results": [
        {
            "command": null,
            "mean": 1.01174190024,
            "median": 1.00898059414,
            "max": 1.07270894514,
            "min": 0.9650444011400001
        }
    ]
}