{
    "results": [
        {
            "command": "npm install jquery",
            "mean": 17.314981042895003,
            "median": 16.474309474495,
            "max": 23.461153654495,
            "min": 15.965694883495,
            "user": 16.278639304999995,
            "stddev": 2.250907702919839,
            "system": 0.8381485999999999,
            "commit": "c168b4e47a600d56f786a380d652478d7763153b",
            "version": "4.12.2"
        }
    ]
}