{
    "results": [
        {
            "command": "npm info jquery",
            "mean": 1.2898733282750003,
            "median": 1.145034123375,
            "max": 1.8328784938750002,
            "min": 1.085493329875,
            "user": 0.5226146749999999,
            "stddev": 0.25646402337444396,
            "system": 0.06436890499999999,
            "commit": "30875acc70c8d85fb3cbe8117d304b68186b7a5c",
            "version": "4.12.2"
        }
    ]
}