{
    "results": [
        {
            "command": null,
            "mean": 1.0810405949349997,
            "median": 1.069412492335,
            "max": 1.192318143835,
            "min": 1.0167726988349999
        }
    ]
}