{
    "results": [
        {
            "command": null,
            "mean": 1.1783856700200002,
            "median": 1.1559305922199998,
            "max": 1.46148517172,
            "min": 1.08307707672
        }
    ]
}