{
    "results": [
        {
            "command": "npm install jquery",
            "mean": 13.566658650629998,
            "median": 13.09010752813,
            "max": 16.88794184413,
            "min": 12.64290671713,
            "user": 12.411001625,
            "stddev": 1.263562659320027,
            "system": 0.7090224199999998,
            "commit": "f86c31ed0e158269cef9077806595de616557adb",
            "version": "5.1.3"
        }
    ]
}