{
    "results": [
        {
            "command": "npm info jquery",
            "mean": 1.038519469555,
            "median": 1.000079782155,
            "max": 1.3038748761549999,
            "min": 0.9535894731550001,
            "user": 0.435537065,
            "stddev": 0.10777421907853857,
            "system": 0.042592015,
            "commit": "f86c31ed0e158269cef9077806595de616557adb",
            "version": "3.13.1"
        }
    ]
}