{
    "results": [
        {
            "command": "npm info jquery",
            "mean": 1.0810405949349997,
            "median": 1.069412492335,
            "max": 1.192318143835,
            "min": 1.0167726988349999,
            "user": 0.581662985,
            "stddev": 0.06201280496842579,
            "system": 0.07967353499999999,
            "commit": "f86c31ed0e158269cef9077806595de616557adb",
            "version": "4.12.2"
        }
    ]
}