{
    "results": [
        {
            "command": null,
            "mean": 9.616173083115001,
            "median": 9.502426000115,
            "max": 10.832048867115,
            "min": 9.357648580114999
        }
    ]
}