{
    "results": [
        {
            "command": "npm install jquery",
            "mean": 9.616173083115001,
            "median": 9.502426000115,
            "max": 10.832048867115,
            "min": 9.357648580114999,
            "user": 10.741367145,
            "stddev": 0.4356086783261834,
            "system": 0.6063711649999999,
            "commit": "f86c31ed0e158269cef9077806595de616557adb",
            "version": "4.12.2"
        }
    ]
}