{
    "results": [
        {
            "command": null,
            "mean": 11.47250424313,
            "median": 11.37740258753,
            "max": 12.36684735503,
            "min": 11.11013601403
        }
    ]
}