{
    "results": [
        {
            "command": "npm info jquery",
            "mean": 1.1493954432900002,
            "median": 1.13210750859,
            "max": 1.4286005885900002,
            "min": 1.0490173525900002,
            "user": 0.54400647,
            "stddev": 0.10413458133254117,
            "system": 0.06464219,
            "commit": "960ebc67a5aa85ffa7db9bcf6f0393a41cff7547",
            "version": "5.1.0"
        }
    ]
}