{
    "results": [
        {
            "command": null,
            "mean": 1.0272846963900002,
            "median": 0.9375024676900001,
            "max": 1.51024410819,
            "min": 0.9110630261900001
        }
    ]
}