{
    "results": [
        {
            "command": null,
            "mean": 0.8181652405049998,
            "median": 0.803360613205,
            "max": 0.9207933687050001,
            "min": 0.772165897705
        }
    ]
}