{
    "results": [
        {
            "command": null,
            "mean": 16.319878934510005,
            "median": 16.24173212411,
            "max": 17.379746349610002,
            "min": 15.95360833061
        }
    ]
}