{
    "results": [
        {
            "command": "npm info jquery",
            "mean": 0.9933931627850001,
            "median": 0.954625819785,
            "max": 1.241077694285,
            "min": 0.8778920532850001,
            "user": 0.4878982450000001,
            "stddev": 0.1219500109776464,
            "system": 0.059913949999999994,
            "commit": "fae5093d96e0a0819f477c8e3d52edfb70810d86",
            "version": "6.0.0-6-next.35"
        }
    ]
}