{
    "results": [
        {
            "command": "npm info jquery",
            "mean": 1.0959948651700002,
            "median": 1.0811831121700002,
            "max": 1.20613901067,
            "min": 1.0465030206700001,
            "user": 0.3870534499999999,
            "stddev": 0.04691708860596842,
            "system": 0.042556585,
            "commit": "d7dec2695fa11347c3cf7fc162210629028afb2b",
            "version": "6.0.0-6-next.40"
        }
    ]
}