{
    "results": [
        {
            "command": "npm install jquery",
            "mean": 11.960889995970001,
            "median": 11.837892083269999,
            "max": 13.21307724127,
            "min": 11.62593773727,
            "user": 11.44012863,
            "stddev": 0.4575840680189816,
            "system": 0.5870341800000001,
            "commit": "b261741ef692a6348ec86cd0e0811db08376c312",
            "version": "3.13.1"
        }
    ]
}