{
    "results": [
        {
            "command": null,
            "mean": 0.923908392555,
            "median": 0.867048811855,
            "max": 1.106712988355,
            "min": 0.8373856623550001
        }
    ]
}