{
    "results": [
        {
            "command": null,
            "mean": 14.333618834330002,
            "median": 14.33215208993,
            "max": 15.69382202143,
            "min": 13.529872332430001
        }
    ]
}