{
    "results": [
        {
            "command": null,
            "mean": 11.960889995970001,
            "median": 11.837892083269999,
            "max": 13.21307724127,
            "min": 11.62593773727
        }
    ]
}