{
    "results": [
        {
            "command": "npm info jquery",
            "mean": 1.14768646026,
            "median": 1.1350952838600001,
            "max": 1.2624898498600001,
            "min": 1.07877584286,
            "user": 0.515339615,
            "stddev": 0.056444738113347596,
            "system": 0.06673335,
            "commit": "d778f2cd18478410a5722fafb40713f7ea0baef7",
            "version": "6.0.0-6-next.27"
        }
    ]
}