{
    "results": [
        {
            "command": "npm install jquery",
            "mean": 11.264268549265001,
            "median": 11.198542300565,
            "max": 12.345652260065,
            "min": 10.971421902065002,
            "user": 10.67581233,
            "stddev": 0.38850509032381547,
            "system": 0.6039865950000001,
            "commit": "73b3479a3aa36ed295b39ecd45585ac57c320955",
            "version": "4.12.2"
        }
    ]
}