{
    "results": [
        {
            "command": "npm info jquery",
            "mean": 0.9204930805100002,
            "median": 0.89765521371,
            "max": 1.0523189797099999,
            "min": 0.86758616671,
            "user": 0.48767843999999994,
            "stddev": 0.057696229406063095,
            "system": 0.040207879999999994,
            "commit": "b6495d5b6c028fc7184912deaa1e7848846241a5",
            "version": "3.13.1"
        }
    ]
}