{
    "results": [
        {
            "command": "npm info jquery",
            "mean": 1.185035674235,
            "median": 1.177002630135,
            "max": 1.323977145635,
            "min": 1.093538875635,
            "user": 0.5385390749999999,
            "stddev": 0.07488833356686478,
            "system": 0.06740568499999999,
            "commit": "c168b4e47a600d56f786a380d652478d7763153b",
            "version": "4.12.2"
        }
    ]
}