{
  "results": [
    {
      "command": "npm info jquery",
      "mean": 0.49509096041999995,
      "stddev": 0.029068305606334638,
      "median": 0.49089559392000004,
      "user": 0.40888802,
      "system": 0.05048121999999999,
      "min": 0.46644049842000007,
      "max": 0.55985183642,
      "times": [
        0.46972690542000006,
        0.46644049842000007,
        0.46907418442000004,
        0.51565049942,
        0.51202948142,
        0.48216921042000005,
        0.4996219774200001,
        0.55985183642,
        0.49993748842,
        0.47640752242000006
      ],
      "exit_codes": [
        0,
        0,
        0,
        0,
        0,
        0,
        0,
        0,
        0,
        0
      ]
    }
  ]
}
