{
  "results": [
    {
      "command": "npm info jquery",
      "mean": 0.41943643576000006,
      "stddev": 0.017327952930140063,
      "median": 0.41616919286000004,
      "user": 0.3561319,
      "system": 0.0412629,
      "min": 0.40110295586000005,
      "max": 0.44678797686000005,
      "times": [
        0.43562732786,
        0.43874979686000004,
        0.40562435686000003,
        0.40631857286000006,
        0.42727794086000004,
        0.40110295586000005,
        0.44678797686000005,
        0.42601981286,
        0.40226308186000004,
        0.40459253486
      ],
      "exit_codes": [
        0,
        0,
        0,
        0,
        0,
        0,
        0,
        0,
        0,
        0
      ]
    }
  ]
}
