{
  "results": [
    {
      "command": "npm info jquery",
      "mean": 0.5554957067200001,
      "stddev": 0.05439687084887275,
      "median": 0.52852811042,
      "user": 0.4663554,
      "system": 0.05358604,
      "min": 0.5185967249200001,
      "max": 0.6566017819200001,
      "times": [
        0.53027222492,
        0.65515686892,
        0.6566017819200001,
        0.5262485919200001,
        0.52678399592,
        0.5638718059200001,
        0.53308684892,
        0.5237870719200001,
        0.5185967249200001,
        0.52055115192
      ],
      "exit_codes": [
        0,
        0,
        0,
        0,
        0,
        0,
        0,
        0,
        0,
        0
      ]
    }
  ]
}
