{
  "results": [
    {
      "command": "npm info jquery",
      "mean": 0.40924429122,
      "stddev": 0.009788198223380513,
      "median": 0.41043688122000005,
      "user": 0.36379095999999994,
      "system": 0.03420487999999999,
      "min": 0.39713757172,
      "max": 0.42250887972000006,
      "times": [
        0.41541252172000004,
        0.39713757172,
        0.40475913472,
        0.39782207772000006,
        0.42250887972000006,
        0.41504611872,
        0.3977580767200001,
        0.4058276437200001,
        0.4210457677200001,
        0.41512511972000005
      ],
      "exit_codes": [
        0,
        0,
        0,
        0,
        0,
        0,
        0,
        0,
        0,
        0
      ]
    }
  ]
}
