{
    "results": [
        {
            "command": "npm install jquery",
            "mean": 18.827693966830005,
            "median": 18.77822978233,
            "max": 19.171813682830003,
            "min": 18.455138975830003,
            "user": 18.21586865,
            "stddev": 0.2512979550390466,
            "system": 0.876103405,
            "commit": "99c3960f7491941402032a7eebd52b3ab1bdf347",
            "version": "3.13.1"
        }
    ]
}