{
    "results": [
        {
            "command": "npm info jquery",
            "mean": 0.875095226915,
            "median": 0.849236112115,
            "max": 1.030957127115,
            "min": 0.8214732921150001,
            "user": 0.418295405,
            "stddev": 0.07147994783727543,
            "system": 0.033124745,
            "commit": "7dde848d0c093616816b5c32a4685f636ba0b90e",
            "version": "3.13.1"
        }
    ]
}