{
    "results": [
        {
            "command": "npm info jquery",
            "mean": 1.0450241616849998,
            "median": 1.002143665685,
            "max": 1.4317163256849998,
            "min": 0.9405366956850001,
            "user": 0.42007345999999995,
            "stddev": 0.14376015038819961,
            "system": 0.046873309999999994,
            "commit": "8d6d6097c692368e33c0b240b2c707ffc3bf963a",
            "version": "6.0.0-6-next.23"
        }
    ]
}