{
    "results": [
        {
            "command": "npm install jquery",
            "mean": 13.744194739850002,
            "median": 13.596453318950001,
            "max": 14.548523251450002,
            "min": 13.44910583845,
            "user": 13.110049389999997,
            "stddev": 0.3698111704861816,
            "system": 0.63448048,
            "commit": "95ed3db43ce681824c9b40fa7eb8b09039d053ea",
            "version": "5.1.0"
        }
    ]
}