{
    "results": [
        {
            "command": "npm install jquery",
            "mean": 11.54719254709,
            "median": 11.48199804719,
            "max": 12.49511463969,
            "min": 11.23744897869,
            "user": 10.847258399999998,
            "stddev": 0.36338555014019086,
            "system": 0.5887823000000001,
            "commit": "06e400cb34094f00e05d3593d2a62ea827a7e0be",
            "version": "3.13.1"
        }
    ]
}