{
    "results": [
        {
            "command": "npm info jquery",
            "mean": 1.1499783846249998,
            "median": 1.1407471013250001,
            "max": 1.202709427825,
            "min": 1.110467015825,
            "user": 0.56138948,
            "stddev": 0.030208853451613456,
            "system": 0.067554145,
            "commit": "b7d319c5bef1d63990de1c794f66714b8981b173",
            "version": "4.12.2"
        }
    ]
}