{
    "results": [
        {
            "command": null,
            "mean": 0.99498636977,
            "median": 0.97205448347,
            "max": 1.11917895947,
            "min": 0.92964592847
        }
    ]
}