{
    "results": [
        {
            "command": null,
            "mean": 1.12875414813,
            "median": 1.01312859603,
            "max": 1.73865989453,
            "min": 0.9479986845300001
        }
    ]
}