{
    "results": [
        {
            "command": null,
            "mean": 14.245443651310001,
            "median": 14.20248156181,
            "max": 14.93866638431,
            "min": 13.81987691231
        }
    ]
}