{
    "results": [
        {
            "command": null,
            "mean": 11.064064161285,
            "median": 11.055658505884999,
            "max": 11.409727009885,
            "min": 10.583793196884999
        }
    ]
}