{
    "results": [
        {
            "command": null,
            "mean": 10.330557995975,
            "median": 10.299907446575,
            "max": 10.546253063575,
            "min": 10.103202279575001
        }
    ]
}