{
    "results": [
        {
            "command": "npm info jquery",
            "mean": 1.4702567330699998,
            "median": 1.31353878007,
            "max": 2.4218653215700003,
            "min": 0.99378117657,
            "user": 0.53911653,
            "stddev": 0.44832097574774415,
            "system": 0.07405036000000001,
            "commit": "83561bc52d3ec5a906d96e9f27aa6152d4522bdf",
            "version": "3.13.1"
        }
    ]
}