{
    "results": [
        {
            "command": null,
            "mean": 13.424337424,
            "median": 13.458195481,
            "max": 13.7855549365,
            "min": 13.0785691615
        }
    ]
}