{
    "results": [
        {
            "command": null,
            "mean": 1.4702567330699998,
            "median": 1.31353878007,
            "max": 2.4218653215700003,
            "min": 0.99378117657
        }
    ]
}