{
    "results": [
        {
            "command": null,
            "mean": 1.200797369425,
            "median": 1.149685348125,
            "max": 2.1060915596250003,
            "min": 0.838487490625
        }
    ]
}