{
    "results": [
        {
            "command": null,
            "mean": 14.778791841375,
            "median": 14.645886377575001,
            "max": 15.580050535075001,
            "min": 14.162307815075001
        }
    ]
}