{
    "results": [
        {
            "command": "npm info jquery",
            "mean": 1.0701333960850001,
            "median": 0.921734079685,
            "max": 2.066197164685,
            "min": 0.8606958166850001,
            "user": 0.419245305,
            "stddev": 0.36804565123948535,
            "system": 0.054296794999999995,
            "commit": "83561bc52d3ec5a906d96e9f27aa6152d4522bdf",
            "version": "6.0.0-6-next.31"
        }
    ]
}