{
    "results": [
        {
            "command": "npm info jquery",
            "mean": 1.200797369425,
            "median": 1.149685348125,
            "max": 2.1060915596250003,
            "min": 0.838487490625,
            "user": 0.411956405,
            "stddev": 0.36938404300707534,
            "system": 0.05171601499999999,
            "commit": "83561bc52d3ec5a906d96e9f27aa6152d4522bdf",
            "version": "5.5.2"
        }
    ]
}