{
    "results": [
        {
            "command": null,
            "mean": 14.056417848889998,
            "median": 14.069991065089999,
            "max": 14.45185298859,
            "min": 13.75330955059
        }
    ]
}