{
    "results": [
        {
            "command": null,
            "mean": 24.265912105029997,
            "median": 23.93981884253,
            "max": 26.34710671453,
            "min": 23.38037515653
        }
    ]
}