{
    "results": [
        {
            "command": null,
            "mean": 0.8274808775250001,
            "median": 0.7871021705250001,
            "max": 0.9676146345250001,
            "min": 0.7613865055250001
        }
    ]
}