{
    "results": [
        {
            "command": null,
            "mean": 18.532349607395,
            "median": 18.514839367195002,
            "max": 18.938584845695,
            "min": 18.299477694695
        }
    ]
}