{
    "results": [
        {
            "command": "npm info jquery",
            "mean": 0.96210282911,
            "median": 0.96498164081,
            "max": 0.9881475983100001,
            "min": 0.9357487103100001,
            "user": 0.34454783000000005,
            "stddev": 0.015968760918786625,
            "system": 0.04131344499999999,
            "commit": "1c7eb368ee50e6c3978697d60b34be8fd30dd748",
            "version": "4.12.2"
        }
    ]
}