{
    "results": [
        {
            "command": "npm install jquery",
            "mean": 18.178227245985,
            "median": 18.125214586185,
            "max": 18.656280793185,
            "min": 17.886049536185002,
            "user": 17.519347959999997,
            "stddev": 0.22413085243400746,
            "system": 0.8471838999999999,
            "commit": "1c7eb368ee50e6c3978697d60b34be8fd30dd748",
            "version": "6.0.0-6-next.40"
        }
    ]
}