{
    "results": [
        {
            "command": "npm info jquery",
            "mean": 0.9691048479300001,
            "median": 0.95319518963,
            "max": 1.0801280871299999,
            "min": 0.9219510561300001,
            "user": 0.5095529750000001,
            "stddev": 0.04674069808065559,
            "system": 0.05780467499999999,
            "commit": "c168b4e47a600d56f786a380d652478d7763153b",
            "version": "5.1.3"
        }
    ]
}