{
    "results": [
        {
            "command": null,
            "mean": 16.06250143444,
            "median": 15.911493627239999,
            "max": 17.69518402624,
            "min": 15.62814584424
        }
    ]
}