{
    "results": [
        {
            "command": null,
            "mean": 0.977618765535,
            "median": 0.9651885896350001,
            "max": 1.098438305635,
            "min": 0.9390758116350001
        }
    ]
}