{
    "results": [
        {
            "command": "npm install jquery",
            "mean": 15.62089362131,
            "median": 15.32814230931,
            "max": 17.84646672931,
            "min": 14.96954827431,
            "user": 15.003141534999994,
            "stddev": 0.8312978304635801,
            "system": 0.71927956,
            "commit": "c45711ade518d4779047735153d7d964ae3e7a19",
            "version": "4.12.2"
        }
    ]
}