{
    "results": [
        {
            "command": "npm install jquery",
            "mean": 16.06250143444,
            "median": 15.911493627239999,
            "max": 17.69518402624,
            "min": 15.62814584424,
            "user": 15.077185724999998,
            "stddev": 0.5871294639016589,
            "system": 0.7263200650000001,
            "commit": "c45711ade518d4779047735153d7d964ae3e7a19",
            "version": "5.1.0"
        }
    ]
}