{
    "results": [
        {
            "command": null,
            "mean": 0.9543704626750001,
            "median": 0.9416369582750002,
            "max": 1.106385514275,
            "min": 0.9120791352750001
        }
    ]
}