{
    "results": [
        {
            "command": null,
            "mean": 15.62089362131,
            "median": 15.32814230931,
            "max": 17.84646672931,
            "min": 14.96954827431
        }
    ]
}