{
    "results": [
        {
            "command": "npm info jquery",
            "mean": 0.977618765535,
            "median": 0.9651885896350001,
            "max": 1.098438305635,
            "min": 0.9390758116350001,
            "user": 0.429134785,
            "stddev": 0.043927870096011144,
            "system": 0.03872754,
            "commit": "c45711ade518d4779047735153d7d964ae3e7a19",
            "version": "5.1.0"
        }
    ]
}