{
    "results": [
        {
            "command": "npm info jquery",
            "mean": 0.8125243563450001,
            "median": 0.791258634945,
            "max": 0.9867496464450001,
            "min": 0.7707533654450001,
            "user": 0.37813346999999997,
            "stddev": 0.06422904162555615,
            "system": 0.04223640999999999,
            "commit": "09a7cf345658047a85d44d0b85594c58270cdf26",
            "version": "4.12.1"
        }
    ]
}