{
    "results": [
        {
            "command": null,
            "mean": 0.9492755464650001,
            "median": 0.934447525965,
            "max": 1.1073215694649998,
            "min": 0.9077242564650001
        }
    ]
}