{
    "results": [
        {
            "command": "npm info jquery",
            "mean": 1.0765109536200002,
            "median": 1.0463994362200002,
            "max": 1.29564260972,
            "min": 0.9752461597200001,
            "user": 0.51836554,
            "stddev": 0.11105040672288204,
            "system": 0.06826605,
            "commit": "6021d05f416de16d80c216177770f24fcedbca93",
            "version": "5.2.2"
        }
    ]
}