{
    "results": [
        {
            "command": null,
            "mean": 15.035383427695004,
            "median": 14.929662268595001,
            "max": 16.106202028095,
            "min": 14.653266492095002
        }
    ]
}