{
    "results": [
        {
            "command": "npm install jquery",
            "mean": 11.8187300293,
            "median": 11.654918307800001,
            "max": 12.4906772833,
            "min": 11.418086178300001,
            "user": 11.07049297,
            "stddev": 0.3492394830378774,
            "system": 0.610212635,
            "commit": "6021d05f416de16d80c216177770f24fcedbca93",
            "version": "5.2.2"
        }
    ]
}