{
    "results": [
        {
            "command": "npm info jquery",
            "mean": 1.1573354453899998,
            "median": 1.1088752442899998,
            "max": 1.5042188132899998,
            "min": 1.00162100329,
            "user": 0.6483533349999999,
            "stddev": 0.1639806628031367,
            "system": 0.094634675,
            "commit": "6021d05f416de16d80c216177770f24fcedbca93",
            "version": "3.13.1"
        }
    ]
}