{
    "results": [
        {
            "command": null,
            "mean": 1.32637872361,
            "median": 1.23509321421,
            "max": 1.6047737722100002,
            "min": 1.18761559921
        }
    ]
}