{
    "results": [
        {
            "command": "npm install jquery",
            "mean": 9.910316263854998,
            "median": 9.865766073155001,
            "max": 10.738679844655,
            "min": 9.531562889655,
            "user": 8.842151405,
            "stddev": 0.3524411492043335,
            "system": 0.5168715749999999,
            "commit": "6021d05f416de16d80c216177770f24fcedbca93",
            "version": "4.12.2"
        }
    ]
}