{
    "results": [
        {
            "command": null,
            "mean": 9.910316263854998,
            "median": 9.865766073155001,
            "max": 10.738679844655,
            "min": 9.531562889655
        }
    ]
}