{
    "results": [
        {
            "command": "npm info jquery",
            "mean": 0.95974606868,
            "median": 0.9506800586799999,
            "max": 1.05992429568,
            "min": 0.92350533168,
            "user": 0.5034528,
            "stddev": 0.03794886711219115,
            "system": 0.05163243500000001,
            "commit": "586f1b06845b2c43e0f308915ab0a3c2c68999c2",
            "version": "5.1.2"
        }
    ]
}