{
    "results": [
        {
            "command": "npm install jquery",
            "mean": 12.115715725375,
            "median": 11.456675475575,
            "max": 16.239391061075,
            "min": 11.256357904075001,
            "user": 11.503452385,
            "stddev": 1.5255063822850674,
            "system": 0.5810343,
            "commit": "586f1b06845b2c43e0f308915ab0a3c2c68999c2",
            "version": "3.13.1"
        }
    ]
}