{
    "results": [
        {
            "command": "npm info jquery",
            "mean": 0.870416715655,
            "median": 0.843494891755,
            "max": 1.072918203255,
            "min": 0.8296407892550001,
            "user": 0.411963275,
            "stddev": 0.07348767137526409,
            "system": 0.04636948,
            "commit": "586f1b06845b2c43e0f308915ab0a3c2c68999c2",
            "version": "3.13.1"
        }
    ]
}