{
    "results": [
        {
            "command": "npm install jquery",
            "mean": 11.575033478775001,
            "median": 11.526363611075002,
            "max": 12.286562448575001,
            "min": 11.157794630575001,
            "user": 10.990962125,
            "stddev": 0.2990407347945604,
            "system": 0.56203712,
            "commit": "586f1b06845b2c43e0f308915ab0a3c2c68999c2",
            "version": "4.12.2"
        }
    ]
}