{
    "results": [
        {
            "command": null,
            "mean": 17.84131774751,
            "median": 17.08214591881,
            "max": 24.98701135181,
            "min": 16.520080531810002
        }
    ]
}