{
    "results": [
        {
            "command": "npm info jquery",
            "mean": 1.3298191467799998,
            "median": 1.23544128718,
            "max": 1.64068690618,
            "min": 1.20457761118,
            "user": 0.514970165,
            "stddev": 0.17364970824935844,
            "system": 0.05863426000000001,
            "commit": "586f1b06845b2c43e0f308915ab0a3c2c68999c2",
            "version": "4.12.2"
        }
    ]
}