{
    "results": [
        {
            "command": null,
            "mean": 1.3298191467799998,
            "median": 1.23544128718,
            "max": 1.64068690618,
            "min": 1.20457761118
        }
    ]
}