{
    "results": [
        {
            "command": "npm info jquery",
            "mean": 1.0637084918450002,
            "median": 1.0189852242450002,
            "max": 1.3085834257450002,
            "min": 0.9888660817450001,
            "user": 0.54873966,
            "stddev": 0.10134590388574814,
            "system": 0.06825878999999999,
            "commit": "a15c915b171517c69bbb1198b1b0d5367feac923",
            "version": "5.2.2"
        }
    ]
}