{
    "results": [
        {
            "command": "npm info jquery",
            "mean": 0.8174261354700001,
            "median": 0.78541795897,
            "max": 0.89890414097,
            "min": 0.77159698897,
            "user": 0.34710821999999997,
            "stddev": 0.052314633225667095,
            "system": 0.040448559999999995,
            "commit": "d3ce9c1b0a77cb330d84ffa523a6f1faa4833101",
            "version": "5.7.0"
        }
    ]
}