{
    "results": [
        {
            "command": "npm info jquery",
            "mean": 1.072238139885,
            "median": 1.0449198377850002,
            "max": 1.271061541785,
            "min": 0.9465318327850001,
            "user": 0.42320564000000005,
            "stddev": 0.09649794637263152,
            "system": 0.049520684999999995,
            "commit": "6021d05f416de16d80c216177770f24fcedbca93",
            "version": "6.0.0-6-next.27"
        }
    ]
}