{
    "results": [
        {
            "command": "npm install jquery",
            "mean": 16.348950399874997,
            "median": 15.374624909675,
            "max": 20.702555206675,
            "min": 14.599429620675,
            "user": 15.49900792,
            "stddev": 2.1297599116699493,
            "system": 0.81419273,
            "commit": "c168b4e47a600d56f786a380d652478d7763153b",
            "version": "4.12.2"
        }
    ]
}