{
    "results": [
        {
            "command": "npm info jquery",
            "mean": 0.8482495323550001,
            "median": 0.8472540530550001,
            "max": 0.8618800300550001,
            "min": 0.8316767650550001,
            "user": 0.4309924049999999,
            "stddev": 0.008449169354972755,
            "system": 0.04465388,
            "commit": "b261741ef692a6348ec86cd0e0811db08376c312",
            "version": "6.0.0-6-next.24"
        }
    ]
}