{
    "results": [
        {
            "command": null,
            "mean": 13.736158262319998,
            "median": 13.62997695452,
            "max": 14.995321944519999,
            "min": 13.21545779752
        }
    ]
}