{
    "results": [
        {
            "command": "npm install jquery",
            "mean": 13.736158262319998,
            "median": 13.62997695452,
            "max": 14.995321944519999,
            "min": 13.21545779752,
            "user": 13.111336425,
            "stddev": 0.5408610933460813,
            "system": 0.688495005,
            "commit": "b261741ef692a6348ec86cd0e0811db08376c312",
            "version": "6.0.0-6-next.24"
        }
    ]
}