{
    "results": [
        {
            "command": "npm info jquery",
            "mean": 1.2151445381900001,
            "median": 1.18624009109,
            "max": 1.43401975959,
            "min": 1.11974500959,
            "user": 0.590254505,
            "stddev": 0.09101129937866798,
            "system": 0.066163665,
            "commit": "b261741ef692a6348ec86cd0e0811db08376c312",
            "version": "5.1.3"
        }
    ]
}