{
    "results": [
        {
            "command": null,
            "mean": 0.8482495323550001,
            "median": 0.8472540530550001,
            "max": 0.8618800300550001,
            "min": 0.8316767650550001
        }
    ]
}