{
    "results": [
        {
            "command": null,
            "mean": 1.2151445381900001,
            "median": 1.18624009109,
            "max": 1.43401975959,
            "min": 1.11974500959
        }
    ]
}