{
    "results": [
        {
            "command": null,
            "mean": 0.9281205857400001,
            "median": 0.8743262458400001,
            "max": 1.10630995334,
            "min": 0.8405019503400001
        }
    ]
}