{
    "results": [
        {
            "command": "npm info jquery",
            "mean": 0.9281205857400001,
            "median": 0.8743262458400001,
            "max": 1.10630995334,
            "min": 0.8405019503400001,
            "user": 0.438286325,
            "stddev": 0.09281641303337582,
            "system": 0.055329485,
            "commit": "b261741ef692a6348ec86cd0e0811db08376c312",
            "version": "3.13.1"
        }
    ]
}