{
    "results": [
        {
            "command": null,
            "mean": 14.925897112465,
            "median": 14.697554915565,
            "max": 15.846420120065,
            "min": 14.487051936064999
        }
    ]
}