{
    "results": [
        {
            "command": "npm install jquery",
            "mean": 9.978852454824999,
            "median": 9.871925500425,
            "max": 10.822299800425,
            "min": 9.587367528425,
            "user": 9.330145939999998,
            "stddev": 0.3824291091639638,
            "system": 0.5319169699999999,
            "commit": "e0d639a1a6c9db97eea51882723ad253f3aa3a85",
            "version": "5.5.0"
        }
    ]
}