{
    "results": [
        {
            "command": "npm info jquery",
            "mean": 0.9972045188750001,
            "median": 0.9833580203750001,
            "max": 1.160226727875,
            "min": 0.9654946118750001,
            "user": 0.44282084,
            "stddev": 0.05789907940500535,
            "system": 0.041238250000000004,
            "commit": "736e7de600c556861f8f255f01e203d901d643db",
            "version": "3.13.1"
        }
    ]
}