{
    "results": [
        {
            "command": "npm info jquery",
            "mean": 0.99741099822,
            "median": 0.9414405745200001,
            "max": 1.3209762085199999,
            "min": 0.89477850152,
            "user": 0.47993268999999994,
            "stddev": 0.14478925044717886,
            "system": 0.055410835000000006,
            "commit": "57d26af66175042c8c780edfa6e25c0cf259a653",
            "version": "5.1.3"
        }
    ]
}