{
    "results": [
        {
            "command": "npm info jquery",
            "mean": 1.0540700514699999,
            "median": 0.9959637255700001,
            "max": 1.35891057357,
            "min": 0.95853077857,
            "user": 0.415576465,
            "stddev": 0.1461468809907658,
            "system": 0.04014235000000001,
            "commit": "be2626fcd55b4b2fdce438f3123549c18a8a94af",
            "version": "3.13.1"
        }
    ]
}