{
    "results": [
        {
            "command": null,
            "mean": 0.9720609335000001,
            "median": 0.9719532361000001,
            "max": 0.9977255546000001,
            "min": 0.9507312576000001
        }
    ]
}