{
    "results": [
        {
            "command": null,
            "mean": 0.94339177163,
            "median": 0.9203354341300001,
            "max": 1.13175015763,
            "min": 0.9026618766300001
        }
    ]
}