{
    "results": [
        {
            "command": null,
            "mean": 18.016036993549996,
            "median": 17.11229124645,
            "max": 24.49809120745,
            "min": 16.582574082449998
        }
    ]
}