{
    "results": [
        {
            "command": null,
            "mean": 16.37873847614,
            "median": 16.25391765554,
            "max": 17.74854811154,
            "min": 15.54152458754
        }
    ]
}