{
    "results": [
        {
            "command": "npm info jquery",
            "mean": 0.9720609335000001,
            "median": 0.9719532361000001,
            "max": 0.9977255546000001,
            "min": 0.9507312576000001,
            "user": 0.539709855,
            "stddev": 0.017567026960101206,
            "system": 0.055158445,
            "commit": "4c40fa66641c29a5079a86f9e1fc4b6ab89dc837",
            "version": "5.1.0"
        }
    ]
}