{
    "results": [
        {
            "command": null,
            "mean": 16.79118584917,
            "median": 16.552980036370002,
            "max": 18.39581569787,
            "min": 16.33868621987
        }
    ]
}