{
    "results": [
        {
            "command": "npm install jquery",
            "mean": 16.559652764735,
            "median": 16.403940626335,
            "max": 17.773064722835,
            "min": 16.077151111835,
            "user": 15.84803811,
            "stddev": 0.4961662171142206,
            "system": 0.767212595,
            "commit": "54b17f4442f9ed8255656a66209476a220e94eea",
            "version": "5.1.0"
        }
    ]
}