{
    "results": [
        {
            "command": null,
            "mean": 1.262275277785,
            "median": 1.231388762285,
            "max": 1.586177888285,
            "min": 1.108350918285
        }
    ]
}