{
    "results": [
        {
            "command": null,
            "mean": 9.8603703458,
            "median": 9.782173503100001,
            "max": 10.5043477866,
            "min": 9.468328337600001
        }
    ]
}