{
    "results": [
        {
            "command": null,
            "mean": 1.1385933438299998,
            "median": 1.0767710102299999,
            "max": 1.38164533523,
            "min": 0.9973220582300001
        }
    ]
}