{
    "results": [
        {
            "command": "npm info jquery",
            "mean": 1.016601158855,
            "median": 0.962440866455,
            "max": 1.455147329955,
            "min": 0.9413701119550001,
            "user": 0.5278306749999999,
            "stddev": 0.15586378419674446,
            "system": 0.05427180499999999,
            "commit": "61bbede301df23c6ba5b910123c1a655bc33dd8f",
            "version": "5.5.2"
        }
    ]
}