{
    "results": [
        {
            "command": "npm info jquery",
            "mean": 1.1385933438299998,
            "median": 1.0767710102299999,
            "max": 1.38164533523,
            "min": 0.9973220582300001,
            "user": 0.42324683499999993,
            "stddev": 0.1367338613747734,
            "system": 0.046411229999999984,
            "commit": "61bbede301df23c6ba5b910123c1a655bc33dd8f",
            "version": "6.0.0-6-next.31"
        }
    ]
}