{
    "results": [
        {
            "command": "npm install jquery",
            "mean": 14.729929482739996,
            "median": 14.63775184044,
            "max": 15.95375101244,
            "min": 14.030465093439998,
            "user": 14.024945615000002,
            "stddev": 0.5725934141952628,
            "system": 0.734166515,
            "commit": "c168b4e47a600d56f786a380d652478d7763153b",
            "version": "5.1.3"
        }
    ]
}