{
    "results": [
        {
            "command": "npm info jquery",
            "mean": 1.058441947335,
            "median": 0.9919602067350001,
            "max": 1.357552885235,
            "min": 0.9565115602350001,
            "user": 0.5192662699999999,
            "stddev": 0.12813833237084551,
            "system": 0.057338864999999996,
            "commit": "b261741ef692a6348ec86cd0e0811db08376c312",
            "version": "4.12.2"
        }
    ]
}