{
    "results": [
        {
            "command": "npm info jquery",
            "mean": 0.971652569795,
            "median": 0.9497779606950001,
            "max": 1.1472620061949999,
            "min": 0.9322473691950001,
            "user": 0.5078390499999998,
            "stddev": 0.0639445122918432,
            "system": 0.05538476,
            "commit": "f13dacef9c9741661ab8ff16fd3c1174c45ce7f9",
            "version": "3.13.1"
        }
    ]
}