{
    "results": [
        {
            "command": "npm install jquery",
            "mean": 14.48572722904,
            "median": 14.42651831894,
            "max": 15.40297981694,
            "min": 13.97916630094,
            "user": 13.753460444999998,
            "stddev": 0.4235697641153185,
            "system": 0.7685754699999999,
            "commit": "73b3479a3aa36ed295b39ecd45585ac57c320955",
            "version": "5.5.0"
        }
    ]
}