{
    "results": [
        {
            "command": "npm info jquery",
            "mean": 1.0171944566200002,
            "median": 0.99637128902,
            "max": 1.24862358652,
            "min": 0.9752780115200002,
            "user": 0.430870675,
            "stddev": 0.08241827061995731,
            "system": 0.050854105,
            "commit": "73b3479a3aa36ed295b39ecd45585ac57c320955",
            "version": "6.0.0-6-next.30"
        }
    ]
}