{
    "results": [
        {
            "command": "npm info jquery",
            "mean": 0.961430026515,
            "median": 0.9462505816150001,
            "max": 1.137889958615,
            "min": 0.9141381216150001,
            "user": 0.5071298599999999,
            "stddev": 0.06368235916068903,
            "system": 0.055373130000000007,
            "commit": "73b3479a3aa36ed295b39ecd45585ac57c320955",
            "version": "3.13.1"
        }
    ]
}