{
    "results": [
        {
            "command": null,
            "mean": 1.0171944566200002,
            "median": 0.99637128902,
            "max": 1.24862358652,
            "min": 0.9752780115200002
        }
    ]
}