{
    "results": [
        {
            "command": "npm install jquery",
            "mean": 12.572210350845001,
            "median": 12.567065569145,
            "max": 13.106922925645,
            "min": 12.105735894645,
            "user": 12.086415055,
            "stddev": 0.2784645902793879,
            "system": 0.650161135,
            "commit": "1a3b0db56302ee80b898379044eda5b2d73473c1",
            "version": "4.12.2"
        }
    ]
}