{
    "results": [
        {
            "command": null,
            "mean": 13.04811144365,
            "median": 12.98585525335,
            "max": 14.32286953735,
            "min": 12.619468177349999
        }
    ]
}