{
    "results": [
        {
            "command": null,
            "mean": 16.84608929418,
            "median": 16.59674255658,
            "max": 18.65358261658,
            "min": 16.30611737358
        }
    ]
}