{
    "results": [
        {
            "command": "npm install jquery",
            "mean": 16.1449357568,
            "median": 16.017357092,
            "max": 18.1466676615,
            "min": 15.6149036185,
            "user": 15.432818319999999,
            "stddev": 0.7345404663159038,
            "system": 0.7998453149999999,
            "commit": "f625c114bb5078200503bd165a495f4cd52a6e44",
            "version": "3.13.1"
        }
    ]
}