{
    "results": [
        {
            "command": "npm install jquery",
            "mean": 13.04811144365,
            "median": 12.98585525335,
            "max": 14.32286953735,
            "min": 12.619468177349999,
            "user": 12.604046479999997,
            "stddev": 0.5018004414287852,
            "system": 0.623220585,
            "commit": "f625c114bb5078200503bd165a495f4cd52a6e44",
            "version": "5.1.2"
        }
    ]
}