{
    "results": [
        {
            "command": "npm install jquery",
            "mean": 16.84608929418,
            "median": 16.59674255658,
            "max": 18.65358261658,
            "min": 16.30611737358,
            "user": 16.279608335,
            "stddev": 0.6799910683554964,
            "system": 0.8611402049999999,
            "commit": "f625c114bb5078200503bd165a495f4cd52a6e44",
            "version": "4.12.2"
        }
    ]
}