{
    "results": [
        {
            "command": "npm info jquery",
            "mean": 1.1652444788999998,
            "median": 1.149416266,
            "max": 1.291334069,
            "min": 1.077973275,
            "user": 0.536888465,
            "stddev": 0.07259642646961097,
            "system": 0.06350389499999999,
            "commit": "a73b0a9d1cd3c7bd02e614124564274de98014c3",
            "version": "6.0.0-6-next.24"
        }
    ]
}