{
    "results": [
        {
            "command": null,
            "mean": 11.40578950346,
            "median": 11.306466015560002,
            "max": 11.87957354706,
            "min": 11.15821471006
        }
    ]
}