{
    "results": [
        {
            "command": null,
            "mean": 11.66065303649,
            "median": 11.53906665989,
            "max": 12.547318865889999,
            "min": 11.21655545789
        }
    ]
}