{
    "results": [
        {
            "command": "npm install jquery",
            "mean": 11.40578950346,
            "median": 11.306466015560002,
            "max": 11.87957354706,
            "min": 11.15821471006,
            "user": 12.409099699999997,
            "stddev": 0.26907300304111015,
            "system": 0.695373835,
            "commit": "a73b0a9d1cd3c7bd02e614124564274de98014c3",
            "version": "4.12.2"
        }
    ]
}