{
    "results": [
        {
            "command": null,
            "mean": 1.03852253565,
            "median": 1.04304852355,
            "max": 1.13974661605,
            "min": 0.93365689905
        }
    ]
}