{
    "results": [
        {
            "command": null,
            "mean": 12.33774704776,
            "median": 12.275597943760001,
            "max": 13.28270698026,
            "min": 11.80432311126
        }
    ]
}