{
    "results": [
        {
            "command": null,
            "mean": 13.721757188875,
            "median": 13.967253489375,
            "max": 15.670151426875,
            "min": 12.483479282874999
        }
    ]
}