{
  "results": [
    {
      "command": "npm info jquery",
      "mean": 0.41807090932,
      "stddev": 0.024217457050209605,
      "median": 0.41260532301999997,
      "user": 0.35918932,
      "system": 0.0327928,
      "min": 0.39801353652,
      "max": 0.47986254052,
      "times": [
        0.39988204852,
        0.47986254052,
        0.41019101152,
        0.39913704352,
        0.39801353652,
        0.42245908652,
        0.43081073852,
        0.41801295952,
        0.40732049352,
        0.41501963452
      ],
      "exit_codes": [
        0,
        0,
        0,
        0,
        0,
        0,
        0,
        0,
        0,
        0
      ]
    }
  ]
}
