{
  "results": [
    {
      "command": "npm info jquery",
      "mean": 0.4267174667400001,
      "stddev": 0.02724952592858332,
      "median": 0.42463704094000004,
      "user": 0.35783198,
      "system": 0.03442768,
      "min": 0.39533843544,
      "max": 0.46072878144,
      "times": [
        0.45449299844,
        0.44072127644000003,
        0.45102123044000003,
        0.40285927544000005,
        0.45268033944,
        0.46072878144,
        0.40855280544000006,
        0.40382648044,
        0.39533843544,
        0.39695304444
      ],
      "exit_codes": [
        0,
        0,
        0,
        0,
        0,
        0,
        0,
        0,
        0,
        0
      ]
    }
  ]
}
