{
  "results": [
    {
      "command": "npm info jquery",
      "mean": 0.407592702,
      "stddev": 0.03851429722126022,
      "median": 0.39386835830000005,
      "user": 0.3548191599999999,
      "system": 0.030633479999999998,
      "min": 0.38121450580000005,
      "max": 0.5133442858,
      "times": [
        0.38954994480000005,
        0.5133442858,
        0.39264853880000006,
        0.41123269980000005,
        0.39508817780000005,
        0.3908932828000001,
        0.3862402938,
        0.38121450580000005,
        0.4108186388,
        0.40489665180000006
      ],
      "exit_codes": [
        0,
        0,
        0,
        0,
        0,
        0,
        0,
        0,
        0,
        0
      ]
    }
  ]
}
