{
  "results": [
    {
      "command": "npm info jquery",
      "mean": 0.41461012226000005,
      "stddev": 0.013171095209257827,
      "median": 0.41392372736,
      "user": 0.35526097999999995,
      "system": 0.04651779999999999,
      "min": 0.39975835936,
      "max": 0.43588985936,
      "times": [
        0.42197504536,
        0.39975835936,
        0.41137297336,
        0.42366574736,
        0.43588985936,
        0.41647448136,
        0.43061961136,
        0.40004832936,
        0.40133114136,
        0.40496567436
      ],
      "exit_codes": [
        0,
        0,
        0,
        0,
        0,
        0,
        0,
        0,
        0,
        0
      ]
    }
  ]
}
