{
    "results": [
        {
            "command": "npm install jquery",
            "mean": 20.189120928620003,
            "median": 20.189630085220003,
            "max": 20.59758628922,
            "min": 19.74287663422,
            "user": 19.792459724999997,
            "stddev": 0.25690460790680053,
            "system": 0.9547527249999999,
            "commit": "3f984485663477492172960dbf65d89603597de0",
            "version": "3.13.1"
        }
    ]
}