{
    "results": [
        {
            "command": null,
            "mean": 0.7760128979600001,
            "median": 0.7602583671600001,
            "max": 0.9359804141600001,
            "min": 0.7333748841600001
        }
    ]
}