{
    "results": [
        {
            "command": "npm install jquery",
            "mean": 17.633535719885003,
            "median": 17.569257822785,
            "max": 18.060741278785002,
            "min": 17.444674230785,
            "user": 16.971706259999998,
            "stddev": 0.18600279716097617,
            "system": 0.8541919300000002,
            "commit": "3f984485663477492172960dbf65d89603597de0",
            "version": "6.0.0-6-next.40"
        }
    ]
}