{
    "results": [
        {
            "command": "npm install jquery",
            "mean": 21.813978945215002,
            "median": 21.811412238515,
            "max": 22.320972788015002,
            "min": 21.139054006015,
            "user": 21.327106295,
            "stddev": 0.3493421419486922,
            "system": 1.0848340899999998,
            "commit": "3f984485663477492172960dbf65d89603597de0",
            "version": "5.10.2"
        }
    ]
}