{
    "results": [
        {
            "command": "npm install jquery",
            "mean": 19.794927938035002,
            "median": 19.753428945535,
            "max": 20.377259218035,
            "min": 19.639572314035,
            "user": 19.224606275000003,
            "stddev": 0.21777141449861015,
            "system": 1.00097321,
            "commit": "3f984485663477492172960dbf65d89603597de0",
            "version": "4.12.2"
        }
    ]
}