{
    "results": [
        {
            "command": "npm info jquery",
            "mean": 0.98275573621,
            "median": 0.9691369924100001,
            "max": 1.10778681491,
            "min": 0.9464811739100001,
            "user": 0.35666407499999997,
            "stddev": 0.047434041829008476,
            "system": 0.03682616,
            "commit": "3f984485663477492172960dbf65d89603597de0",
            "version": "6.0.0-6-next.40"
        }
    ]
}