{
    "results": [
        {
            "command": null,
            "mean": 19.794927938035002,
            "median": 19.753428945535,
            "max": 20.377259218035,
            "min": 19.639572314035
        }
    ]
}