{
    "results": [
        {
            "command": null,
            "mean": 0.98275573621,
            "median": 0.9691369924100001,
            "max": 1.10778681491,
            "min": 0.9464811739100001
        }
    ]
}