{
    "results": [
        {
            "command": null,
            "mean": 17.633535719885003,
            "median": 17.569257822785,
            "max": 18.060741278785002,
            "min": 17.444674230785
        }
    ]
}