{
    "results": [
        {
            "command": null,
            "mean": 1.0968233620949999,
            "median": 1.0861072382949999,
            "max": 1.147688242795,
            "min": 1.072663877795
        }
    ]
}