{
    "results": [
        {
            "command": "npm info jquery",
            "mean": 1.0968233620949999,
            "median": 1.0861072382949999,
            "max": 1.147688242795,
            "min": 1.072663877795,
            "user": 0.38736631999999993,
            "stddev": 0.025338578971486714,
            "system": 0.048655505,
            "commit": "3f984485663477492172960dbf65d89603597de0",
            "version": "3.13.1"
        }
    ]
}