{
    "results": [
        {
            "command": "npm info jquery",
            "mean": 0.8650832309450001,
            "median": 0.831458767745,
            "max": 0.9595378262450001,
            "min": 0.8177752352450001,
            "user": 0.41604919,
            "stddev": 0.06307754272080482,
            "system": 0.042688365,
            "commit": "95ed3db43ce681824c9b40fa7eb8b09039d053ea",
            "version": "5.1.0"
        }
    ]
}