{
    "results": [
        {
            "command": "npm install jquery",
            "mean": 26.518667944384998,
            "median": 26.674281684585,
            "max": 27.528233271585,
            "min": 25.480978148585002,
            "user": 26.011076905,
            "stddev": 0.7288910982856668,
            "system": 1.2342530500000002,
            "commit": "99c3960f7491941402032a7eebd52b3ab1bdf347",
            "version": "4.12.2"
        }
    ]
}