{
    "results": [
        {
            "command": "npm info jquery",
            "mean": 0.8674684482449999,
            "median": 0.852826152145,
            "max": 1.0266498986450001,
            "min": 0.8242150446450001,
            "user": 0.43931140499999993,
            "stddev": 0.05837950069982471,
            "system": 0.047596034999999995,
            "commit": "c168b4e47a600d56f786a380d652478d7763153b",
            "version": "3.13.1"
        }
    ]
}