{
    "results": [
        {
            "command": null,
            "mean": 10.24247333393,
            "median": 10.181896014430002,
            "max": 11.23205049843,
            "min": 9.84693548143
        }
    ]
}