{
    "results": [
        {
            "command": "npm install jquery",
            "mean": 13.297016316730003,
            "median": 12.762508723629999,
            "max": 18.52108085213,
            "min": 12.39758175413,
            "user": 12.883400810000001,
            "stddev": 1.8542707119754491,
            "system": 0.669371985,
            "commit": "c168b4e47a600d56f786a380d652478d7763153b",
            "version": "3.13.1"
        }
    ]
}