{
    "results": [
        {
            "command": null,
            "mean": 0.8674684482449999,
            "median": 0.852826152145,
            "max": 1.0266498986450001,
            "min": 0.8242150446450001
        }
    ]
}