{
    "results": [
        {
            "command": null,
            "mean": 1.1985868590900002,
            "median": 1.1855889344900001,
            "max": 1.33616001499,
            "min": 1.12016665799
        }
    ]
}