{
    "results": [
        {
            "command": "npm install jquery",
            "mean": 10.24247333393,
            "median": 10.181896014430002,
            "max": 11.23205049843,
            "min": 9.84693548143,
            "user": 9.536171024999998,
            "stddev": 0.4025829191439121,
            "system": 0.52004327,
            "commit": "c168b4e47a600d56f786a380d652478d7763153b",
            "version": "6.0.0-6-next.24"
        }
    ]
}