{
    "results": [
        {
            "command": "npm install jquery",
            "mean": 10.690680909894999,
            "median": 10.547607616095,
            "max": 11.931465039095,
            "min": 10.362997081095,
            "user": 9.871184414999998,
            "stddev": 0.4597971062476339,
            "system": 0.5397154,
            "commit": "02c5e76eec873685a6a96f62517e3f77ab488103",
            "version": "3.13.1"
        }
    ]
}