{
    "results": [
        {
            "command": "npm info jquery",
            "mean": 0.8355400016650002,
            "median": 0.8371669203650001,
            "max": 0.850128749365,
            "min": 0.8105843303650001,
            "user": 0.426943405,
            "stddev": 0.012791447043124937,
            "system": 0.040804405,
            "commit": "73e6863426497b61ff1b3e61b577909b70cf683d",
            "version": "5.1.0"
        }
    ]
}