{
    "results": [
        {
            "command": "npm install jquery",
            "mean": 12.800985037095,
            "median": 12.760610243195,
            "max": 13.601021816194999,
            "min": 12.239001463195,
            "user": 12.214364445,
            "stddev": 0.3801160914758512,
            "system": 0.6486862199999999,
            "commit": "c45711ade518d4779047735153d7d964ae3e7a19",
            "version": "3.13.1"
        }
    ]
}