{
    "results": [
        {
            "command": "npm info jquery",
            "mean": 1.00774566165,
            "median": 0.99198057325,
            "max": 1.09478442725,
            "min": 0.9640926522500001,
            "user": 0.45078524,
            "stddev": 0.04535170698217595,
            "system": 0.046146445,
            "commit": "90b8bc242c9f801b1b91c7f31d10348ab860c677",
            "version": "3.13.1"
        }
    ]
}