{
    "results": [
        {
            "command": "npm info jquery",
            "mean": 1.035077842475,
            "median": 1.012575747775,
            "max": 1.131767235275,
            "min": 0.9759418802750001,
            "user": 0.5567814600000001,
            "stddev": 0.05600185924993367,
            "system": 0.057626315,
            "commit": "b261741ef692a6348ec86cd0e0811db08376c312",
            "version": "3.13.1"
        }
    ]
}