{
    "results": [
        {
            "command": "npm info jquery",
            "mean": 0.9103012773450002,
            "median": 0.884812261645,
            "max": 1.1104918426450001,
            "min": 0.861547796645,
            "user": 0.476573625,
            "stddev": 0.0726969741931029,
            "system": 0.04281154,
            "commit": "09a7cf345658047a85d44d0b85594c58270cdf26",
            "version": "3.13.1"
        }
    ]
}