{
    "results": [
        {
            "command": "npm info jquery",
            "mean": 1.8326060567350004,
            "median": 1.3491837055350002,
            "max": 5.387764175535,
            "min": 1.2858181995350002,
            "user": 0.590024535,
            "stddev": 1.2671395785886208,
            "system": 0.05601826499999999,
            "commit": "c40eae41dee2fe7c5826738b86b318cd86ca268f",
            "version": "6.0.0-6-next.35"
        }
    ]
}