{
    "results": [
        {
            "command": "npm install jquery",
            "mean": 14.543465647585,
            "median": 14.166551154685,
            "max": 18.447719336185,
            "min": 13.339213997185,
            "user": 13.52393322,
            "stddev": 1.4606694529189528,
            "system": 0.6426822500000001,
            "commit": "09a7cf345658047a85d44d0b85594c58270cdf26",
            "version": "3.13.1"
        }
    ]
}