{
    "results": [
        {
            "command": "npm install jquery",
            "mean": 16.264627012505,
            "median": 15.655907215105,
            "max": 22.982572703605,
            "min": 15.083925258605001,
            "user": 15.307737174999996,
            "stddev": 2.371809811591335,
            "system": 0.803231845,
            "commit": "9e29bf88909c14e71ca0547ac6026186cc19edc0",
            "version": "3.13.1"
        }
    ]
}