{
    "results": [
        {
            "command": "npm install jquery",
            "mean": 15.942328999205,
            "median": 15.874167309005001,
            "max": 17.616480416005,
            "min": 15.119266802005,
            "user": 15.343556615,
            "stddev": 0.6831367284481819,
            "system": 0.7359745249999999,
            "commit": "8ca5fe6d267038aa43ac943a076daabdca033376",
            "version": "5.1.0"
        }
    ]
}