{
    "results": [
        {
            "command": "npm info jquery",
            "mean": 0.9971351997400001,
            "median": 0.95779137694,
            "max": 1.1682354239400001,
            "min": 0.9217372929400001,
            "user": 0.5156978299999999,
            "stddev": 0.0833793482078826,
            "system": 0.055140375000000005,
            "commit": "4c40fa66641c29a5079a86f9e1fc4b6ab89dc837",
            "version": "3.13.1"
        }
    ]
}