{
    "results": [
        {
            "command": "npm info jquery",
            "mean": 1.075181185685,
            "median": 1.049058057785,
            "max": 1.218164109785,
            "min": 1.0080726177850001,
            "user": 0.4885975899999999,
            "stddev": 0.07170290148802841,
            "system": 0.048249385,
            "commit": "95ed3db43ce681824c9b40fa7eb8b09039d053ea",
            "version": "3.13.1"
        }
    ]
}