{
   "6": [
      {
         "timestamp": 1670758314000,
         "mean": 0.009603598075,
         "median": 0.00903096224,
         "min": 0.00777138824,
         "max": 0.042024213240000004
      }
   ],
   "3.13.1": [
      {
         "timestamp": 1670758314000,
         "mean": 0.006461497425999994,
         "median": 0.006115930700000001,
         "min": 0.0058974317000000005,
         "max": 0.0326478877
      }
   ],
   "4.12.2": [
      {
         "timestamp": 1670758314000,
         "mean": 0.008912612664999995,
         "median": 0.00849510916,
         "min": 0.00749837366,
         "max": 0.03503271866
      }
   ],
   "5.18.0": [
      {
         "timestamp": 1670758314000,
         "mean": 0.00855647076300001,
         "median": 0.00807765392,
         "min": 0.0067028754200000006,
         "max": 0.03335379242
      }
   ]
}