{
    "results": [
        {
            "command": "npm info jquery",
            "mean": 1.089615333365,
            "median": 1.091108194365,
            "max": 1.260120265365,
            "min": 0.9468227223650001,
            "user": 0.44107377999999997,
            "stddev": 0.12605317505329117,
            "system": 0.04600916,
            "commit": "980b09e40c5fcfdfc2742b601809f303f9f952cf",
            "version": "6.0.0-6-next.27"
        }
    ]
}