{
    "results": [
        {
            "command": "npm info jquery",
            "mean": 1.02480680242,
            "median": 1.0003783673200002,
            "max": 1.17485538082,
            "min": 0.9683341098200001,
            "user": 0.46541805499999994,
            "stddev": 0.06117037027870742,
            "system": 0.049333265,
            "commit": "b261741ef692a6348ec86cd0e0811db08376c312",
            "version": "3.13.1"
        }
    ]
}