{
    "results": [
        {
            "command": "npm info jquery",
            "mean": 0.8836841098650001,
            "median": 0.868103766665,
            "max": 1.003011615165,
            "min": 0.811790431165,
            "user": 0.3913846249999999,
            "stddev": 0.07049711697349714,
            "system": 0.04410390499999999,
            "commit": "136771eb393d0a6a9f0b0738c0554d1085c44081",
            "version": "3.13.1"
        }
    ]
}