{
    "results": [
        {
            "command": "npm info jquery",
            "mean": 1.00269118806,
            "median": 0.9502764723600001,
            "max": 1.25279812186,
            "min": 0.9299364848600001,
            "user": 0.508495415,
            "stddev": 0.10213295882661484,
            "system": 0.05842876500000001,
            "commit": "128cd6898def9c0879c4f687f4067b2cf9191482",
            "version": "5.3.0"
        }
    ]
}