{
    "results": [
        {
            "command": "npm install jquery",
            "mean": 10.385038684725,
            "median": 10.418825991524999,
            "max": 10.673726826525,
            "min": 10.084067450525,
            "user": 9.767771094999999,
            "stddev": 0.18495534980460943,
            "system": 0.530595495,
            "commit": "9fb5429d1865e7ccfe9e021332863baf596638b6",
            "version": "4.12.2"
        }
    ]
}