{
    "results": [
        {
            "command": "npm info jquery",
            "mean": 0.9256661215650002,
            "median": 0.909394987465,
            "max": 1.0596889329649999,
            "min": 0.843040281965,
            "user": 0.43120008,
            "stddev": 0.07721462432850165,
            "system": 0.054249844999999984,
            "commit": "b78f35257e8a7284ccf30d948a73042da392f151",
            "version": "4.12.2"
        }
    ]
}