{
    "results": [
        {
            "command": null,
            "mean": 0.9857742123100002,
            "median": 0.9502823816100001,
            "max": 1.12432543261,
            "min": 0.9263869116100001
        }
    ]
}