{
    "results": [
        {
            "command": "npm info jquery",
            "mean": 0.9918871732800001,
            "median": 0.97441228388,
            "max": 1.11861758338,
            "min": 0.94964736638,
            "user": 0.418948435,
            "stddev": 0.049786332142852864,
            "system": 0.050841504999999995,
            "commit": "4cd71c64091e8788b858b212b86d5286de160fe3",
            "version": "5.5.2"
        }
    ]
}