{
    "results": [
        {
            "command": null,
            "mean": 12.84530798705,
            "median": 12.774465941949998,
            "max": 14.46841564745,
            "min": 12.286663566449999
        }
    ]
}