{
    "results": [
        {
            "command": "npm info jquery",
            "mean": 0.9857742123100002,
            "median": 0.9502823816100001,
            "max": 1.12432543261,
            "min": 0.9263869116100001,
            "user": 0.5188896849999999,
            "stddev": 0.07134691146481553,
            "system": 0.05093696499999999,
            "commit": "4cd71c64091e8788b858b212b86d5286de160fe3",
            "version": "4.12.2"
        }
    ]
}