{
    "results": [
        {
            "command": null,
            "mean": 0.9918871732800001,
            "median": 0.97441228388,
            "max": 1.11861758338,
            "min": 0.94964736638
        }
    ]
}