{
    "results": [
        {
            "command": null,
            "mean": 1.167878204395,
            "median": 1.070204046695,
            "max": 1.9165668641950002,
            "min": 0.9462685401950001
        }
    ]
}