{
    "results": [
        {
            "command": "npm install jquery",
            "mean": 13.73348106647,
            "median": 13.67631514847,
            "max": 14.94521573697,
            "min": 13.34547453797,
            "user": 13.032728774999999,
            "stddev": 0.45474774787737154,
            "system": 0.6548849549999999,
            "commit": "4cd71c64091e8788b858b212b86d5286de160fe3",
            "version": "3.13.1"
        }
    ]
}