{
    "results": [
        {
            "command": "npm install jquery",
            "mean": 14.715415453395,
            "median": 14.587239844195,
            "max": 15.652987976695,
            "min": 14.269140618695,
            "user": 14.198569489999997,
            "stddev": 0.40364354057487417,
            "system": 0.73085109,
            "commit": "b261741ef692a6348ec86cd0e0811db08376c312",
            "version": "6.0.0-6-next.24"
        }
    ]
}