{
    "results": [
        {
            "command": "npm info jquery",
            "mean": 1.14564420691,
            "median": 1.1680784097099999,
            "max": 1.46513871471,
            "min": 0.9593793607100001,
            "user": 0.559899835,
            "stddev": 0.16233130103099316,
            "system": 0.06019949,
            "commit": "73b3479a3aa36ed295b39ecd45585ac57c320955",
            "version": "6.0.0-6-next.30"
        }
    ]
}