{
    "results": [
        {
            "command": "npm info jquery",
            "mean": 1.27538266255,
            "median": 1.23725885365,
            "max": 1.44680791965,
            "min": 1.10301236565,
            "user": 0.560574455,
            "stddev": 0.1304219386766458,
            "system": 0.07102357499999999,
            "commit": "586f1b06845b2c43e0f308915ab0a3c2c68999c2",
            "version": "4.12.2"
        }
    ]
}