{
    "results": [
        {
            "command": "npm info jquery",
            "mean": 1.20053008084,
            "median": 1.08995589114,
            "max": 1.60441707264,
            "min": 1.04057197264,
            "user": 0.48656821,
            "stddev": 0.21664245890112505,
            "system": 0.049642195000000014,
            "commit": "b6495d5b6c028fc7184912deaa1e7848846241a5",
            "version": "4.12.2"
        }
    ]
}