{
    "results": [
        {
            "command": "npm info jquery",
            "mean": 0.9299722768450002,
            "median": 0.869368529845,
            "max": 1.327264712345,
            "min": 0.8279859983450001,
            "user": 0.41305207,
            "stddev": 0.14695473821194066,
            "system": 0.045466120000000006,
            "commit": "b6495d5b6c028fc7184912deaa1e7848846241a5",
            "version": "3.13.1"
        }
    ]
}