{
    "results": [
        {
            "command": "npm install jquery",
            "mean": 17.04713152483,
            "median": 16.14229338833,
            "max": 23.661048517330002,
            "min": 15.81320354733,
            "user": 16.297049295,
            "stddev": 2.418900574686678,
            "system": 0.818599245,
            "commit": "b6495d5b6c028fc7184912deaa1e7848846241a5",
            "version": "3.13.1"
        }
    ]
}