{
    "results": [
        {
            "command": null,
            "mean": 0.85636483865,
            "median": 0.8358977897500001,
            "max": 1.03073908275,
            "min": 0.81803744975
        }
    ]
}