{
    "results": [
        {
            "command": null,
            "mean": 17.04713152483,
            "median": 16.14229338833,
            "max": 23.661048517330002,
            "min": 15.81320354733
        }
    ]
}