{
    "results": [
        {
            "command": "npm install jquery",
            "mean": 13.89864478478,
            "median": 13.777731424479999,
            "max": 15.43047875648,
            "min": 13.30339696148,
            "user": 13.365759519999997,
            "stddev": 0.5999960647983552,
            "system": 0.727782025,
            "commit": "b6495d5b6c028fc7184912deaa1e7848846241a5",
            "version": "5.1.2"
        }
    ]
}