{
    "results": [
        {
            "command": null,
            "mean": 13.89864478478,
            "median": 13.777731424479999,
            "max": 15.43047875648,
            "min": 13.30339696148
        }
    ]
}