{
    "results": [
        {
            "command": "npm info jquery",
            "mean": 0.85636483865,
            "median": 0.8358977897500001,
            "max": 1.03073908275,
            "min": 0.81803744975,
            "user": 0.41757397999999996,
            "stddev": 0.06335985403319112,
            "system": 0.03913031499999999,
            "commit": "b6495d5b6c028fc7184912deaa1e7848846241a5",
            "version": "5.1.2"
        }
    ]
}