{
    "results": [
        {
            "command": null,
            "mean": 16.63907762135,
            "median": 15.94743668675,
            "max": 22.43855010825,
            "min": 15.58969403125
        }
    ]
}