{
    "results": [
        {
            "command": null,
            "mean": 0.9323560070400001,
            "median": 0.90641146884,
            "max": 1.04882343484,
            "min": 0.86039128584
        }
    ]
}