{
    "results": [
        {
            "command": "npm install jquery",
            "mean": 13.528128036959998,
            "median": 13.47902997956,
            "max": 14.57222017806,
            "min": 12.88541614106,
            "user": 12.778401974999998,
            "stddev": 0.48193301360370744,
            "system": 0.7020455649999999,
            "commit": "d04153a8e5323d2fa6512f7b4e11f03eab6448f0",
            "version": "4.12.2"
        }
    ]
}