{
    "results": [
        {
            "command": "npm info jquery",
            "mean": 0.9323560070400001,
            "median": 0.90641146884,
            "max": 1.04882343484,
            "min": 0.86039128584,
            "user": 0.45137014000000003,
            "stddev": 0.06417506763601699,
            "system": 0.05367092,
            "commit": "d04153a8e5323d2fa6512f7b4e11f03eab6448f0",
            "version": "3.13.1"
        }
    ]
}