{
    "results": [
        {
            "command": null,
            "mean": 1.03280208667,
            "median": 0.97243226047,
            "max": 1.25889559247,
            "min": 0.93910834547
        }
    ]
}