{
    "results": [
        {
            "command": "npm install jquery",
            "mean": 12.359566926125,
            "median": 11.896639187024999,
            "max": 15.687557615525,
            "min": 11.770824327525,
            "user": 11.70626715,
            "stddev": 1.2095716159634655,
            "system": 0.6529665,
            "commit": "d04153a8e5323d2fa6512f7b4e11f03eab6448f0",
            "version": "5.2.2"
        }
    ]
}