{
    "results": [
        {
            "command": null,
            "mean": 12.359566926125,
            "median": 11.896639187024999,
            "max": 15.687557615525,
            "min": 11.770824327525
        }
    ]
}