{
    "results": [
        {
            "command": null,
            "mean": 0.9087558737550001,
            "median": 0.856703073855,
            "max": 1.229789409855,
            "min": 0.822566160855
        }
    ]
}