{
    "results": [
        {
            "command": "npm info jquery",
            "mean": 0.9087558737550001,
            "median": 0.856703073855,
            "max": 1.229789409855,
            "min": 0.822566160855,
            "user": 0.42702133,
            "stddev": 0.12605339490254408,
            "system": 0.041885469999999994,
            "commit": "d04153a8e5323d2fa6512f7b4e11f03eab6448f0",
            "version": "6.0.0-6-next.27"
        }
    ]
}