{
    "results": [
        {
            "command": null,
            "mean": 13.528128036959998,
            "median": 13.47902997956,
            "max": 14.57222017806,
            "min": 12.88541614106
        }
    ]
}