{
    "results": [
        {
            "command": "npm info jquery",
            "mean": 1.1026945546049998,
            "median": 0.9970392886049999,
            "max": 1.522222893105,
            "min": 0.9611772941050001,
            "user": 0.5468641849999999,
            "stddev": 0.20612248706959524,
            "system": 0.061033835,
            "commit": "b6495d5b6c028fc7184912deaa1e7848846241a5",
            "version": "3.13.1"
        }
    ]
}