{
    "results": [
        {
            "command": "npm install jquery",
            "mean": 10.748562412904999,
            "median": 10.715723949305,
            "max": 11.548227695805,
            "min": 10.438173450805,
            "user": 10.055237055,
            "stddev": 0.3404757456340337,
            "system": 0.563047005,
            "commit": "31050ee369f6811de2012e3a55db1a6880965bc3",
            "version": "4.12.2"
        }
    ]
}