{
    "results": [
        {
            "command": "npm info jquery",
            "mean": 0.838521094735,
            "median": 0.843631370335,
            "max": 0.857954354835,
            "min": 0.8135433888350001,
            "user": 0.4121629799999999,
            "stddev": 0.0134615367653762,
            "system": 0.04046097,
            "commit": "3d45cecf04827712eb724a113e415dbda8ea2d90",
            "version": "5.1.0"
        }
    ]
}