{
    "results": [
        {
            "command": "npm info jquery",
            "mean": 1.5265596672050001,
            "median": 1.0345410720050001,
            "max": 6.039646224005,
            "min": 0.9245644430050001,
            "user": 0.5299356799999999,
            "stddev": 1.5873407380641267,
            "system": 0.055301525,
            "commit": "586f1b06845b2c43e0f308915ab0a3c2c68999c2",
            "version": "3.13.1"
        }
    ]
}