{
    "results": [
        {
            "command": "npm install jquery",
            "mean": 15.160057271404998,
            "median": 15.156659933204999,
            "max": 16.120742344205,
            "min": 14.445573140205001,
            "user": 14.215454499999998,
            "stddev": 0.43258208651352664,
            "system": 0.755876865,
            "commit": "02c5e76eec873685a6a96f62517e3f77ab488103",
            "version": "6.0.0-6-next.27"
        }
    ]
}