{
    "results": [
        {
            "command": "npm info jquery",
            "mean": 1.0308579994850002,
            "median": 1.002388480885,
            "max": 1.2089045653850001,
            "min": 0.977296610385,
            "user": 0.5488566599999999,
            "stddev": 0.07180685191020883,
            "system": 0.06215311999999999,
            "commit": "b970102bfc79742dc3f637927ba00a74159101ec",
            "version": "4.12.2"
        }
    ]
}