{
    "results": [
        {
            "command": "npm install jquery",
            "mean": 15.523381887265,
            "median": 15.430047249565,
            "max": 16.875121674564998,
            "min": 14.898492918565001,
            "user": 14.984666735,
            "stddev": 0.594956597586419,
            "system": 0.7514001599999999,
            "commit": "c168b4e47a600d56f786a380d652478d7763153b",
            "version": "4.12.2"
        }
    ]
}