{
    "results": [
        {
            "command": null,
            "mean": 1.1151093032400001,
            "median": 1.0861733947399999,
            "max": 1.34646731924,
            "min": 0.9746822942400001
        }
    ]
}