{
    "results": [
        {
            "command": "npm info jquery",
            "mean": 0.954165410475,
            "median": 0.9297612882750002,
            "max": 1.094575820275,
            "min": 0.8968234662750001,
            "user": 0.49170131499999997,
            "stddev": 0.06863137139701023,
            "system": 0.049179284999999996,
            "commit": "f5fd7bf5bfc728caaa35223d58811aa1383d6097",
            "version": "4.12.2"
        }
    ]
}