{
    "results": [
        {
            "command": null,
            "mean": 12.629486607345,
            "median": 12.275917860945,
            "max": 16.660803728445,
            "min": 11.580549034445
        }
    ]
}