{
    "results": [
        {
            "command": "npm install jquery",
            "mean": 14.698872424464998,
            "median": 12.911611772365,
            "max": 19.707228414364998,
            "min": 12.480074865365,
            "user": 14.267668434999996,
            "stddev": 3.0881757463674213,
            "system": 0.6799235749999999,
            "commit": "f5fd7bf5bfc728caaa35223d58811aa1383d6097",
            "version": "4.12.2"
        }
    ]
}