{
    "results": [
        {
            "command": "npm info jquery",
            "mean": 1.1344848023699998,
            "median": 1.0820811626699998,
            "max": 1.28540559867,
            "min": 1.0395136996699998,
            "user": 0.50076435,
            "stddev": 0.10384863480254737,
            "system": 0.04546554999999999,
            "commit": "f5fd7bf5bfc728caaa35223d58811aa1383d6097",
            "version": "5.1.3"
        }
    ]
}