{
    "results": [
        {
            "command": null,
            "mean": 14.698872424464998,
            "median": 12.911611772365,
            "max": 19.707228414364998,
            "min": 12.480074865365
        }
    ]
}