{
    "results": [
        {
            "command": null,
            "mean": 15.390106758695001,
            "median": 15.250633879995,
            "max": 16.785038762995,
            "min": 14.895980297995
        }
    ]
}