{
    "results": [
        {
            "command": null,
            "mean": 1.035825962905,
            "median": 1.0014627201049997,
            "max": 1.1716231391049998,
            "min": 0.9513398671050001
        }
    ]
}