{
    "results": [
        {
            "command": "npm info jquery",
            "mean": 1.035825962905,
            "median": 1.0014627201049997,
            "max": 1.1716231391049998,
            "min": 0.9513398671050001,
            "user": 0.5094732649999999,
            "stddev": 0.08401055832184683,
            "system": 0.05687132499999999,
            "commit": "f5fd7bf5bfc728caaa35223d58811aa1383d6097",
            "version": "6.0.0-6-next.23"
        }
    ]
}