{
    "results": [
        {
            "command": "npm install jquery",
            "mean": 15.115506369564997,
            "median": 14.551441934364998,
            "max": 18.508940515364998,
            "min": 14.352493343365,
            "user": 14.108913789999999,
            "stddev": 1.2852519765434904,
            "system": 0.69306316,
            "commit": "54b17f4442f9ed8255656a66209476a220e94eea",
            "version": "3.13.1"
        }
    ]
}