{
    "results": [
        {
            "command": "npm install jquery",
            "mean": 13.671004179865,
            "median": 13.248837331765,
            "max": 17.269294171765,
            "min": 13.060907174765,
            "user": 13.030507714999999,
            "stddev": 1.2835059610076314,
            "system": 0.7011586799999999,
            "commit": "5199775a0605ceea4453941c4eac6ceac03f0e13",
            "version": "4.12.2"
        }
    ]
}