{
    "results": [
        {
            "command": "npm info jquery",
            "mean": 1.1452864096449997,
            "median": 1.105603275345,
            "max": 1.3178794838449999,
            "min": 1.0501352578449998,
            "user": 0.5076301750000001,
            "stddev": 0.09156933801677315,
            "system": 0.05386055000000001,
            "commit": "955c93e2c95e8e0b1ef998c9c9714454c9ec28db",
            "version": "6.0.0-6-next.27"
        }
    ]
}