{
    "results": [
        {
            "command": "npm info jquery",
            "mean": 0.8619483778850002,
            "median": 0.8632319102850001,
            "max": 0.8830333957850001,
            "min": 0.8374394917850001,
            "user": 0.43305666500000006,
            "stddev": 0.013213700058936495,
            "system": 0.03819873,
            "commit": "d6febce1d9fc4e52d9db43fc393ab6232ef59f12",
            "version": "5.2.2"
        }
    ]
}