{
    "results": [
        {
            "command": "npm info jquery",
            "mean": 0.9655867370800001,
            "median": 0.8973873075800001,
            "max": 1.4713182510800003,
            "min": 0.87598288308,
            "user": 0.45302803999999997,
            "stddev": 0.1825252268787665,
            "system": 0.053360585,
            "commit": "b56d5cec39bc19828fd67dd476d72dcf983c107f",
            "version": "6.0.0-6-next.24"
        }
    ]
}