{
    "results": [
        {
            "command": "npm info jquery",
            "mean": 1.5634589215150003,
            "median": 1.5200775160150002,
            "max": 1.957070059015,
            "min": 1.275543097015,
            "user": 0.553889435,
            "stddev": 0.2747798809208194,
            "system": 0.05997388499999999,
            "commit": "f00cfb4f9787bb7c264946567dbaf366ae87d898",
            "version": "5.7.0"
        }
    ]
}