{
  "results": [
    {
      "command": "npm info jquery",
      "mean": 0.49455288065999997,
      "stddev": 0.01594595351875893,
      "median": 0.49242129636000004,
      "user": 0.4272464799999999,
      "system": 0.05079468,
      "min": 0.47461775586000005,
      "max": 0.52759379586,
      "times": [
        0.47819195186,
        0.48906016886000003,
        0.50272554386,
        0.49601906386000005,
        0.51032007386,
        0.48916327486000005,
        0.49567931786,
        0.52759379586,
        0.48215785986000004,
        0.47461775586000005
      ],
      "exit_codes": [
        0,
        0,
        0,
        0,
        0,
        0,
        0,
        0,
        0,
        0
      ]
    }
  ]
}
