{
  "results": [
    {
      "command": "npm info jquery",
      "mean": 0.5393703863000001,
      "stddev": 0.03670170230307929,
      "median": 0.5437618942,
      "user": 0.46204994,
      "system": 0.048883399999999994,
      "min": 0.48270499170000003,
      "max": 0.6148328177,
      "times": [
        0.6148328177,
        0.5471403047,
        0.5623658977,
        0.5471791057000001,
        0.5173180247,
        0.5361030387,
        0.48270499170000003,
        0.49524456570000003,
        0.5403834837,
        0.5504316327000001
      ],
      "exit_codes": [
        0,
        0,
        0,
        0,
        0,
        0,
        0,
        0,
        0,
        0
      ]
    }
  ]
}
