{
  "results": [
    {
      "command": "npm info jquery",
      "mean": 0.4480971317400001,
      "stddev": 0.03526652413579172,
      "median": 0.43716999744,
      "user": 0.37533806,
      "system": 0.03585645999999999,
      "min": 0.41293202744,
      "max": 0.5156196484400001,
      "times": [
        0.5075167674400001,
        0.43515628344,
        0.43418727644000005,
        0.43918371144,
        0.5156196484400001,
        0.44828847544000006,
        0.44474585044000003,
        0.41862136744,
        0.41293202744,
        0.42471990944000004
      ],
      "exit_codes": [
        0,
        0,
        0,
        0,
        0,
        0,
        0,
        0,
        0,
        0
      ]
    }
  ]
}
