{
  "results": [
    {
      "command": "npm info jquery",
      "mean": 0.42488277218000015,
      "stddev": 0.01831315108317182,
      "median": 0.4214209828800001,
      "user": 0.36753347999999997,
      "system": 0.04114714,
      "min": 0.40464951788000003,
      "max": 0.46807728688000005,
      "times": [
        0.41578614488000004,
        0.41007239488,
        0.44055366688,
        0.42133922288000003,
        0.46807728688000005,
        0.40464951788000003,
        0.42648827988000004,
        0.41228257388000006,
        0.42807589088000003,
        0.42150274288000006
      ],
      "exit_codes": [
        0,
        0,
        0,
        0,
        0,
        0,
        0,
        0,
        0,
        0
      ]
    }
  ]
}
