{
    "results": [
        {
            "command": "npm install jquery",
            "mean": 13.974305134560002,
            "median": 13.898464997760001,
            "max": 14.666463050760001,
            "min": 13.725528583760001,
            "user": 13.475681470000001,
            "stddev": 0.27828988261381593,
            "system": 0.6721232149999999,
            "commit": "2197d08e425086d721b5da8f7dfe03130ab140df",
            "version": "4.12.1"
        }
    ]
}