{
    "results": [
        {
            "command": "npm install jquery",
            "mean": 15.805496314730002,
            "median": 15.76220815423,
            "max": 17.14723713423,
            "min": 15.056335486230001,
            "user": 15.266508324999998,
            "stddev": 0.6741276271678269,
            "system": 0.7899910099999999,
            "commit": "c168b4e47a600d56f786a380d652478d7763153b",
            "version": "5.1.3"
        }
    ]
}