{
    "results": [
        {
            "command": "npm info jquery",
            "mean": 0.9944721953950001,
            "median": 0.975170109195,
            "max": 1.061826767195,
            "min": 0.949129612195,
            "user": 0.519874245,
            "stddev": 0.04598437748404503,
            "system": 0.05883052999999999,
            "commit": "8ca5fe6d267038aa43ac943a076daabdca033376",
            "version": "3.13.1"
        }
    ]
}