{
    "results": [
        {
            "command": "npm install jquery",
            "mean": 15.262842210090003,
            "median": 14.669661832590002,
            "max": 19.691932045090002,
            "min": 14.304943311090002,
            "user": 14.599266615,
            "stddev": 1.6357031920095846,
            "system": 0.74443608,
            "commit": "8d6d6097c692368e33c0b240b2c707ffc3bf963a",
            "version": "6.0.0-6-next.23"
        }
    ]
}