{
    "results": [
        {
            "command": "npm install jquery",
            "mean": 14.978857882049999,
            "median": 14.87904326315,
            "max": 15.92123774665,
            "min": 14.344262601650001,
            "user": 14.451478009999999,
            "stddev": 0.4322724452666163,
            "system": 0.73024626,
            "commit": "8d6d6097c692368e33c0b240b2c707ffc3bf963a",
            "version": "5.1.3"
        }
    ]
}