{
    "results": [
        {
            "command": null,
            "mean": 10.42027979627,
            "median": 9.84542870647,
            "max": 14.76053318047,
            "min": 9.604368898470002
        }
    ]
}