{
    "results": [
        {
            "command": "npm info jquery",
            "mean": 0.9419058567749999,
            "median": 0.937461259275,
            "max": 0.9930722912750001,
            "min": 0.913460568275,
            "user": 0.48499426999999995,
            "stddev": 0.02184130095746267,
            "system": 0.05857270999999999,
            "commit": "8d6d6097c692368e33c0b240b2c707ffc3bf963a",
            "version": "3.13.1"
        }
    ]
}