{
    "results": [
        {
            "command": null,
            "mean": 11.78013171376,
            "median": 11.16118837246,
            "max": 17.10660736146,
            "min": 11.068343927459999
        }
    ]
}