{
    "results": [
        {
            "command": "npm install jquery",
            "mean": 17.332133145789996,
            "median": 15.69558794449,
            "max": 22.785285065489997,
            "min": 15.35223127649,
            "user": 16.553956774999996,
            "stddev": 2.898732819140705,
            "system": 0.8055392149999998,
            "commit": "154b2ecd34b12748a15bf24be845542497f853a2",
            "version": "3.13.1"
        }
    ]
}