{
    "results": [
        {
            "command": "npm info jquery",
            "mean": 1.03369890971,
            "median": 1.01565347631,
            "max": 1.13797933131,
            "min": 1.0011795723099999,
            "user": 0.475444705,
            "stddev": 0.04273554846584629,
            "system": 0.050465384999999995,
            "commit": "b8c7b771ad635f55c928b94cca19b68d9535c9a0",
            "version": "4.12.2"
        }
    ]
}