{
    "results": [
        {
            "command": null,
            "mean": 11.217145811455001,
            "median": 11.172080602954999,
            "max": 11.867603297955,
            "min": 10.881716976955
        }
    ]
}