{
    "results": [
        {
            "command": null,
            "mean": 1.435314659535,
            "median": 1.406778470535,
            "max": 1.689130696535,
            "min": 1.219907164535
        }
    ]
}