{
    "results": [
        {
            "command": null,
            "mean": 0.9726701513249999,
            "median": 0.9495878695250002,
            "max": 1.094036979525,
            "min": 0.9185467185250001
        }
    ]
}