{
    "results": [
        {
            "command": null,
            "mean": 1.093206598535,
            "median": 1.002851808035,
            "max": 1.603981112535,
            "min": 0.9204896865350001
        }
    ]
}