{
    "results": [
        {
            "command": null,
            "mean": 16.12124029333,
            "median": 15.32461848793,
            "max": 21.62552967493,
            "min": 15.07044303893
        }
    ]
}