{
    "results": [
        {
            "command": null,
            "mean": 14.862327765495001,
            "median": 14.615919471295001,
            "max": 16.531265030295003,
            "min": 14.391705543295
        }
    ]
}