{
    "results": [
        {
            "command": "npm info jquery",
            "mean": 0.9719578624150003,
            "median": 0.932490029415,
            "max": 1.0980646474150002,
            "min": 0.900152885415,
            "user": 0.47879404999999997,
            "stddev": 0.07648290795376415,
            "system": 0.04406047,
            "commit": "9e29bf88909c14e71ca0547ac6026186cc19edc0",
            "version": "4.12.2"
        }
    ]
}