{
    "results": [
        {
            "command": "npm info jquery",
            "mean": 0.9477428863450001,
            "median": 0.9397961800450001,
            "max": 1.0718330145450001,
            "min": 0.8972533635450001,
            "user": 0.4920053449999999,
            "stddev": 0.049996844308338936,
            "system": 0.051991659999999995,
            "commit": "9e29bf88909c14e71ca0547ac6026186cc19edc0",
            "version": "3.13.1"
        }
    ]
}