{
    "results": [
        {
            "command": null,
            "mean": 10.970560993869999,
            "median": 10.868226016769999,
            "max": 12.23252336227,
            "min": 10.36179595827
        }
    ]
}