{
    "results": [
        {
            "command": null,
            "mean": 14.226430578629998,
            "median": 13.71193005843,
            "max": 18.46409200443,
            "min": 13.17843017943
        }
    ]
}