{
    "results": [
        {
            "command": null,
            "mean": 16.708203327634997,
            "median": 16.621644171635,
            "max": 18.336396437135,
            "min": 15.966876357135
        }
    ]
}