{
    "results": [
        {
            "command": "npm info jquery",
            "mean": 1.0291728099900002,
            "median": 1.04191263079,
            "max": 1.0652959977899998,
            "min": 0.9748227617900002,
            "user": 0.4500190449999999,
            "stddev": 0.03479030082722041,
            "system": 0.057682555,
            "commit": "90b8bc242c9f801b1b91c7f31d10348ab860c677",
            "version": "4.12.2"
        }
    ]
}