{
    "results": [
        {
            "command": null,
            "mean": 0.941651299155,
            "median": 0.8708256346550001,
            "max": 1.203175318155,
            "min": 0.8513769041550001
        }
    ]
}