{
    "results": [
        {
            "command": "npm info jquery",
            "mean": 0.941651299155,
            "median": 0.8708256346550001,
            "max": 1.203175318155,
            "min": 0.8513769041550001,
            "user": 0.42549188000000004,
            "stddev": 0.12527085950404232,
            "system": 0.045693639999999994,
            "commit": "90b8bc242c9f801b1b91c7f31d10348ab860c677",
            "version": "5.1.2"
        }
    ]
}