{
    "results": [
        {
            "command": null,
            "mean": 1.0291728099900002,
            "median": 1.04191263079,
            "max": 1.0652959977899998,
            "min": 0.9748227617900002
        }
    ]
}