{
    "results": [
        {
            "command": null,
            "mean": 12.340296600445,
            "median": 12.132397228544999,
            "max": 13.599880457045,
            "min": 11.864892280045
        }
    ]
}