{
    "results": [
        {
            "command": "npm info jquery",
            "mean": 0.994259240215,
            "median": 0.964594175215,
            "max": 1.117365723715,
            "min": 0.9433091437150001,
            "user": 0.5471006600000001,
            "stddev": 0.05710231328326959,
            "system": 0.04575504,
            "commit": "90b8bc242c9f801b1b91c7f31d10348ab860c677",
            "version": "3.13.1"
        }
    ]
}