{
    "results": [
        {
            "command": "npm install jquery",
            "mean": 16.708203327634997,
            "median": 16.621644171635,
            "max": 18.336396437135,
            "min": 15.966876357135,
            "user": 15.794044669999996,
            "stddev": 0.6629732554338947,
            "system": 0.7581310499999999,
            "commit": "90b8bc242c9f801b1b91c7f31d10348ab860c677",
            "version": "4.12.2"
        }
    ]
}