{
    "results": [
        {
            "command": "npm info jquery",
            "mean": 0.9257328853000001,
            "median": 0.9170528902000001,
            "max": 1.0446529867,
            "min": 0.8790425347,
            "user": 0.472141295,
            "stddev": 0.045077705659698195,
            "system": 0.046678325,
            "commit": "02c5e76eec873685a6a96f62517e3f77ab488103",
            "version": "5.3.0"
        }
    ]
}