{
    "results": [
        {
            "command": "npm install jquery",
            "mean": 16.671070726234998,
            "median": 16.006908762934998,
            "max": 21.196875165934998,
            "min": 15.470449663935,
            "user": 15.730241609999998,
            "stddev": 1.7991671803302232,
            "system": 0.856602645,
            "commit": "b261741ef692a6348ec86cd0e0811db08376c312",
            "version": "5.1.3"
        }
    ]
}