{
    "results": [
        {
            "command": "npm install jquery",
            "mean": 16.040708171134998,
            "median": 15.393606850735,
            "max": 20.856212059735,
            "min": 15.064711518735,
            "user": 14.750451309999997,
            "stddev": 1.778415320004742,
            "system": 0.7007405900000001,
            "commit": "7aff3dcb9c67247594ec54c507852a58caa10a17",
            "version": "3.13.1"
        }
    ]
}