{
    "results": [
        {
            "command": "npm info jquery",
            "mean": 1.08920169813,
            "median": 0.98287451983,
            "max": 1.52243818633,
            "min": 0.86205661433,
            "user": 0.434875375,
            "stddev": 0.23871769484221378,
            "system": 0.041981624999999995,
            "commit": "83561bc52d3ec5a906d96e9f27aa6152d4522bdf",
            "version": "6.0.0-6-next.31"
        }
    ]
}