{
    "results": [
        {
            "command": "npm info jquery",
            "mean": 1.18183425729,
            "median": 1.01974799039,
            "max": 1.7933239568900001,
            "min": 0.91335414789,
            "user": 0.393870655,
            "stddev": 0.34139028818660794,
            "system": 0.051318035,
            "commit": "06e400cb34094f00e05d3593d2a62ea827a7e0be",
            "version": "3.13.1"
        }
    ]
}