{
    "results": [
        {
            "command": "npm install jquery",
            "mean": 15.146398618745,
            "median": 15.239242318945,
            "max": 16.303408233945,
            "min": 14.238155879945001,
            "user": 14.499476860000001,
            "stddev": 0.5709323232317106,
            "system": 0.683571405,
            "commit": "09a7cf345658047a85d44d0b85594c58270cdf26",
            "version": "5.1.0"
        }
    ]
}