{
    "results": [
        {
            "command": null,
            "mean": 11.252210787975,
            "median": 11.189879868275,
            "max": 12.323243390775001,
            "min": 10.814661868775001
        }
    ]
}