{
    "results": [
        {
            "command": null,
            "mean": 1.084841312565,
            "median": 1.081610168765,
            "max": 1.179643857765,
            "min": 0.9902662427650001
        }
    ]
}