{
    "results": [
        {
            "command": null,
            "mean": 12.28027448177,
            "median": 12.13308121247,
            "max": 13.36283010647,
            "min": 11.98016113247
        }
    ]
}