{
    "results": [
        {
            "command": null,
            "mean": 12.58711041291,
            "median": 12.47308802641,
            "max": 13.89231411041,
            "min": 12.22663187641
        }
    ]
}