{
    "results": [
        {
            "command": null,
            "mean": 1.0657753548,
            "median": 1.0408400045,
            "max": 1.2282701185,
            "min": 0.9874832425000001
        }
    ]
}