{
    "results": [
        {
            "command": "npm install jquery",
            "mean": 14.475225324545002,
            "median": 13.874455590345,
            "max": 19.253381736345,
            "min": 13.390835602345001,
            "user": 13.703409869999998,
            "stddev": 1.7434202213412395,
            "system": 0.6530521249999999,
            "commit": "8a8f2b6774d50c12ce8d0e87e3e4f847478a0e10",
            "version": "3.13.1"
        }
    ]
}