{
    "results": [
        {
            "command": null,
            "mean": 14.50550816354,
            "median": 13.75329841204,
            "max": 19.33084391404,
            "min": 13.60193039904
        }
    ]
}