{
    "results": [
        {
            "command": "npm install jquery",
            "mean": 14.140995035695,
            "median": 14.109816513495,
            "max": 14.880065148495,
            "min": 13.736874475495,
            "user": 13.505820319999998,
            "stddev": 0.32881666432419454,
            "system": 0.68484345,
            "commit": "b6495d5b6c028fc7184912deaa1e7848846241a5",
            "version": "5.1.2"
        }
    ]
}