{
    "results": [
        {
            "command": null,
            "mean": 18.67279377157,
            "median": 18.310689150770003,
            "max": 21.835184012270002,
            "min": 17.59614579127
        }
    ]
}