{
    "results": [
        {
            "command": null,
            "mean": 14.140995035695,
            "median": 14.109816513495,
            "max": 14.880065148495,
            "min": 13.736874475495
        }
    ]
}