{
    "results": [
        {
            "command": null,
            "mean": 1.26140317384,
            "median": 1.1387370266399999,
            "max": 2.19142900764,
            "min": 0.9894148446400001
        }
    ]
}