{
    "results": [
        {
            "command": null,
            "mean": 1.1158682604099999,
            "median": 1.05326770641,
            "max": 1.54144639041,
            "min": 0.94927974941
        }
    ]
}