{
    "results": [
        {
            "command": null,
            "mean": 0.8682510717399999,
            "median": 0.8227920633400001,
            "max": 1.19268315534,
            "min": 0.74925375334
        }
    ]
}