{
    "results": [
        {
            "command": "npm install jquery",
            "mean": 18.67279377157,
            "median": 18.310689150770003,
            "max": 21.835184012270002,
            "min": 17.59614579127,
            "user": 17.923168374999996,
            "stddev": 1.2882742489431407,
            "system": 0.88442425,
            "commit": "b6495d5b6c028fc7184912deaa1e7848846241a5",
            "version": "3.13.1"
        }
    ]
}