{
    "results": [
        {
            "command": "npm info jquery",
            "mean": 1.37092840621,
            "median": 1.42813853711,
            "max": 1.73692681361,
            "min": 1.0399605726099999,
            "user": 0.5897587449999999,
            "stddev": 0.23350893309859735,
            "system": 0.07140213,
            "commit": "6218d7723d2d3cfae45330af767353b23dceb16b",
            "version": "4.12.2"
        }
    ]
}