{
    "results": [
        {
            "command": "npm info jquery",
            "mean": 0.88889434799,
            "median": 0.87562686679,
            "max": 1.0360025152899999,
            "min": 0.8477490272900001,
            "user": 0.42057918999999994,
            "stddev": 0.05479325534016138,
            "system": 0.043543374999999995,
            "commit": "95ed3db43ce681824c9b40fa7eb8b09039d053ea",
            "version": "3.13.1"
        }
    ]
}