{
    "results": [
        {
            "command": "npm info jquery",
            "mean": 1.2785950462350002,
            "median": 1.243947578835,
            "max": 1.525619733835,
            "min": 1.2067716778350002,
            "user": 0.55703076,
            "stddev": 0.09565478617364614,
            "system": 0.061638965000000004,
            "commit": "0f0cbf2b2f86d576807e3298d736b09c1c02f524",
            "version": "4.12.2"
        }
    ]
}