{
    "results": [
        {
            "command": "npm install jquery",
            "mean": 15.180112772600001,
            "median": 14.9022070918,
            "max": 17.6801707788,
            "min": 14.5332817128,
            "user": 16.244353805,
            "stddev": 0.9151880895006295,
            "system": 0.78413087,
            "commit": "90b8bc242c9f801b1b91c7f31d10348ab860c677",
            "version": "4.12.2"
        }
    ]
}