{
    "results": [
        {
            "command": null,
            "mean": 1.2154176282300004,
            "median": 1.2135347053300003,
            "max": 1.2547863463300002,
            "min": 1.1787384273300001
        }
    ]
}