{
    "results": [
        {
            "command": "npm install jquery",
            "mean": 11.121335792265002,
            "median": 10.776946331865002,
            "max": 13.592551808365,
            "min": 10.455538659365,
            "user": 11.46800468,
            "stddev": 0.9811424181856295,
            "system": 0.6466227149999999,
            "commit": "90b8bc242c9f801b1b91c7f31d10348ab860c677",
            "version": "3.13.1"
        }
    ]
}