{
    "results": [
        {
            "command": null,
            "mean": 15.180112772600001,
            "median": 14.9022070918,
            "max": 17.6801707788,
            "min": 14.5332817128
        }
    ]
}