{
    "results": [
        {
            "command": null,
            "mean": 11.121335792265002,
            "median": 10.776946331865002,
            "max": 13.592551808365,
            "min": 10.455538659365
        }
    ]
}