{
    "results": [
        {
            "command": null,
            "mean": 1.26322251089,
            "median": 1.2249972139899998,
            "max": 1.52908064049,
            "min": 1.1801552114899998
        }
    ]
}