{
    "results": [
        {
            "command": "npm info jquery",
            "mean": 1.26322251089,
            "median": 1.2249972139899998,
            "max": 1.52908064049,
            "min": 1.1801552114899998,
            "user": 0.500876235,
            "stddev": 0.10958607328915612,
            "system": 0.05097472000000001,
            "commit": "90b8bc242c9f801b1b91c7f31d10348ab860c677",
            "version": "5.1.2"
        }
    ]
}