{
    "results": [
        {
            "command": "npm info jquery",
            "mean": 0.94853814652,
            "median": 0.9484880656200001,
            "max": 1.0046019451200001,
            "min": 0.90445222512,
            "user": 0.4986616699999999,
            "stddev": 0.038469620108230504,
            "system": 0.047140755,
            "commit": "90b8bc242c9f801b1b91c7f31d10348ab860c677",
            "version": "4.12.2"
        }
    ]
}