{
    "results": [
        {
            "command": null,
            "mean": 0.94853814652,
            "median": 0.9484880656200001,
            "max": 1.0046019451200001,
            "min": 0.90445222512
        }
    ]
}