{
    "results": [
        {
            "command": "npm install jquery",
            "mean": 10.39321394385,
            "median": 10.35864033005,
            "max": 10.92270454655,
            "min": 10.129759472549999,
            "user": 9.627885735000001,
            "stddev": 0.23085117257973253,
            "system": 0.589566155,
            "commit": "4fc14eab0231a9c65391005d42dd899c6308896d",
            "version": "4.12.2"
        }
    ]
}