{
    "results": [
        {
            "command": "npm install jquery",
            "mean": 14.768199417950001,
            "median": 14.67112245375,
            "max": 15.32462726925,
            "min": 14.40046420225,
            "user": 14.055454129999998,
            "stddev": 0.2991760390998201,
            "system": 0.74825907,
            "commit": "95ed3db43ce681824c9b40fa7eb8b09039d053ea",
            "version": "4.12.1"
        }
    ]
}