{
    "results": [
        {
            "command": "npm info jquery",
            "mean": 0.953227528605,
            "median": 0.837582579305,
            "max": 1.296953845805,
            "min": 0.8061852098050001,
            "user": 0.389537635,
            "stddev": 0.20514589474320954,
            "system": 0.050918345,
            "commit": "57760150582b4f225fe7c89faa8588dadf3d7184",
            "version": "5.1.3"
        }
    ]
}