{
    "results": [
        {
            "command": "npm info jquery",
            "mean": 1.1029988421049999,
            "median": 1.0813866983049998,
            "max": 1.231290299805,
            "min": 0.9957706538050001,
            "user": 0.5924233949999999,
            "stddev": 0.09087496134992039,
            "system": 0.067463035,
            "commit": "d36beaf650acff98a6d6119a1af2545169075eb3",
            "version": "5.3.0"
        }
    ]
}