{
    "results": [
        {
            "command": null,
            "mean": 1.00560043623,
            "median": 0.9758064693299999,
            "max": 1.13594976233,
            "min": 0.93430136133
        }
    ]
}