{
    "results": [
        {
            "command": "npm info jquery",
            "mean": 1.019313090555,
            "median": 1.0101688709550003,
            "max": 1.125550840455,
            "min": 0.9293503484550001,
            "user": 0.4304335000000001,
            "stddev": 0.06047306431429261,
            "system": 0.046095044999999994,
            "commit": "7cf5dfd11c449f63fe5fea18c472b83cd55dd143",
            "version": "5.2.2"
        }
    ]
}