{
    "results": [
        {
            "command": null,
            "mean": 1.053864026435,
            "median": 1.0068971413349999,
            "max": 1.278312809335,
            "min": 0.9712888113350001
        }
    ]
}