{
    "results": [
        {
            "command": null,
            "mean": 10.086619901685,
            "median": 9.923562829885,
            "max": 11.048496193885,
            "min": 9.671281467885
        }
    ]
}