{
    "results": [
        {
            "command": null,
            "mean": 0.9552408114350002,
            "median": 0.915354893835,
            "max": 1.147730037835,
            "min": 0.8994420058350001
        }
    ]
}