{
    "results": [
        {
            "command": null,
            "mean": 26.684598895695,
            "median": 26.770093228695,
            "max": 27.323815525695,
            "min": 25.701974342695
        }
    ]
}