{
    "results": [
        {
            "command": null,
            "mean": 1.24554618231,
            "median": 1.21289718761,
            "max": 1.3484733686100001,
            "min": 1.1865972446100002
        }
    ]
}