{
    "results": [
        {
            "command": "npm info jquery",
            "mean": 0.9344467135400001,
            "median": 0.9287744289400001,
            "max": 1.0434139749400002,
            "min": 0.87073755494,
            "user": 0.33954539,
            "stddev": 0.04594128808011614,
            "system": 0.035078624999999995,
            "commit": "f75ddf8231cf9694774641685a5d8d895df4df6f",
            "version": "4.12.2"
        }
    ]
}