{
    "results": [
        {
            "command": "npm info jquery",
            "mean": 0.9437758738650002,
            "median": 0.9273980932650001,
            "max": 1.124869079265,
            "min": 0.8813036612650001,
            "user": 0.376099415,
            "stddev": 0.06891743305427328,
            "system": 0.03896306,
            "commit": "f75ddf8231cf9694774641685a5d8d895df4df6f",
            "version": "5.10.2"
        }
    ]
}