{
    "results": [
        {
            "command": "npm install jquery",
            "mean": 20.067073079255003,
            "median": 20.065177056855,
            "max": 20.480657786854998,
            "min": 19.812107568854998,
            "user": 19.72601921,
            "stddev": 0.21049769871962443,
            "system": 0.93536183,
            "commit": "f75ddf8231cf9694774641685a5d8d895df4df6f",
            "version": "6.0.0-6-next.40"
        }
    ]
}