{
    "results": [
        {
            "command": "npm info jquery",
            "mean": 1.204621425355,
            "median": 1.238299145755,
            "max": 1.290514999255,
            "min": 1.087302910255,
            "user": 0.43309379000000003,
            "stddev": 0.07862227138800235,
            "system": 0.04914450999999999,
            "commit": "f75ddf8231cf9694774641685a5d8d895df4df6f",
            "version": "3.13.1"
        }
    ]
}