{
    "results": [
        {
            "command": "npm info jquery",
            "mean": 1.24554618231,
            "median": 1.21289718761,
            "max": 1.3484733686100001,
            "min": 1.1865972446100002,
            "user": 0.4950194149999999,
            "stddev": 0.0680113611381902,
            "system": 0.052179304999999995,
            "commit": "f75ddf8231cf9694774641685a5d8d895df4df6f",
            "version": "6.0.0-6-next.40"
        }
    ]
}