{
    "results": [
        {
            "command": null,
            "mean": 20.067073079255003,
            "median": 20.065177056855,
            "max": 20.480657786854998,
            "min": 19.812107568854998
        }
    ]
}