{
    "results": [
        {
            "command": null,
            "mean": 20.99219836871,
            "median": 20.940665826409997,
            "max": 21.559798146909998,
            "min": 20.465213983909997
        }
    ]
}