{
    "results": [
        {
            "command": "npm install jquery",
            "mean": 20.99219836871,
            "median": 20.940665826409997,
            "max": 21.559798146909998,
            "min": 20.465213983909997,
            "user": 20.474678785,
            "stddev": 0.3291210840295572,
            "system": 0.95777851,
            "commit": "f75ddf8231cf9694774641685a5d8d895df4df6f",
            "version": "3.13.1"
        }
    ]
}