{
    "results": [
        {
            "command": null,
            "mean": 0.9344467135400001,
            "median": 0.9287744289400001,
            "max": 1.0434139749400002,
            "min": 0.87073755494
        }
    ]
}