{
    "results": [
        {
            "command": "npm info jquery",
            "mean": 0.947934810105,
            "median": 0.928397246705,
            "max": 1.061032121205,
            "min": 0.8976578862050001,
            "user": 0.4821056199999999,
            "stddev": 0.04744886944852338,
            "system": 0.046872915,
            "commit": "95ed3db43ce681824c9b40fa7eb8b09039d053ea",
            "version": "4.12.1"
        }
    ]
}