{
    "results": [
        {
            "command": "npm info jquery",
            "mean": 1.23092354491,
            "median": 1.19067412871,
            "max": 1.39671278271,
            "min": 1.1560321047100002,
            "user": 0.52689495,
            "stddev": 0.08680488062103923,
            "system": 0.04749323999999999,
            "commit": "95ed3db43ce681824c9b40fa7eb8b09039d053ea",
            "version": "4.12.1"
        }
    ]
}