{
    "results": [
        {
            "command": "npm info jquery",
            "mean": 1.1002988139399998,
            "median": 1.0860468326400001,
            "max": 1.16620434964,
            "min": 1.06009405064,
            "user": 0.5365956199999999,
            "stddev": 0.03382563621925586,
            "system": 0.053663590000000004,
            "commit": "54b17f4442f9ed8255656a66209476a220e94eea",
            "version": "4.12.1"
        }
    ]
}