{
    "results": [
        {
            "command": "npm info jquery",
            "mean": 0.856776743975,
            "median": 0.8466992899750001,
            "max": 0.9485432694750001,
            "min": 0.8257710774750001,
            "user": 0.41450623000000003,
            "stddev": 0.03388114893646232,
            "system": 0.047653299999999996,
            "commit": "2197d08e425086d721b5da8f7dfe03130ab140df",
            "version": "5.1.0"
        }
    ]
}