{
    "results": [
        {
            "command": "npm install jquery",
            "mean": 15.945725680255,
            "median": 15.939871442354999,
            "max": 17.115672321355,
            "min": 15.252003764354999,
            "user": 15.264268544999998,
            "stddev": 0.48316723927702476,
            "system": 0.7602509499999999,
            "commit": "b753b4010feaa13cf8134eace8abf8a075f2b778",
            "version": "5.1.3"
        }
    ]
}