{
    "results": [
        {
            "command": null,
            "mean": 14.659453075245,
            "median": 14.507108196845,
            "max": 16.031980693845,
            "min": 14.186024121845
        }
    ]
}