{
    "results": [
        {
            "command": null,
            "mean": 0.861547537335,
            "median": 0.8425152838350001,
            "max": 0.963020702335,
            "min": 0.827190741335
        }
    ]
}