{
    "results": [
        {
            "command": null,
            "mean": 12.196595995294997,
            "median": 11.589118900595,
            "max": 16.640156116595,
            "min": 11.351458254595
        }
    ]
}