{
    "results": [
        {
            "command": null,
            "mean": 17.053554591805,
            "median": 16.856774462304998,
            "max": 18.518297018305,
            "min": 16.702553314305
        }
    ]
}