{
    "results": [
        {
            "command": "npm info jquery",
            "mean": 1.3342419803650003,
            "median": 1.293804260865,
            "max": 1.534098995865,
            "min": 1.212750727865,
            "user": 0.5404403600000001,
            "stddev": 0.12045962690002326,
            "system": 0.053241870000000004,
            "commit": "b6495d5b6c028fc7184912deaa1e7848846241a5",
            "version": "5.1.2"
        }
    ]
}