{
    "results": [
        {
            "command": "npm install jquery",
            "mean": 17.053554591805,
            "median": 16.856774462304998,
            "max": 18.518297018305,
            "min": 16.702553314305,
            "user": 16.480918205000002,
            "stddev": 0.5363342884942595,
            "system": 0.889827105,
            "commit": "b6495d5b6c028fc7184912deaa1e7848846241a5",
            "version": "4.12.2"
        }
    ]
}