{
    "results": [
        {
            "command": "npm info jquery",
            "mean": 0.849278534935,
            "median": 0.8341973447350001,
            "max": 0.9687572272350001,
            "min": 0.8183701942350001,
            "user": 0.41666338999999997,
            "stddev": 0.04466975281120933,
            "system": 0.04330974,
            "commit": "90b8bc242c9f801b1b91c7f31d10348ab860c677",
            "version": "4.12.2"
        }
    ]
}