{
    "results": [
        {
            "command": "npm install jquery",
            "mean": 11.2561618905,
            "median": 11.1366172802,
            "max": 12.1795021812,
            "min": 10.782703096199999,
            "user": 10.613249794999998,
            "stddev": 0.4415766278108147,
            "system": 0.53829611,
            "commit": "73e6863426497b61ff1b3e61b577909b70cf683d",
            "version": "3.13.1"
        }
    ]
}