{
    "results": [
        {
            "command": "npm install jquery",
            "mean": 11.454897077770001,
            "median": 11.39151609497,
            "max": 12.22400215747,
            "min": 11.07655448747,
            "user": 10.88154432,
            "stddev": 0.3045049412427004,
            "system": 0.5723981300000001,
            "commit": "f625c114bb5078200503bd165a495f4cd52a6e44",
            "version": "4.12.2"
        }
    ]
}