{
    "results": [
        {
            "command": null,
            "mean": 1.298357529425,
            "median": 1.273462384525,
            "max": 1.462703916525,
            "min": 1.229971151525
        }
    ]
}