{
    "results": [
        {
            "command": null,
            "mean": 1.05392417689,
            "median": 1.05435497599,
            "max": 1.21329473399,
            "min": 0.9439456929900001
        }
    ]
}