{
    "results": [
        {
            "command": "npm install jquery",
            "mean": 14.35963032333,
            "median": 14.383752615430001,
            "max": 15.590527821430001,
            "min": 13.872448084430001,
            "user": 13.788459120000002,
            "stddev": 0.4854123857187403,
            "system": 0.72062279,
            "commit": "d36beaf650acff98a6d6119a1af2545169075eb3",
            "version": "5.3.0"
        }
    ]
}