{
    "results": [
        {
            "command": null,
            "mean": 14.35963032333,
            "median": 14.383752615430001,
            "max": 15.590527821430001,
            "min": 13.872448084430001
        }
    ]
}