{
    "results": [
        {
            "command": "npm info jquery",
            "mean": 0.97948169211,
            "median": 0.9805912842100001,
            "max": 0.99030265371,
            "min": 0.9617370677100001,
            "user": 0.43929458499999996,
            "stddev": 0.009234343413103982,
            "system": 0.038110365,
            "commit": "d36beaf650acff98a6d6119a1af2545169075eb3",
            "version": "3.13.1"
        }
    ]
}