{
    "results": [
        {
            "command": null,
            "mean": 10.589608408570003,
            "median": 10.56193251517,
            "max": 11.51097590117,
            "min": 10.27800391117
        }
    ]
}