{
    "results": [
        {
            "command": null,
            "mean": 0.9197064586750001,
            "median": 0.8920720985750001,
            "max": 1.042855536575,
            "min": 0.8770994245750001
        }
    ]
}