{
    "results": [
        {
            "command": null,
            "mean": 14.021397550275001,
            "median": 13.888232588074999,
            "max": 15.256446085075,
            "min": 13.395689946074999
        }
    ]
}