{
    "results": [
        {
            "command": "npm install jquery",
            "mean": 15.295188006270001,
            "median": 15.17365118857,
            "max": 16.60228935257,
            "min": 14.98650335957,
            "user": 14.394747890000001,
            "stddev": 0.4774116084844711,
            "system": 0.7441022899999999,
            "commit": "d36beaf650acff98a6d6119a1af2545169075eb3",
            "version": "3.13.1"
        }
    ]
}