{
    "results": [
        {
            "command": "npm install jquery",
            "mean": 12.567282971920003,
            "median": 11.29866197482,
            "max": 17.40992436782,
            "min": 11.045793962820001,
            "user": 11.980069734999999,
            "stddev": 2.520178890111696,
            "system": 0.5633661400000001,
            "commit": "9e29bf88909c14e71ca0547ac6026186cc19edc0",
            "version": "3.13.1"
        }
    ]
}