{
    "results": [
        {
            "command": null,
            "mean": 10.52719725723,
            "median": 10.394753283130001,
            "max": 11.87518287563,
            "min": 9.81257182963
        }
    ]
}