{
    "results": [
        {
            "command": "npm info jquery",
            "mean": 1.05778475417,
            "median": 1.04120335837,
            "max": 1.1626144223700001,
            "min": 0.9931399013700001,
            "user": 0.47265465500000003,
            "stddev": 0.06030748197505072,
            "system": 0.045848489999999985,
            "commit": "73b3479a3aa36ed295b39ecd45585ac57c320955",
            "version": "5.5.0"
        }
    ]
}