{
    "results": [
        {
            "command": null,
            "mean": 1.05778475417,
            "median": 1.04120335837,
            "max": 1.1626144223700001,
            "min": 0.9931399013700001
        }
    ]
}