{
    "results": [
        {
            "command": null,
            "mean": 1.10870211522,
            "median": 1.08828878772,
            "max": 1.23158403522,
            "min": 1.03274517622
        }
    ]
}