{
    "results": [
        {
            "command": "npm info jquery",
            "mean": 1.11647763206,
            "median": 1.06884075176,
            "max": 1.3221482477600002,
            "min": 1.00682311876,
            "user": 0.48474546499999993,
            "stddev": 0.11227300737935791,
            "system": 0.05000680999999999,
            "commit": "83561bc52d3ec5a906d96e9f27aa6152d4522bdf",
            "version": "6.0.0-6-next.31"
        }
    ]
}