{
    "results": [
        {
            "command": "npm info jquery",
            "mean": 1.148778637485,
            "median": 1.138944203885,
            "max": 1.2114362003849999,
            "min": 1.132967081385,
            "user": 0.47887287,
            "stddev": 0.024354397848518134,
            "system": 0.04984057499999999,
            "commit": "95ed3db43ce681824c9b40fa7eb8b09039d053ea",
            "version": "3.13.1"
        }
    ]
}