{
    "results": [
        {
            "command": null,
            "mean": 18.786535798104996,
            "median": 17.875777016405,
            "max": 25.307278337905,
            "min": 17.091923626905
        }
    ]
}