{
    "results": [
        {
            "command": null,
            "mean": 15.748343096025001,
            "median": 15.402004799125,
            "max": 19.628573697125,
            "min": 14.574577768125
        }
    ]
}