{
    "results": [
        {
            "command": null,
            "mean": 16.32075828719,
            "median": 16.115620348389996,
            "max": 17.94157427789,
            "min": 15.504089968890002
        }
    ]
}