{
    "results": [
        {
            "command": null,
            "mean": 10.740270390385001,
            "median": 10.765510490985,
            "max": 11.080700062484999,
            "min": 10.431774366485
        }
    ]
}