{
    "results": [
        {
            "command": "npm info jquery",
            "mean": 2.04720338588,
            "median": 1.66426122838,
            "max": 3.50675308588,
            "min": 1.28776942588,
            "user": 0.5715209149999999,
            "stddev": 0.8155566470681317,
            "system": 0.06827034499999998,
            "commit": "31050ee369f6811de2012e3a55db1a6880965bc3",
            "version": "3.13.1"
        }
    ]
}