{
    "results": [
        {
            "command": "npm info jquery",
            "mean": 1.1390074123149998,
            "median": 1.0854175976150002,
            "max": 1.3942214906150001,
            "min": 0.978288758615,
            "user": 0.449711195,
            "stddev": 0.16018370643423127,
            "system": 0.05052483000000001,
            "commit": "31050ee369f6811de2012e3a55db1a6880965bc3",
            "version": "5.7.0"
        }
    ]
}