{
    "results": [
        {
            "command": "npm install jquery",
            "mean": 10.740270390385001,
            "median": 10.765510490985,
            "max": 11.080700062484999,
            "min": 10.431774366485,
            "user": 9.93336051,
            "stddev": 0.19540646679689652,
            "system": 0.5630038149999999,
            "commit": "31050ee369f6811de2012e3a55db1a6880965bc3",
            "version": "3.13.1"
        }
    ]
}