{
    "results": [
        {
            "command": "npm info jquery",
            "mean": 1.2557283739900003,
            "median": 1.14520738649,
            "max": 1.90472822049,
            "min": 0.9143456964900001,
            "user": 0.42429422999999994,
            "stddev": 0.3317995825669926,
            "system": 0.050545244999999996,
            "commit": "31050ee369f6811de2012e3a55db1a6880965bc3",
            "version": "6.0.0-6-next.35"
        }
    ]
}