{
    "results": [
        {
            "command": null,
            "mean": 11.033542194875,
            "median": 11.056357526375,
            "max": 11.268302455875,
            "min": 10.871640899875
        }
    ]
}