{
    "results": [
        {
            "command": null,
            "mean": 2.04720338588,
            "median": 1.66426122838,
            "max": 3.50675308588,
            "min": 1.28776942588
        }
    ]
}