{
    "results": [
        {
            "command": "npm install jquery",
            "mean": 12.897165376255,
            "median": 12.453363495655001,
            "max": 16.872672624154998,
            "min": 12.130535317155001,
            "user": 12.40066354,
            "stddev": 1.4141556948401401,
            "system": 0.6938898250000001,
            "commit": "31050ee369f6811de2012e3a55db1a6880965bc3",
            "version": "5.7.0"
        }
    ]
}