{
    "results": [
        {
            "command": null,
            "mean": 10.748562412904999,
            "median": 10.715723949305,
            "max": 11.548227695805,
            "min": 10.438173450805
        }
    ]
}