{
    "results": [
        {
            "command": "npm install jquery",
            "mean": 15.896093933034999,
            "median": 15.658258020535001,
            "max": 17.899131830035,
            "min": 15.320814042035,
            "user": 15.105660269999998,
            "stddev": 0.7509353094511777,
            "system": 0.756039295,
            "commit": "9805298893433b1d04b6f392fc9e5ba81de4f779",
            "version": "5.1.2"
        }
    ]
}