{
    "results": [
        {
            "command": null,
            "mean": 11.86379311662,
            "median": 11.47143661612,
            "max": 13.47457541662,
            "min": 11.10473411662
        }
    ]
}