{
    "results": [
        {
            "command": null,
            "mean": 1.233060092275,
            "median": 1.169940887975,
            "max": 1.737970621975,
            "min": 1.0301169589749999
        }
    ]
}