{
    "results": [
        {
            "command": null,
            "mean": 1.256223007105,
            "median": 1.237603068405,
            "max": 1.405248173905,
            "min": 1.158207535905
        }
    ]
}