{
    "results": [
        {
            "command": null,
            "mean": 1.055840755665,
            "median": 1.022228271665,
            "max": 1.408170406165,
            "min": 0.948299454165
        }
    ]
}