{
    "results": [
        {
            "command": "npm info jquery",
            "mean": 1.256223007105,
            "median": 1.237603068405,
            "max": 1.405248173905,
            "min": 1.158207535905,
            "user": 0.48116304000000004,
            "stddev": 0.08928458035723616,
            "system": 0.062424654999999996,
            "commit": "353a283b4035e951edcd64108843daae593636f2",
            "version": "4.12.2"
        }
    ]
}