{
    "results": [
        {
            "command": null,
            "mean": 13.46851437087,
            "median": 13.43624476037,
            "max": 14.44590585687,
            "min": 13.111498851870001
        }
    ]
}