{
    "results": [
        {
            "command": "npm info jquery",
            "mean": 0.987551294295,
            "median": 0.9647535361949999,
            "max": 1.143968386195,
            "min": 0.913966689195,
            "user": 0.396122875,
            "stddev": 0.07403587122006781,
            "system": 0.04495106499999999,
            "commit": "353a283b4035e951edcd64108843daae593636f2",
            "version": "3.13.1"
        }
    ]
}