{
    "results": [
        {
            "command": null,
            "mean": 14.348608121789999,
            "median": 14.15229662459,
            "max": 15.50104761059,
            "min": 13.42175097659
        }
    ]
}