{
    "results": [
        {
            "command": null,
            "mean": 0.849278534935,
            "median": 0.8341973447350001,
            "max": 0.9687572272350001,
            "min": 0.8183701942350001
        }
    ]
}