{
    "results": [
        {
            "command": "npm info jquery",
            "mean": 1.27123747479,
            "median": 1.2536103683900002,
            "max": 1.43609917289,
            "min": 1.11855424989,
            "user": 0.5829320849999999,
            "stddev": 0.11740892777345224,
            "system": 0.06910895500000001,
            "commit": "90b8bc242c9f801b1b91c7f31d10348ab860c677",
            "version": "5.1.2"
        }
    ]
}