{
    "results": [
        {
            "command": null,
            "mean": 1.004796823595,
            "median": 0.965137998395,
            "max": 1.2560837478950002,
            "min": 0.924404417895
        }
    ]
}