{
    "results": [
        {
            "command": "npm info jquery",
            "mean": 1.004796823595,
            "median": 0.965137998395,
            "max": 1.2560837478950002,
            "min": 0.924404417895,
            "user": 0.537061635,
            "stddev": 0.10545429398392359,
            "system": 0.046230200000000006,
            "commit": "90b8bc242c9f801b1b91c7f31d10348ab860c677",
            "version": "3.13.1"
        }
    ]
}