{
    "results": [
        {
            "command": "npm install jquery",
            "mean": 13.302914401164998,
            "median": 13.237328035765,
            "max": 14.568506369265,
            "min": 12.803144485265,
            "user": 12.714245915000003,
            "stddev": 0.49260498894501686,
            "system": 0.63409005,
            "commit": "90b8bc242c9f801b1b91c7f31d10348ab860c677",
            "version": "3.13.1"
        }
    ]
}