{
    "results": [
        {
            "command": "npm info jquery",
            "mean": 1.3309190733749996,
            "median": 1.268029380875,
            "max": 1.653923485875,
            "min": 1.178406864875,
            "user": 0.6335584749999998,
            "stddev": 0.17328126658422624,
            "system": 0.07274636999999998,
            "commit": "2808cc268fa95a4f5d172fb8541baa84d16f5d20",
            "version": "5.1.2"
        }
    ]
}