{
    "results": [
        {
            "command": "npm info jquery",
            "mean": 0.8664992835599999,
            "median": 0.8459962379600001,
            "max": 1.09610555296,
            "min": 0.8134968279600001,
            "user": 0.409971,
            "stddev": 0.08260642545950789,
            "system": 0.04256330499999999,
            "commit": "2808cc268fa95a4f5d172fb8541baa84d16f5d20",
            "version": "4.12.2"
        }
    ]
}