{
    "results": [
        {
            "command": null,
            "mean": 1.3987267223000002,
            "median": 1.3450660631,
            "max": 1.7930779706000002,
            "min": 1.2389200166
        }
    ]
}