{
    "results": [
        {
            "command": "npm install jquery",
            "mean": 13.154723978284997,
            "median": 12.237580450484998,
            "max": 18.039262029985,
            "min": 11.910088174984999,
            "user": 13.966075055000001,
            "stddev": 1.932845215622249,
            "system": 0.6957004149999999,
            "commit": "2808cc268fa95a4f5d172fb8541baa84d16f5d20",
            "version": "5.1.2"
        }
    ]
}