{
    "results": [
        {
            "command": null,
            "mean": 0.8664992835599999,
            "median": 0.8459962379600001,
            "max": 1.09610555296,
            "min": 0.8134968279600001
        }
    ]
}