{
    "results": [
        {
            "command": null,
            "mean": 12.3064521223,
            "median": 11.908137906899999,
            "max": 14.6780771439,
            "min": 11.5631998879
        }
    ]
}