{
    "results": [
        {
            "command": "npm install jquery",
            "mean": 14.277786443095,
            "median": 14.224491247295,
            "max": 15.358883888294999,
            "min": 13.847922555295,
            "user": 13.6775157,
            "stddev": 0.40303891301723677,
            "system": 0.6792964800000001,
            "commit": "95ed3db43ce681824c9b40fa7eb8b09039d053ea",
            "version": "4.12.1"
        }
    ]
}