{
    "results": [
        {
            "command": "npm info jquery",
            "mean": 0.95784110907,
            "median": 0.94594944907,
            "max": 1.09152964857,
            "min": 0.9193549735700001,
            "user": 0.340977645,
            "stddev": 0.04903139746127187,
            "system": 0.034082900000000006,
            "commit": "1c7eb368ee50e6c3978697d60b34be8fd30dd748",
            "version": "5.10.2"
        }
    ]
}