{
    "results": [
        {
            "command": "npm install jquery",
            "mean": 17.607285266695,
            "median": 16.728686413695,
            "max": 24.668373984195,
            "min": 16.262546353195003,
            "user": 16.74914222,
            "stddev": 2.5463961423351558,
            "system": 0.7958040049999999,
            "commit": "1042f9bf76d86b582bd779111487e193a2d731ab",
            "version": "6.0.0-6-next.23"
        }
    ]
}