{
    "results": [
        {
            "command": "npm info jquery",
            "mean": 1.2154176282300004,
            "median": 1.2135347053300003,
            "max": 1.2547863463300002,
            "min": 1.1787384273300001,
            "user": 0.50493967,
            "stddev": 0.023458146736477073,
            "system": 0.057924224999999996,
            "commit": "90b8bc242c9f801b1b91c7f31d10348ab860c677",
            "version": "3.13.1"
        }
    ]
}