{
    "results": [
        {
            "command": null,
            "mean": 10.739789017684998,
            "median": 10.589644272785,
            "max": 12.010466255785,
            "min": 10.302763035785
        }
    ]
}