{
    "results": [
        {
            "command": "npm install jquery",
            "mean": 12.178041913960001,
            "median": 11.63290405396,
            "max": 15.67708346096,
            "min": 11.36028344396,
            "user": 11.660233304999998,
            "stddev": 1.314423950321421,
            "system": 0.6264057599999999,
            "commit": "d3ab11a6f0ce60205488947da2445c6c50398fc0",
            "version": "4.12.2"
        }
    ]
}