{
    "results": [
        {
            "command": "npm info jquery",
            "mean": 1.09751013171,
            "median": 1.0605916954099999,
            "max": 1.27006264041,
            "min": 1.00022058441,
            "user": 0.5759790349999998,
            "stddev": 0.09737749655848082,
            "system": 0.06504237999999998,
            "commit": "d3ab11a6f0ce60205488947da2445c6c50398fc0",
            "version": "6.0.0-6-next.27"
        }
    ]
}