{
    "results": [
        {
            "command": null,
            "mean": 1.09751013171,
            "median": 1.0605916954099999,
            "max": 1.27006264041,
            "min": 1.00022058441
        }
    ]
}