{
    "results": [
        {
            "command": null,
            "mean": 1.0152102667849998,
            "median": 0.9541033806850001,
            "max": 1.479288304685,
            "min": 0.8966997316850001
        }
    ]
}