{
    "results": [
        {
            "command": null,
            "mean": 1.05597861738,
            "median": 1.00037319378,
            "max": 1.4679545227800002,
            "min": 0.95114538878
        }
    ]
}