{
    "results": [
        {
            "command": "npm info jquery",
            "mean": 1.05597861738,
            "median": 1.00037319378,
            "max": 1.4679545227800002,
            "min": 0.95114538878,
            "user": 0.548382195,
            "stddev": 0.15055854895388457,
            "system": 0.062431024999999994,
            "commit": "d3ab11a6f0ce60205488947da2445c6c50398fc0",
            "version": "4.12.2"
        }
    ]
}