{
    "results": [
        {
            "command": "npm info jquery",
            "mean": 1.0152102667849998,
            "median": 0.9541033806850001,
            "max": 1.479288304685,
            "min": 0.8966997316850001,
            "user": 0.47467497499999994,
            "stddev": 0.17492436898202066,
            "system": 0.05549865500000001,
            "commit": "d3ab11a6f0ce60205488947da2445c6c50398fc0",
            "version": "5.3.0"
        }
    ]
}