{
    "results": [
        {
            "command": null,
            "mean": 1.4919457956150002,
            "median": 1.3474977325150002,
            "max": 2.452692228015,
            "min": 1.250197068015
        }
    ]
}