{
    "results": [
        {
            "command": "npm info jquery",
            "mean": 2.33998280442,
            "median": 1.6670539943200002,
            "max": 8.00790850782,
            "min": 1.38517873482,
            "user": 0.5494185600000001,
            "stddev": 2.016896751675348,
            "system": 0.06127807999999999,
            "commit": "9fb5429d1865e7ccfe9e021332863baf596638b6",
            "version": "5.7.0"
        }
    ]
}