{
    "results": [
        {
            "command": "npm info jquery",
            "mean": 1.435314659535,
            "median": 1.406778470535,
            "max": 1.689130696535,
            "min": 1.219907164535,
            "user": 0.55583132,
            "stddev": 0.18419293911030662,
            "system": 0.056697955,
            "commit": "7bb3c2bf0efd1e19f9a9a243deaa9c7320249eab",
            "version": "4.12.2"
        }
    ]
}