{
    "results": [
        {
            "command": "npm info jquery",
            "mean": 1.020680037735,
            "median": 0.990788232635,
            "max": 1.279600361635,
            "min": 0.9218583436350001,
            "user": 0.508000765,
            "stddev": 0.11101004745376403,
            "system": 0.05617296000000001,
            "commit": "7cf4abb99dc69cf112f81b29aa89da29fd4e6877",
            "version": "6.0.0-6-next.27"
        }
    ]
}