{
    "results": [
        {
            "command": "npm install jquery",
            "mean": 12.431806874439998,
            "median": 11.24556829874,
            "max": 15.434534040239999,
            "min": 10.912528182239999,
            "user": 11.873521625,
            "stddev": 1.9538705815909425,
            "system": 0.5849328549999999,
            "commit": "c168b4e47a600d56f786a380d652478d7763153b",
            "version": "6.0.0-6-next.24"
        }
    ]
}