{
    "results": [
        {
            "command": "npm info jquery",
            "mean": 0.9992545483849999,
            "median": 1.001013505585,
            "max": 1.0843330170849999,
            "min": 0.9450413360850001,
            "user": 0.44417646,
            "stddev": 0.03873278787990826,
            "system": 0.042025309999999996,
            "commit": "4cd71c64091e8788b858b212b86d5286de160fe3",
            "version": "3.13.1"
        }
    ]
}