{
    "results": [
        {
            "command": "npm info jquery",
            "mean": 1.2803829333200003,
            "median": 1.2137787915200002,
            "max": 1.93880804252,
            "min": 0.89252838952,
            "user": 0.45167414499999997,
            "stddev": 0.3508940268142866,
            "system": 0.059328595000000005,
            "commit": "f1308178282f5fa31c3e52b728ddeb86e5c29367",
            "version": "5.5.2"
        }
    ]
}