{
    "results": [
        {
            "command": "npm info jquery",
            "mean": 0.9387590722700001,
            "median": 0.93231612727,
            "max": 1.01007193477,
            "min": 0.90717549877,
            "user": 0.5013355399999999,
            "stddev": 0.032094271909070715,
            "system": 0.05739874499999999,
            "commit": "95ed3db43ce681824c9b40fa7eb8b09039d053ea",
            "version": "5.1.0"
        }
    ]
}