{
    "results": [
        {
            "command": "npm install jquery",
            "mean": 11.784525088975,
            "median": 11.698941611675,
            "max": 12.678942638675,
            "min": 11.278987422675,
            "user": 10.962703260000001,
            "stddev": 0.4012185257538247,
            "system": 0.630107265,
            "commit": "736e7de600c556861f8f255f01e203d901d643db",
            "version": "4.12.2"
        }
    ]
}