{
    "results": [
        {
            "command": null,
            "mean": 0.9491317716550001,
            "median": 0.9342574778550001,
            "max": 1.050839105355,
            "min": 0.9081719473550001
        }
    ]
}