{
    "results": [
        {
            "command": null,
            "mean": 13.253046334285003,
            "median": 13.174183897485001,
            "max": 14.421512079985,
            "min": 12.658506978985
        }
    ]
}