{
    "results": [
        {
            "command": "npm info jquery",
            "mean": 1.07441384325,
            "median": 1.09347382965,
            "max": 1.18033830765,
            "min": 0.96860173865,
            "user": 0.555324935,
            "stddev": 0.07872975086466832,
            "system": 0.066892025,
            "commit": "a88c72d0b21d3b248ced47c192653040a487cd98",
            "version": "3.13.1"
        }
    ]
}