{
    "results": [
        {
            "command": null,
            "mean": 1.1735652861399999,
            "median": 1.1327458585399999,
            "max": 1.44056406554,
            "min": 1.07232738354
        }
    ]
}