{
    "results": [
        {
            "command": null,
            "mean": 1.07441384325,
            "median": 1.09347382965,
            "max": 1.18033830765,
            "min": 0.96860173865
        }
    ]
}