{
    "results": [
        {
            "command": "npm install jquery",
            "mean": 13.253046334285003,
            "median": 13.174183897485001,
            "max": 14.421512079985,
            "min": 12.658506978985,
            "user": 12.64028135,
            "stddev": 0.47891837142952665,
            "system": 0.719078605,
            "commit": "a88c72d0b21d3b248ced47c192653040a487cd98",
            "version": "3.13.1"
        }
    ]
}