{
    "results": [
        {
            "command": null,
            "mean": 12.308776567219999,
            "median": 11.912939604520002,
            "max": 15.068750812020001,
            "min": 11.75350510702
        }
    ]
}