{
    "results": [
        {
            "command": null,
            "mean": 1.118542439335,
            "median": 1.1282851160349998,
            "max": 1.286718906035,
            "min": 1.013415623035
        }
    ]
}