{
    "results": [
        {
            "command": null,
            "mean": 13.946164366585004,
            "median": 13.466111096185,
            "max": 17.053164864185,
            "min": 13.004165432185001
        }
    ]
}