{
    "results": [
        {
            "command": "npm install jquery",
            "mean": 13.946164366585004,
            "median": 13.466111096185,
            "max": 17.053164864185,
            "min": 13.004165432185001,
            "user": 13.042641139999997,
            "stddev": 1.2804076957336996,
            "system": 0.6957407699999999,
            "commit": "b56d5cec39bc19828fd67dd476d72dcf983c107f",
            "version": "5.1.3"
        }
    ]
}