{
    "results": [
        {
            "command": null,
            "mean": 14.615482202174999,
            "median": 14.085530473774998,
            "max": 18.198716602775,
            "min": 13.990371938774999
        }
    ]
}