{
    "results": [
        {
            "command": "npm info jquery",
            "mean": 1.1655425989550001,
            "median": 1.059882623755,
            "max": 1.586700799255,
            "min": 0.970645497255,
            "user": 0.55251513,
            "stddev": 0.2313863393531078,
            "system": 0.05698322499999999,
            "commit": "b56d5cec39bc19828fd67dd476d72dcf983c107f",
            "version": "5.1.3"
        }
    ]
}