{
    "results": [
        {
            "command": null,
            "mean": 1.3885361545200001,
            "median": 1.3395875076200001,
            "max": 1.7317074536200001,
            "min": 1.1444599286200001
        }
    ]
}