{
    "results": [
        {
            "command": null,
            "mean": 0.9655867370800001,
            "median": 0.8973873075800001,
            "max": 1.4713182510800003,
            "min": 0.87598288308
        }
    ]
}