{
    "results": [
        {
            "command": "npm install jquery",
            "mean": 9.931207037144999,
            "median": 9.757946793644999,
            "max": 10.819512183145,
            "min": 9.606998787144999,
            "user": 9.26648177,
            "stddev": 0.37015897728080854,
            "system": 0.516246915,
            "commit": "b56d5cec39bc19828fd67dd476d72dcf983c107f",
            "version": "3.13.1"
        }
    ]
}