{
    "results": [
        {
            "command": null,
            "mean": 1.1655425989550001,
            "median": 1.059882623755,
            "max": 1.586700799255,
            "min": 0.970645497255
        }
    ]
}