{
    "results": [
        {
            "command": null,
            "mean": 1.1005801167,
            "median": 1.0141240337,
            "max": 1.6486620477,
            "min": 0.9916420587
        }
    ]
}