{
    "results": [
        {
            "command": null,
            "mean": 13.592986627360002,
            "median": 13.45153387386,
            "max": 14.858997307360001,
            "min": 13.231316582360002
        }
    ]
}