{
    "results": [
        {
            "command": null,
            "mean": 10.76486688978,
            "median": 10.205866546880001,
            "max": 13.20371854288,
            "min": 9.987494248880001
        }
    ]
}