{
    "results": [
        {
            "command": "npm install jquery",
            "mean": 10.76486688978,
            "median": 10.205866546880001,
            "max": 13.20371854288,
            "min": 9.987494248880001,
            "user": 9.812556995,
            "stddev": 1.1591615130018775,
            "system": 0.56540361,
            "commit": "e0d639a1a6c9db97eea51882723ad253f3aa3a85",
            "version": "3.13.1"
        }
    ]
}