{
    "results": [
        {
            "command": null,
            "mean": 10.30529060668,
            "median": 10.219525597579999,
            "max": 11.40347280958,
            "min": 9.92492248458
        }
    ]
}