{
    "results": [
        {
            "command": null,
            "mean": 0.98848253075,
            "median": 0.98468217925,
            "max": 1.13119237325,
            "min": 0.9264902352500001
        }
    ]
}