{
    "results": [
        {
            "command": "npm info jquery",
            "mean": 1.295950923035,
            "median": 1.286271928135,
            "max": 1.418243381135,
            "min": 1.2401655481349998,
            "user": 0.56254483,
            "stddev": 0.05330979616143603,
            "system": 0.051053274999999995,
            "commit": "e0d639a1a6c9db97eea51882723ad253f3aa3a85",
            "version": "5.5.0"
        }
    ]
}