{
    "results": [
        {
            "command": null,
            "mean": 1.05145658697,
            "median": 0.9660428457700001,
            "max": 1.5143354152700002,
            "min": 0.92181404927
        }
    ]
}