{
    "results": [
        {
            "command": "npm install jquery",
            "mean": 10.30529060668,
            "median": 10.219525597579999,
            "max": 11.40347280958,
            "min": 9.92492248458,
            "user": 9.450141344999999,
            "stddev": 0.409936095395912,
            "system": 0.5406132049999999,
            "commit": "e0d639a1a6c9db97eea51882723ad253f3aa3a85",
            "version": "4.12.2"
        }
    ]
}