{
    "results": [
        {
            "command": "npm info jquery",
            "mean": 1.07272895501,
            "median": 1.0210066906100002,
            "max": 1.5885616046100002,
            "min": 0.9925084566100001,
            "user": 0.48673197499999993,
            "stddev": 0.18167726513264296,
            "system": 0.06052597999999999,
            "commit": "c2a1f4a73ad04c3f2d2bc784a9f3c33d036eeff9",
            "version": "3.13.1"
        }
    ]
}