{
    "results": [
        {
            "command": "npm info jquery",
            "mean": 1.055840755665,
            "median": 1.022228271665,
            "max": 1.408170406165,
            "min": 0.948299454165,
            "user": 0.524276735,
            "stddev": 0.1374586737370701,
            "system": 0.05571199499999999,
            "commit": "353a283b4035e951edcd64108843daae593636f2",
            "version": "6.0.0-6-next.24"
        }
    ]
}