{
    "results": [
        {
            "command": "npm install jquery",
            "mean": 15.53586789612,
            "median": 15.365130642219999,
            "max": 17.07867859922,
            "min": 15.02787141722,
            "user": 14.74458812,
            "stddev": 0.5890266360980956,
            "system": 0.7032448899999999,
            "commit": "95ed3db43ce681824c9b40fa7eb8b09039d053ea",
            "version": "4.12.1"
        }
    ]
}