{
    "results": [
        {
            "command": null,
            "mean": 15.543289600284998,
            "median": 15.318702089285,
            "max": 16.988996921785,
            "min": 15.043099161785001
        }
    ]
}