{
    "results": [
        {
            "command": "npm info jquery",
            "mean": 1.138506347995,
            "median": 1.139863144695,
            "max": 1.224434233195,
            "min": 1.067679196195,
            "user": 0.53608327,
            "stddev": 0.047000031541172764,
            "system": 0.060180504999999995,
            "commit": "54b17f4442f9ed8255656a66209476a220e94eea",
            "version": "5.1.0"
        }
    ]
}