{
    "results": [
        {
            "command": "npm info jquery",
            "mean": 1.3922482202800002,
            "median": 1.35187884448,
            "max": 1.92015163898,
            "min": 1.27832147398,
            "user": 0.6359658399999999,
            "stddev": 0.18885201022675127,
            "system": 0.07872737999999999,
            "commit": "54b17f4442f9ed8255656a66209476a220e94eea",
            "version": "4.12.1"
        }
    ]
}