{
    "results": [
        {
            "command": null,
            "mean": 15.641468777399998,
            "median": 15.4771272365,
            "max": 17.232556594,
            "min": 15.214939613
        }
    ]
}