{
    "results": [
        {
            "command": null,
            "mean": 1.138506347995,
            "median": 1.139863144695,
            "max": 1.224434233195,
            "min": 1.067679196195
        }
    ]
}