{
    "results": [
        {
            "command": "npm info jquery",
            "mean": 1.049108982875,
            "median": 1.008890371475,
            "max": 1.312850799975,
            "min": 0.979913299975,
            "user": 0.550487965,
            "stddev": 0.10830519532248212,
            "system": 0.06436468499999999,
            "commit": "95ed3db43ce681824c9b40fa7eb8b09039d053ea",
            "version": "3.13.1"
        }
    ]
}