{
  "results": [
    {
      "command": "npm info jquery",
      "mean": 0.35672238046000004,
      "stddev": 0.01100332240243086,
      "median": 0.35254905356,
      "user": 0.31627204,
      "system": 0.0314187,
      "min": 0.34397813606000005,
      "max": 0.37887287106,
      "times": [
        0.36551946906000005,
        0.34734269206,
        0.35094001206000003,
        0.35415809506,
        0.35686438306,
        0.34397813606000005,
        0.36892241606000004,
        0.35000104706,
        0.37887287106,
        0.35062468306000005
      ],
      "exit_codes": [
        0,
        0,
        0,
        0,
        0,
        0,
        0,
        0,
        0,
        0
      ]
    }
  ]
}
