{
  "results": [
    {
      "command": "npm info jquery",
      "mean": 0.43530856432,
      "stddev": 0.019717103503859655,
      "median": 0.42762666072,
      "user": 0.36756096,
      "system": 0.03601244,
      "min": 0.41122472022,
      "max": 0.47426414722000004,
      "times": [
        0.45821438922,
        0.44811897722000005,
        0.41122472022,
        0.42977728822,
        0.47426414722000004,
        0.42547603322,
        0.44055472322,
        0.42191208922,
        0.42419721822,
        0.41934605722
      ],
      "exit_codes": [
        0,
        0,
        0,
        0,
        0,
        0,
        0,
        0,
        0,
        0
      ]
    }
  ]
}
