{
  "results": [
    {
      "command": "npm info jquery",
      "mean": 0.45547635024,
      "stddev": 0.03285975130648542,
      "median": 0.44557529614,
      "user": 0.36967673999999995,
      "system": 0.045053359999999994,
      "min": 0.42235871814000003,
      "max": 0.5151112301399999,
      "times": [
        0.51107155114,
        0.44536166814000006,
        0.5151112301399999,
        0.46453404214000005,
        0.42235871814000003,
        0.43463925814000004,
        0.42308253314000005,
        0.45129298414,
        0.44152259314000003,
        0.44578892414000004
      ],
      "exit_codes": [
        0,
        0,
        0,
        0,
        0,
        0,
        0,
        0,
        0,
        0
      ]
    }
  ]
}
