{
  "results": [
    {
      "command": "npm info jquery",
      "mean": 0.39878635226000003,
      "stddev": 0.015059220668427608,
      "median": 0.39839953566,
      "user": 0.3368495199999999,
      "system": 0.04650185999999999,
      "min": 0.37989930466000005,
      "max": 0.42492468266000005,
      "times": [
        0.39617638966,
        0.42492468266000005,
        0.40585669066,
        0.40062268166000004,
        0.40869048866,
        0.39100194466000004,
        0.37989930466000005,
        0.38206422666,
        0.38346994166000004,
        0.41515717166000005
      ],
      "exit_codes": [
        0,
        0,
        0,
        0,
        0,
        0,
        0,
        0,
        0,
        0
      ]
    }
  ]
}
