{
    "results": [
        {
            "command": "npm install jquery",
            "mean": 18.437281509425002,
            "median": 17.505577889925,
            "max": 23.870625011425002,
            "min": 17.211186821425002,
            "user": 17.515195840000004,
            "stddev": 2.0657866374084293,
            "system": 0.873975235,
            "commit": "cf1b6cdb04d1050a972199b206431ea29e6eb3bc",
            "version": "5.1.3"
        }
    ]
}