{
    "results": [
        {
            "command": "npm info jquery",
            "mean": 0.991076990795,
            "median": 0.9438284486949999,
            "max": 1.248229669195,
            "min": 0.923176342195,
            "user": 0.5030869250000001,
            "stddev": 0.10969328462473957,
            "system": 0.04787639,
            "commit": "9dbf73e955fcb70b0a623c5ab89649b95146c744",
            "version": "5.1.3"
        }
    ]
}