{
    "results": [
        {
            "command": "npm install jquery",
            "mean": 16.410974521489997,
            "median": 16.25590342709,
            "max": 17.72985149259,
            "min": 15.869824020589999,
            "user": 15.65632681,
            "stddev": 0.5541714573850969,
            "system": 0.8213060750000001,
            "commit": "9dbf73e955fcb70b0a623c5ab89649b95146c744",
            "version": "6.0.0-6-next.23"
        }
    ]
}