{
    "results": [
        {
            "command": null,
            "mean": 1.0503426657700001,
            "median": 1.0335840305699997,
            "max": 1.2122137095699999,
            "min": 0.9939785965700001
        }
    ]
}