{
    "results": [
        {
            "command": null,
            "mean": 1.039802593275,
            "median": 0.9353428816750001,
            "max": 1.4015044966749999,
            "min": 0.9129669616750001
        }
    ]
}