{
    "results": [
        {
            "command": "npm install jquery",
            "mean": 15.261086044280002,
            "median": 14.683021894780001,
            "max": 21.68992837328,
            "min": 14.08600876528,
            "user": 14.212778914999998,
            "stddev": 2.2710845857679978,
            "system": 0.722221465,
            "commit": "9dbf73e955fcb70b0a623c5ab89649b95146c744",
            "version": "3.13.1"
        }
    ]
}