{
    "results": [
        {
            "command": "npm info jquery",
            "mean": 0.9335829786649998,
            "median": 0.9047810765650001,
            "max": 1.031519829565,
            "min": 0.8806986275650001,
            "user": 0.47051451499999997,
            "stddev": 0.058213413666374315,
            "system": 0.05016326499999999,
            "commit": "9dbf73e955fcb70b0a623c5ab89649b95146c744",
            "version": "4.12.2"
        }
    ]
}