{
    "results": [
        {
            "command": "npm info jquery",
            "mean": 1.039802593275,
            "median": 0.9353428816750001,
            "max": 1.4015044966749999,
            "min": 0.9129669616750001,
            "user": 0.5076809800000001,
            "stddev": 0.1769070190373592,
            "system": 0.048712364999999994,
            "commit": "9dbf73e955fcb70b0a623c5ab89649b95146c744",
            "version": "6.0.0-6-next.23"
        }
    ]
}