{
    "results": [
        {
            "command": "npm info jquery",
            "mean": 1.0503426657700001,
            "median": 1.0335840305699997,
            "max": 1.2122137095699999,
            "min": 0.9939785965700001,
            "user": 0.46519021499999996,
            "stddev": 0.06811207534007216,
            "system": 0.05025818,
            "commit": "9dbf73e955fcb70b0a623c5ab89649b95146c744",
            "version": "3.13.1"
        }
    ]
}