{
    "results": [
        {
            "command": "npm info jquery",
            "mean": 1.2783469263899998,
            "median": 1.2759993511899999,
            "max": 1.33651267269,
            "min": 1.23968372569,
            "user": 0.56637232,
            "stddev": 0.028493421173693592,
            "system": 0.066547765,
            "commit": "0cde4e8e98a8e5040b083363455a285d742667b0",
            "version": "3.13.1"
        }
    ]
}