{
    "results": [
        {
            "command": "npm install jquery",
            "mean": 14.312085524030001,
            "median": 14.31576413353,
            "max": 14.89138672403,
            "min": 13.92807503203,
            "user": 13.625057834999998,
            "stddev": 0.32438441271573276,
            "system": 0.7472260100000001,
            "commit": "4cd71c64091e8788b858b212b86d5286de160fe3",
            "version": "5.5.2"
        }
    ]
}