{
    "results": [
        {
            "command": "npm install jquery",
            "mean": 14.214693518675,
            "median": 14.097076173675,
            "max": 15.286563002675,
            "min": 13.728663435675001,
            "user": 13.467165515,
            "stddev": 0.474543524747835,
            "system": 0.6694383499999998,
            "commit": "9e29bf88909c14e71ca0547ac6026186cc19edc0",
            "version": "5.1.3"
        }
    ]
}