{
    "results": [
        {
            "command": "npm info jquery",
            "mean": 1.0170778620549998,
            "median": 0.981679719955,
            "max": 1.152176053455,
            "min": 0.946694394455,
            "user": 0.5274414999999999,
            "stddev": 0.07344396591563894,
            "system": 0.068781065,
            "commit": "980b09e40c5fcfdfc2742b601809f303f9f952cf",
            "version": "5.2.2"
        }
    ]
}