{
    "results": [
        {
            "command": "npm info jquery",
            "mean": 1.1871196901149998,
            "median": 1.192597978315,
            "max": 1.637538330815,
            "min": 0.782708541815,
            "user": 0.37658238,
            "stddev": 0.3202334220695582,
            "system": 0.038663755,
            "commit": "1fafb266bd69833c406c2e2a33cec3be9ad1cad0",
            "version": "5.7.0"
        }
    ]
}