{
    "results": [
        {
            "command": "npm info jquery",
            "mean": 0.8736527261100001,
            "median": 0.8750895571100001,
            "max": 0.8940533116100001,
            "min": 0.8491527266100001,
            "user": 0.459396985,
            "stddev": 0.013318675229200438,
            "system": 0.041614355,
            "commit": "95ed3db43ce681824c9b40fa7eb8b09039d053ea",
            "version": "3.13.1"
        }
    ]
}