{
    "results": [
        {
            "command": "npm install jquery",
            "mean": 11.665579587854998,
            "median": 11.516419388654999,
            "max": 12.549059767154999,
            "min": 11.367734762155,
            "user": 11.042671639999998,
            "stddev": 0.37298066544477165,
            "system": 0.536901815,
            "commit": "2197d08e425086d721b5da8f7dfe03130ab140df",
            "version": "4.12.1"
        }
    ]
}