{
    "results": [
        {
            "command": "npm info jquery",
            "mean": 0.9798284397050001,
            "median": 0.9448901681049999,
            "max": 1.248510731605,
            "min": 0.923944717605,
            "user": 0.5097579649999998,
            "stddev": 0.09709579322086262,
            "system": 0.04669773,
            "commit": "95ed3db43ce681824c9b40fa7eb8b09039d053ea",
            "version": "3.13.1"
        }
    ]
}