{
    "results": [
        {
            "command": "npm info jquery",
            "mean": 1.4551475266799998,
            "median": 1.41831608468,
            "max": 2.34456235018,
            "min": 0.86722475818,
            "user": 0.42195313500000003,
            "stddev": 0.5599653586691535,
            "system": 0.050811285,
            "commit": "4fc14eab0231a9c65391005d42dd899c6308896d",
            "version": "6.0.0-6-next.35"
        }
    ]
}