{
    "results": [
        {
            "command": "npm info jquery",
            "mean": 0.99423396903,
            "median": 0.9563812953300002,
            "max": 1.11320329883,
            "min": 0.9411022018300002,
            "user": 0.4175452999999999,
            "stddev": 0.06970210993579386,
            "system": 0.045332265,
            "commit": "8d6d6097c692368e33c0b240b2c707ffc3bf963a",
            "version": "4.12.2"
        }
    ]
}