{
    "results": [
        {
            "command": "npm info jquery",
            "mean": 0.9077819844199999,
            "median": 0.89758242642,
            "max": 1.02884387392,
            "min": 0.87245969092,
            "user": 0.44765609500000003,
            "stddev": 0.04467807341180087,
            "system": 0.0557234,
            "commit": "54b17f4442f9ed8255656a66209476a220e94eea",
            "version": "5.1.0"
        }
    ]
}