{
    "results": [
        {
            "command": null,
            "mean": 11.507083730295,
            "median": 11.165874793495,
            "max": 14.263124418995,
            "min": 10.617780209994999
        }
    ]
}