{
    "results": [
        {
            "command": "npm info jquery",
            "mean": 1.09772062328,
            "median": 1.09984519698,
            "max": 1.11782115798,
            "min": 1.07340095898,
            "user": 0.41534463499999996,
            "stddev": 0.011484157894617727,
            "system": 0.04323214500000001,
            "commit": "54b17f4442f9ed8255656a66209476a220e94eea",
            "version": "4.12.1"
        }
    ]
}