{
    "results": [
        {
            "command": null,
            "mean": 1.09772062328,
            "median": 1.09984519698,
            "max": 1.11782115798,
            "min": 1.07340095898
        }
    ]
}