{
    "results": [
        {
            "command": null,
            "mean": 0.93639175077,
            "median": 0.9022493335700001,
            "max": 1.07249445307,
            "min": 0.8703910000700001
        }
    ]
}