{
    "results": [
        {
            "command": null,
            "mean": 0.9077819844199999,
            "median": 0.89758242642,
            "max": 1.02884387392,
            "min": 0.87245969092
        }
    ]
}