{
    "results": [
        {
            "command": null,
            "mean": 0.861093813195,
            "median": 0.8609813495950001,
            "max": 0.8944461075950001,
            "min": 0.833824907595
        }
    ]
}