{
    "results": [
        {
            "command": "npm info jquery",
            "mean": 0.861093813195,
            "median": 0.8609813495950001,
            "max": 0.8944461075950001,
            "min": 0.833824907595,
            "user": 0.415788715,
            "stddev": 0.02212936153548882,
            "system": 0.04819064499999999,
            "commit": "3fe8cb0406340f0fba783ecbd536875858bf3854",
            "version": "4.12.2"
        }
    ]
}