{
    "results": [
        {
            "command": "npm install jquery",
            "mean": 14.998468003554999,
            "median": 13.981981608155001,
            "max": 20.875976185655002,
            "min": 13.232376454655,
            "user": 14.431736755,
            "stddev": 2.645499771246684,
            "system": 0.7149548899999999,
            "commit": "3fe8cb0406340f0fba783ecbd536875858bf3854",
            "version": "3.13.1"
        }
    ]
}