{
    "results": [
        {
            "command": "npm install jquery",
            "mean": 12.369245011305,
            "median": 11.724348759305002,
            "max": 17.345807355805,
            "min": 11.438498707805001,
            "user": 11.790471645,
            "stddev": 1.779123791715335,
            "system": 0.6300691999999999,
            "commit": "3fe8cb0406340f0fba783ecbd536875858bf3854",
            "version": "5.1.2"
        }
    ]
}