{
    "results": [
        {
            "command": null,
            "mean": 12.369245011305,
            "median": 11.724348759305002,
            "max": 17.345807355805,
            "min": 11.438498707805001
        }
    ]
}