{
    "results": [
        {
            "command": "npm info jquery",
            "mean": 0.7641284793600002,
            "median": 0.7531142638600001,
            "max": 0.9027894533600002,
            "min": 0.7235785673600001,
            "user": 0.33498577,
            "stddev": 0.05020191217809045,
            "system": 0.03511283,
            "commit": "fe11b334fc9608df7f8e10cb8379f9cada11d512",
            "version": "3.13.1"
        }
    ]
}