{
    "results": [
        {
            "command": "npm install jquery",
            "mean": 12.208669784315001,
            "median": 12.247315223115,
            "max": 12.841077495115,
            "min": 11.622706996115001,
            "user": 13.36715049,
            "stddev": 0.38581607672451335,
            "system": 0.7605563500000001,
            "commit": "b7d319c5bef1d63990de1c794f66714b8981b173",
            "version": "5.1.3"
        }
    ]
}