{
    "results": [
        {
            "command": "npm info jquery",
            "mean": 1.1570519927249998,
            "median": 1.141029105625,
            "max": 1.2621241086250001,
            "min": 1.090326075625,
            "user": 0.56595882,
            "stddev": 0.0551027822184769,
            "system": 0.07129187000000001,
            "commit": "f625c114bb5078200503bd165a495f4cd52a6e44",
            "version": "3.13.1"
        }
    ]
}