{
    "results": [
        {
            "command": "npm install jquery",
            "mean": 14.18623450726,
            "median": 13.269095420260001,
            "max": 18.30415215476,
            "min": 12.683376242760001,
            "user": 13.80315104,
            "stddev": 2.1251442082645275,
            "system": 0.706688725,
            "commit": "c168b4e47a600d56f786a380d652478d7763153b",
            "version": "6.0.0-6-next.24"
        }
    ]
}