{
    "results": [
        {
            "command": "npm info jquery",
            "mean": 0.8791248992300001,
            "median": 0.8658979498300001,
            "max": 0.9803594668300001,
            "min": 0.83766584583,
            "user": 0.43453457,
            "stddev": 0.03970388506404563,
            "system": 0.045562055000000004,
            "commit": "1a3b0db56302ee80b898379044eda5b2d73473c1",
            "version": "4.12.2"
        }
    ]
}