{
    "results": [
        {
            "command": "npm info jquery",
            "mean": 1.0471201244950001,
            "median": 0.9157404285950002,
            "max": 1.592879668095,
            "min": 0.8727284470950001,
            "user": 0.46300386000000004,
            "stddev": 0.25830818557853613,
            "system": 0.05695686,
            "commit": "02be97fc3a2c641ada1a3b48818156338b74313f",
            "version": "3.13.1"
        }
    ]
}