{
    "results": [
        {
            "command": null,
            "mean": 1.0471201244950001,
            "median": 0.9157404285950002,
            "max": 1.592879668095,
            "min": 0.8727284470950001
        }
    ]
}