{
    "results": [
        {
            "command": null,
            "mean": 13.012592845005003,
            "median": 12.915779272105,
            "max": 14.550895813605,
            "min": 12.508691749605001
        }
    ]
}