{
    "results": [
        {
            "command": "npm info jquery",
            "mean": 0.87327618239,
            "median": 0.8525777434900002,
            "max": 1.00915354849,
            "min": 0.8452262534900001,
            "user": 0.44040737499999993,
            "stddev": 0.05083968626807543,
            "system": 0.042655954999999995,
            "commit": "0f0cbf2b2f86d576807e3298d736b09c1c02f524",
            "version": "3.13.1"
        }
    ]
}