{
    "results": [
        {
            "command": "npm install jquery",
            "mean": 10.534272532254999,
            "median": 10.401127245555,
            "max": 11.776520077554999,
            "min": 10.257893789554998,
            "user": 9.893473070000002,
            "stddev": 0.4425145801232365,
            "system": 0.5701874799999997,
            "commit": "955c93e2c95e8e0b1ef998c9c9714454c9ec28db",
            "version": "5.3.0"
        }
    ]
}