{
    "results": [
        {
            "command": "npm install jquery",
            "mean": 14.412834588665001,
            "median": 14.368546159165,
            "max": 14.911401565164999,
            "min": 14.170117917165,
            "user": 13.795621735000001,
            "stddev": 0.21210014225201224,
            "system": 0.731206235,
            "commit": "83561bc52d3ec5a906d96e9f27aa6152d4522bdf",
            "version": "5.5.2"
        }
    ]
}