{
    "results": [
        {
            "command": "npm install jquery",
            "mean": 10.230435598265,
            "median": 10.158305939064999,
            "max": 11.316358888064999,
            "min": 9.914448565065,
            "user": 9.466782284999999,
            "stddev": 0.40326941218341,
            "system": 0.5543550049999999,
            "commit": "d3ab11a6f0ce60205488947da2445c6c50398fc0",
            "version": "6.0.0-6-next.27"
        }
    ]
}