{
    "results": [
        {
            "command": "npm install jquery",
            "mean": 15.559884113565001,
            "median": 15.407509907165,
            "max": 16.973224579165002,
            "min": 14.968439840165,
            "user": 14.36833925,
            "stddev": 0.6579779866226428,
            "system": 0.68963457,
            "commit": "95ed3db43ce681824c9b40fa7eb8b09039d053ea",
            "version": "3.13.1"
        }
    ]
}