{
    "results": [
        {
            "command": "npm info jquery",
            "mean": 0.9623126670600002,
            "median": 0.9384970224600001,
            "max": 1.06484289296,
            "min": 0.9205174999600001,
            "user": 0.5028259049999999,
            "stddev": 0.046896135534858725,
            "system": 0.047563879999999996,
            "commit": "a2877ab03c84790029ea89cc676567e1f625c52f",
            "version": "4.12.2"
        }
    ]
}