{
    "results": [
        {
            "command": "npm install jquery",
            "mean": 13.329936913445001,
            "median": 13.302444853145001,
            "max": 14.327671579145001,
            "min": 12.621119086145,
            "user": 12.848629984999999,
            "stddev": 0.4892590582427822,
            "system": 0.6385142600000001,
            "commit": "54b17f4442f9ed8255656a66209476a220e94eea",
            "version": "3.13.1"
        }
    ]
}