{
    "results": [
        {
            "command": null,
            "mean": 1.215606685845,
            "median": 1.171169510045,
            "max": 1.594026887545,
            "min": 1.133231170545
        }
    ]
}