{
    "results": [
        {
            "command": null,
            "mean": 10.45987691137,
            "median": 10.40328388697,
            "max": 11.27391440097,
            "min": 10.14492178397
        }
    ]
}