{
    "results": [
        {
            "command": "npm install jquery",
            "mean": 11.318976192900001,
            "median": 11.2730986696,
            "max": 12.5071882691,
            "min": 10.890035778100001,
            "user": 10.730045899999997,
            "stddev": 0.47696368538214357,
            "system": 0.54890711,
            "commit": "54b17f4442f9ed8255656a66209476a220e94eea",
            "version": "5.1.0"
        }
    ]
}