{
    "results": [
        {
            "command": null,
            "mean": 1.0208050741899999,
            "median": 1.01104787539,
            "max": 1.16553658139,
            "min": 0.96703014339
        }
    ]
}