{
    "results": [
        {
            "command": null,
            "mean": 0.95453463002,
            "median": 0.92525047102,
            "max": 1.18551018302,
            "min": 0.89019119402
        }
    ]
}