{
    "results": [
        {
            "command": "npm info jquery",
            "mean": 1.215606685845,
            "median": 1.171169510045,
            "max": 1.594026887545,
            "min": 1.133231170545,
            "user": 0.4972133899999999,
            "stddev": 0.13662135295583602,
            "system": 0.05671391499999999,
            "commit": "54b17f4442f9ed8255656a66209476a220e94eea",
            "version": "3.13.1"
        }
    ]
}