{
    "results": [
        {
            "command": "npm info jquery",
            "mean": 1.0208050741899999,
            "median": 1.01104787539,
            "max": 1.16553658139,
            "min": 0.96703014339,
            "user": 0.431307565,
            "stddev": 0.05627728148486743,
            "system": 0.046324119999999996,
            "commit": "54b17f4442f9ed8255656a66209476a220e94eea",
            "version": "4.12.1"
        }
    ]
}