{
    "results": [
        {
            "command": "npm info jquery",
            "mean": 1.2200662210650002,
            "median": 1.1920147759650002,
            "max": 1.3875626674650001,
            "min": 1.1159416394650001,
            "user": 0.57036076,
            "stddev": 0.09861852019303259,
            "system": 0.05506667,
            "commit": "6c50f8569c32528ce57b5e1a4ffd08bfadab3be5",
            "version": "3.13.1"
        }
    ]
}