{
    "results": [
        {
            "command": null,
            "mean": 0.9919188836950001,
            "median": 0.979953372495,
            "max": 1.033977323995,
            "min": 0.963528196995
        }
    ]
}