{
    "results": [
        {
            "command": "npm info jquery",
            "mean": 0.834711507015,
            "median": 0.812928774815,
            "max": 0.9861295618150001,
            "min": 0.799449961815,
            "user": 0.399629595,
            "stddev": 0.05704615837946195,
            "system": 0.051923094999999996,
            "commit": "5983625ff78b968c86f902a118328e98dc4e76b1",
            "version": "5.3.0"
        }
    ]
}