{
    "results": [
        {
            "command": null,
            "mean": 1.09029135433,
            "median": 1.06644044933,
            "max": 1.25352665533,
            "min": 1.00354758133
        }
    ]
}