{
    "results": [
        {
            "command": "npm info jquery",
            "mean": 1.09029135433,
            "median": 1.06644044933,
            "max": 1.25352665533,
            "min": 1.00354758133,
            "user": 0.589668735,
            "stddev": 0.083109804177687,
            "system": 0.05999561499999999,
            "commit": "5983625ff78b968c86f902a118328e98dc4e76b1",
            "version": "6.0.0-6-next.27"
        }
    ]
}