{
    "results": [
        {
            "command": "npm install jquery",
            "mean": 15.827016336455,
            "median": 15.256989986055,
            "max": 20.800209753555002,
            "min": 14.513956103555,
            "user": 15.307573909999999,
            "stddev": 1.8667476757770551,
            "system": 0.764268885,
            "commit": "8a8f2b6774d50c12ce8d0e87e3e4f847478a0e10",
            "version": "5.1.2"
        }
    ]
}