{
    "results": [
        {
            "command": "npm info jquery",
            "mean": 0.8655960277450001,
            "median": 0.847594097045,
            "max": 1.041992979545,
            "min": 0.830080712545,
            "user": 0.434389775,
            "stddev": 0.06285871098204314,
            "system": 0.03961612,
            "commit": "2197d08e425086d721b5da8f7dfe03130ab140df",
            "version": "4.12.1"
        }
    ]
}