{
    "results": [
        {
            "command": null,
            "mean": 14.837153902320003,
            "median": 14.26255693002,
            "max": 18.31751446902,
            "min": 13.391210515020001
        }
    ]
}