{
    "results": [
        {
            "command": null,
            "mean": 1.13217424414,
            "median": 1.0823707651399999,
            "max": 1.44431284164,
            "min": 0.98080859464
        }
    ]
}