{
    "results": [
        {
            "command": "npm install jquery",
            "mean": 12.040092464005001,
            "median": 10.935224753705,
            "max": 16.333363573705,
            "min": 10.865158898705001,
            "user": 10.968706244999996,
            "stddev": 1.9732990749684585,
            "system": 0.560986565,
            "commit": "b261741ef692a6348ec86cd0e0811db08376c312",
            "version": "4.12.2"
        }
    ]
}