{
    "results": [
        {
            "command": null,
            "mean": 14.572849690405002,
            "median": 14.358499970805,
            "max": 16.814124635305,
            "min": 13.718604646305
        }
    ]
}