{
    "results": [
        {
            "command": "npm install jquery",
            "mean": 14.837153902320003,
            "median": 14.26255693002,
            "max": 18.31751446902,
            "min": 13.391210515020001,
            "user": 13.48159954,
            "stddev": 1.5677673715783549,
            "system": 0.703915955,
            "commit": "b261741ef692a6348ec86cd0e0811db08376c312",
            "version": "6.0.0-6-next.24"
        }
    ]
}