{
    "results": [
        {
            "command": "npm info jquery",
            "mean": 1.1311174452400004,
            "median": 1.10664631564,
            "max": 1.29154268764,
            "min": 1.0688481946400001,
            "user": 0.53198616,
            "stddev": 0.06903172950070272,
            "system": 0.06338089,
            "commit": "b261741ef692a6348ec86cd0e0811db08376c312",
            "version": "6.0.0-6-next.24"
        }
    ]
}