{
    "results": [
        {
            "command": null,
            "mean": 1.1497788176600001,
            "median": 1.1363401801600002,
            "max": 1.4437251016600001,
            "min": 0.99881832666
        }
    ]
}