{
    "results": [
        {
            "command": null,
            "mean": 1.1311174452400004,
            "median": 1.10664631564,
            "max": 1.29154268764,
            "min": 1.0688481946400001
        }
    ]
}