{
    "results": [
        {
            "command": null,
            "mean": 10.97478611024,
            "median": 10.69019839724,
            "max": 12.44522864274,
            "min": 10.29421126474
        }
    ]
}