{
    "results": [
        {
            "command": "npm info jquery",
            "mean": 1.1497788176600001,
            "median": 1.1363401801600002,
            "max": 1.4437251016600001,
            "min": 0.99881832666,
            "user": 0.634850245,
            "stddev": 0.12187475714061637,
            "system": 0.06985361,
            "commit": "b261741ef692a6348ec86cd0e0811db08376c312",
            "version": "5.1.3"
        }
    ]
}