{
    "results": [
        {
            "command": "npm info jquery",
            "mean": 0.8871909070200001,
            "median": 0.87995075722,
            "max": 0.9677644902200001,
            "min": 0.8694933052200001,
            "user": 0.4487599749999999,
            "stddev": 0.028602798759399972,
            "system": 0.05277491999999999,
            "commit": "d04153a8e5323d2fa6512f7b4e11f03eab6448f0",
            "version": "5.2.2"
        }
    ]
}