{
    "results": [
        {
            "command": "npm info jquery",
            "mean": 0.8911616061100002,
            "median": 0.85086324981,
            "max": 1.0970380638100001,
            "min": 0.83120258681,
            "user": 0.42936976499999996,
            "stddev": 0.09133199791946166,
            "system": 0.0484084,
            "commit": "1a3b0db56302ee80b898379044eda5b2d73473c1",
            "version": "3.13.1"
        }
    ]
}