{
    "results": [
        {
            "command": "npm info jquery",
            "mean": 1.1946789957,
            "median": 1.1472639092999999,
            "max": 1.4565989293,
            "min": 1.1195073682999999,
            "user": 0.5692245199999999,
            "stddev": 0.10347585325897474,
            "system": 0.06126788,
            "commit": "c168b4e47a600d56f786a380d652478d7763153b",
            "version": "6.0.0-6-next.24"
        }
    ]
}