{
    "results": [
        {
            "command": "npm install jquery",
            "mean": 12.281150129695002,
            "median": 11.649440601395,
            "max": 16.838236694895,
            "min": 11.448967388895,
            "user": 11.766171215,
            "stddev": 1.679683922356889,
            "system": 0.5920895249999999,
            "commit": "3fe8cb0406340f0fba783ecbd536875858bf3854",
            "version": "5.1.2"
        }
    ]
}