{
    "results": [
        {
            "command": "npm install jquery",
            "mean": 12.360165895645,
            "median": 12.234145440445,
            "max": 13.081281681944999,
            "min": 11.882328248944999,
            "user": 10.981362329999998,
            "stddev": 0.4444354783781272,
            "system": 0.609162615,
            "commit": "1a3b0db56302ee80b898379044eda5b2d73473c1",
            "version": "3.13.1"
        }
    ]
}