{
    "results": [
        {
            "command": null,
            "mean": 0.9830658405299999,
            "median": 0.95824675543,
            "max": 1.2952400719300001,
            "min": 0.87182135793
        }
    ]
}