{
    "results": [
        {
            "command": null,
            "mean": 1.102745565805,
            "median": 1.0452848186049999,
            "max": 1.640794391605,
            "min": 0.9369580536050001
        }
    ]
}