{
    "results": [
        {
            "command": null,
            "mean": 11.89057505677,
            "median": 11.89539248937,
            "max": 12.40740294737,
            "min": 11.10887622737
        }
    ]
}