{
    "results": [
        {
            "command": null,
            "mean": 0.97815110598,
            "median": 0.9513362686800001,
            "max": 1.1431183831799998,
            "min": 0.8921731161800001
        }
    ]
}