{
    "results": [
        {
            "command": "npm install jquery",
            "mean": 15.660281475814998,
            "median": 15.577147970515,
            "max": 16.690201068514998,
            "min": 15.334968040515,
            "user": 15.155503909999998,
            "stddev": 0.3847078202138209,
            "system": 0.762485765,
            "commit": "f625c114bb5078200503bd165a495f4cd52a6e44",
            "version": "4.12.2"
        }
    ]
}