{
    "results": [
        {
            "command": "npm info jquery",
            "mean": 1.102745565805,
            "median": 1.0452848186049999,
            "max": 1.640794391605,
            "min": 0.9369580536050001,
            "user": 0.42730067,
            "stddev": 0.20250683718947932,
            "system": 0.042860585,
            "commit": "f625c114bb5078200503bd165a495f4cd52a6e44",
            "version": "3.13.1"
        }
    ]
}