{
    "results": [
        {
            "command": null,
            "mean": 13.84931570546,
            "median": 13.71469361696,
            "max": 15.16412533496,
            "min": 13.40968997996
        }
    ]
}