{
    "results": [
        {
            "command": "npm install jquery",
            "mean": 11.00973037564,
            "median": 10.87003889944,
            "max": 12.02124844794,
            "min": 10.61581294994,
            "user": 10.369506054999999,
            "stddev": 0.41869131832807605,
            "system": 0.523421505,
            "commit": "9dbf73e955fcb70b0a623c5ab89649b95146c744",
            "version": "4.12.2"
        }
    ]
}