{
    "results": [
        {
            "command": "npm install jquery",
            "mean": 13.03349814888,
            "median": 12.87870640798,
            "max": 14.17400805298,
            "min": 12.717653711979999,
            "user": 12.4788155,
            "stddev": 0.43403228994038007,
            "system": 0.64630659,
            "commit": "7aff3dcb9c67247594ec54c507852a58caa10a17",
            "version": "5.1.0"
        }
    ]
}