{
    "results": [
        {
            "command": "npm info jquery",
            "mean": 1.0781169339649999,
            "median": 1.054014110965,
            "max": 1.199473847965,
            "min": 1.009688865965,
            "user": 0.5824788049999999,
            "stddev": 0.06497525678341894,
            "system": 0.078539045,
            "commit": "0f0cbf2b2f86d576807e3298d736b09c1c02f524",
            "version": "5.1.0"
        }
    ]
}