{
    "results": [
        {
            "command": null,
            "mean": 0.9987869770050002,
            "median": 0.9744542162050001,
            "max": 1.109622887205,
            "min": 0.905438427205
        }
    ]
}