{
    "results": [
        {
            "command": "npm install jquery",
            "mean": 26.715327586924996,
            "median": 26.706789525125,
            "max": 27.758403072125,
            "min": 25.679139916125,
            "user": 24.72689797,
            "stddev": 0.6239535943459162,
            "system": 1.4005959649999997,
            "commit": "4afb06347abe1b433c4367b35a9e35b58484e1a0",
            "version": "3.13.1"
        }
    ]
}