{
    "results": [
        {
            "command": null,
            "mean": 0.9252105013949998,
            "median": 0.890879781395,
            "max": 1.077147335395,
            "min": 0.844826769395
        }
    ]
}