{
    "results": [
        {
            "command": null,
            "mean": 0.9687461866850002,
            "median": 0.9438159820850001,
            "max": 1.106513844085,
            "min": 0.928733718085
        }
    ]
}