{
    "results": [
        {
            "command": "npm info jquery",
            "mean": 0.875060026465,
            "median": 0.842432613865,
            "max": 1.035798693365,
            "min": 0.821506384365,
            "user": 0.43229825499999996,
            "stddev": 0.07371064881408401,
            "system": 0.03182730499999999,
            "commit": "90818700a3de6f3f29061111dc76e88210e277cd",
            "version": "3.13.1"
        }
    ]
}