{
    "results": [
        {
            "command": null,
            "mean": 15.240208540915,
            "median": 15.161144557615,
            "max": 16.210249660615002,
            "min": 14.717213201615
        }
    ]
}