{
    "results": [
        {
            "command": "npm install jquery",
            "mean": 16.72604665185,
            "median": 16.49669839205,
            "max": 17.95438985055,
            "min": 16.104604193550003,
            "user": 15.92268009,
            "stddev": 0.5761502089328361,
            "system": 0.84059029,
            "commit": "90818700a3de6f3f29061111dc76e88210e277cd",
            "version": "4.12.2"
        }
    ]
}