{
    "results": [
        {
            "command": "npm info jquery",
            "mean": 0.9687461866850002,
            "median": 0.9438159820850001,
            "max": 1.106513844085,
            "min": 0.928733718085,
            "user": 0.5189224999999998,
            "stddev": 0.059070703620664994,
            "system": 0.04688742,
            "commit": "90818700a3de6f3f29061111dc76e88210e277cd",
            "version": "5.1.3"
        }
    ]
}