{
    "results": [
        {
            "command": "npm install jquery",
            "mean": 17.084170623245,
            "median": 15.793293577445,
            "max": 23.412844132944997,
            "min": 15.133272019945,
            "user": 16.156585115000002,
            "stddev": 3.0042027868971783,
            "system": 0.792594885,
            "commit": "90818700a3de6f3f29061111dc76e88210e277cd",
            "version": "6.0.0-6-next.23"
        }
    ]
}