{
    "results": [
        {
            "command": null,
            "mean": 1.1394184492400001,
            "median": 1.12216299034,
            "max": 1.3006453128400002,
            "min": 1.0953830578400001
        }
    ]
}