{
    "results": [
        {
            "command": "npm install jquery",
            "mean": 14.950413071370003,
            "median": 14.761963279669999,
            "max": 16.66184773767,
            "min": 14.22212812267,
            "user": 14.095370735,
            "stddev": 0.6967655504028442,
            "system": 0.6861773999999998,
            "commit": "90818700a3de6f3f29061111dc76e88210e277cd",
            "version": "5.1.3"
        }
    ]
}