{
    "results": [
        {
            "command": "npm info jquery",
            "mean": 1.0426813458050002,
            "median": 1.0249421650050001,
            "max": 1.175752058505,
            "min": 0.9504569565050001,
            "user": 0.433547785,
            "stddev": 0.06964577880328068,
            "system": 0.041074305,
            "commit": "2b4f8a1b63e0d2980fb5f0589ca09aac22d3859a",
            "version": "5.2.2"
        }
    ]
}