{
    "results": [
        {
            "command": "npm install jquery",
            "mean": 13.091195019489998,
            "median": 12.74729969929,
            "max": 15.39048374179,
            "min": 12.163519651789999,
            "user": 13.925029909999997,
            "stddev": 1.0235612079048888,
            "system": 0.7309992500000001,
            "commit": "b8c7b771ad635f55c928b94cca19b68d9535c9a0",
            "version": "4.12.2"
        }
    ]
}