{
    "results": [
        {
            "command": null,
            "mean": 1.296251558275,
            "median": 1.253493692975,
            "max": 1.441404373975,
            "min": 1.223100301975
        }
    ]
}