{
    "results": [
        {
            "command": null,
            "mean": 12.871306035594998,
            "median": 12.693971833494999,
            "max": 14.535566027495,
            "min": 12.405465863495
        }
    ]
}