{
    "results": [
        {
            "command": null,
            "mean": 14.299686004010002,
            "median": 14.22811136821,
            "max": 15.70935704021,
            "min": 13.16373105321
        }
    ]
}