{
    "results": [
        {
            "command": null,
            "mean": 1.31726489657,
            "median": 1.28395316257,
            "max": 1.48585064807,
            "min": 1.25051257207
        }
    ]
}