{
    "results": [
        {
            "command": "npm info jquery",
            "mean": 1.2151721957300003,
            "median": 1.1729441123300002,
            "max": 1.3022303933300001,
            "min": 1.15291469833,
            "user": 0.45457785999999994,
            "stddev": 0.06895121875939202,
            "system": 0.05242124499999999,
            "commit": "1c7eb368ee50e6c3978697d60b34be8fd30dd748",
            "version": "3.13.1"
        }
    ]
}