{
    "results": [
        {
            "command": "npm install jquery",
            "mean": 9.430222833765,
            "median": 9.379370139465,
            "max": 9.900706459965,
            "min": 9.097867542965,
            "user": 8.71197292,
            "stddev": 0.26669535710893993,
            "system": 0.5311693850000001,
            "commit": "20a5e571d16f45ca7ef0d2b6000181359784264c",
            "version": "3.13.1"
        }
    ]
}