{
    "results": [
        {
            "command": "npm info jquery",
            "mean": 1.0438628540050001,
            "median": 1.0228932264050001,
            "max": 1.143458852405,
            "min": 0.9859908284050001,
            "user": 0.4464495349999999,
            "stddev": 0.05691467165083094,
            "system": 0.040754785,
            "commit": "5f8e886d3f525bd74603868400fcb5231d13c8da",
            "version": "3.13.1"
        }
    ]
}