{
    "results": [
        {
            "command": null,
            "mean": 13.27758404684,
            "median": 13.18699091334,
            "max": 13.76366269934,
            "min": 12.94360703434
        }
    ]
}