{
    "results": [
        {
            "command": "npm info jquery",
            "mean": 0.98108424998,
            "median": 0.94529673358,
            "max": 1.1326030060799999,
            "min": 0.91343215308,
            "user": 0.38680783500000004,
            "stddev": 0.08176525136062764,
            "system": 0.042942585,
            "commit": "5f8e886d3f525bd74603868400fcb5231d13c8da",
            "version": "4.12.2"
        }
    ]
}