{
    "results": [
        {
            "command": null,
            "mean": 1.0438628540050001,
            "median": 1.0228932264050001,
            "max": 1.143458852405,
            "min": 0.9859908284050001
        }
    ]
}