{
    "results": [
        {
            "command": "npm info jquery",
            "mean": 0.9343668984400002,
            "median": 0.92566167314,
            "max": 0.9666533836400001,
            "min": 0.9093978196400001,
            "user": 0.5084487799999999,
            "stddev": 0.023256645198562742,
            "system": 0.050351875000000004,
            "commit": "95ed3db43ce681824c9b40fa7eb8b09039d053ea",
            "version": "4.12.1"
        }
    ]
}