{
    "results": [
        {
            "command": "npm info jquery",
            "mean": 0.975699220255,
            "median": 0.911013586855,
            "max": 1.184598005855,
            "min": 0.882929508855,
            "user": 0.4687675549999999,
            "stddev": 0.11581802699321372,
            "system": 0.05048082,
            "commit": "b970102bfc79742dc3f637927ba00a74159101ec",
            "version": "6.0.0-6-next.24"
        }
    ]
}