{
    "results": [
        {
            "command": null,
            "mean": 12.476731798569997,
            "median": 12.39677639897,
            "max": 12.941537317469999,
            "min": 12.14348277247
        }
    ]
}