{
    "results": [
        {
            "command": null,
            "mean": 0.97648451032,
            "median": 0.93727881042,
            "max": 1.3120435264199999,
            "min": 0.86053695642
        }
    ]
}