{
    "results": [
        {
            "command": null,
            "mean": 1.209176293705,
            "median": 1.121534056005,
            "max": 1.487755061005,
            "min": 1.006273061005
        }
    ]
}