{
    "results": [
        {
            "command": "npm info jquery",
            "mean": 0.97648451032,
            "median": 0.93727881042,
            "max": 1.3120435264199999,
            "min": 0.86053695642,
            "user": 0.42909743499999997,
            "stddev": 0.14187945793194542,
            "system": 0.04896434,
            "commit": "9fb5429d1865e7ccfe9e021332863baf596638b6",
            "version": "5.7.0"
        }
    ]
}