{
    "results": [
        {
            "command": null,
            "mean": 0.9439611201250001,
            "median": 0.8610632800250001,
            "max": 1.3643709400250001,
            "min": 0.8389037870250001
        }
    ]
}