{
    "results": [
        {
            "command": null,
            "mean": 9.49798940562,
            "median": 9.485637565320001,
            "max": 10.00854973382,
            "min": 9.16047287682
        }
    ]
}