{
    "results": [
        {
            "command": "npm install jquery",
            "mean": 12.476731798569997,
            "median": 12.39677639897,
            "max": 12.941537317469999,
            "min": 12.14348277247,
            "user": 11.82699769,
            "stddev": 0.2984531458386892,
            "system": 0.6567336549999998,
            "commit": "9fb5429d1865e7ccfe9e021332863baf596638b6",
            "version": "3.13.1"
        }
    ]
}