{
    "results": [
        {
            "command": "npm install jquery",
            "mean": 12.415292171805001,
            "median": 11.794754943605,
            "max": 16.745878856605,
            "min": 11.607173193605,
            "user": 11.620641825000002,
            "stddev": 1.5755261112286325,
            "system": 0.56237928,
            "commit": "b6495d5b6c028fc7184912deaa1e7848846241a5",
            "version": "3.13.1"
        }
    ]
}