{
    "results": [
        {
            "command": "npm info jquery",
            "mean": 0.9715325312950001,
            "median": 0.947914580295,
            "max": 1.0842232837949999,
            "min": 0.909219454795,
            "user": 0.49192367499999995,
            "stddev": 0.06728003353190208,
            "system": 0.04494388,
            "commit": "8a8f2b6774d50c12ce8d0e87e3e4f847478a0e10",
            "version": "4.12.2"
        }
    ]
}