{
    "results": [
        {
            "command": "npm info jquery",
            "mean": 1.089166425335,
            "median": 1.079959889435,
            "max": 1.2558789774349999,
            "min": 0.999998186435,
            "user": 0.482717755,
            "stddev": 0.08693156015971586,
            "system": 0.04269719999999999,
            "commit": "54b17f4442f9ed8255656a66209476a220e94eea",
            "version": "4.12.1"
        }
    ]
}