{
    "results": [
        {
            "command": null,
            "mean": 1.064880734565,
            "median": 0.973354602765,
            "max": 1.5047390752650003,
            "min": 0.947721955265
        }
    ]
}