{
    "results": [
        {
            "command": "npm install jquery",
            "mean": 10.904151599645001,
            "median": 10.805626659045,
            "max": 11.837461154545,
            "min": 10.359287706545,
            "user": 9.822591215,
            "stddev": 0.4750919218948206,
            "system": 0.534400645,
            "commit": "4cd71c64091e8788b858b212b86d5286de160fe3",
            "version": "4.12.2"
        }
    ]
}