{
    "results": [
        {
            "command": null,
            "mean": 1.35189516528,
            "median": 1.35449067938,
            "max": 1.46237592788,
            "min": 1.2453212758799999
        }
    ]
}