{
    "results": [
        {
            "command": null,
            "mean": 1.39356003778,
            "median": 1.27278160868,
            "max": 2.15166482268,
            "min": 1.20986107968
        }
    ]
}