{
    "results": [
        {
            "command": "npm info jquery",
            "mean": 1.35189516528,
            "median": 1.35449067938,
            "max": 1.46237592788,
            "min": 1.2453212758799999,
            "user": 0.56297481,
            "stddev": 0.07753505169652321,
            "system": 0.06359844,
            "commit": "4cd71c64091e8788b858b212b86d5286de160fe3",
            "version": "5.5.2"
        }
    ]
}