{
    "results": [
        {
            "command": "npm install jquery",
            "mean": 10.64926058279,
            "median": 10.60752149589,
            "max": 11.51781501789,
            "min": 10.24851608989,
            "user": 10.079339619999999,
            "stddev": 0.3294518494229741,
            "system": 0.5568693299999999,
            "commit": "4cd71c64091e8788b858b212b86d5286de160fe3",
            "version": "6.0.0-6-next.31"
        }
    ]
}