{
    "results": [
        {
            "command": "npm install jquery",
            "mean": 10.250964095885,
            "median": 10.109303689585001,
            "max": 11.162872347585001,
            "min": 10.020255186585,
            "user": 9.588604475,
            "stddev": 0.34567921879930835,
            "system": 0.5267674299999999,
            "commit": "4cd71c64091e8788b858b212b86d5286de160fe3",
            "version": "3.13.1"
        }
    ]
}