{
    "results": [
        {
            "command": null,
            "mean": 1.35109009994,
            "median": 1.2994300994399999,
            "max": 1.6794785959399998,
            "min": 1.2706732269399998
        }
    ]
}