{
    "results": [
        {
            "command": null,
            "mean": 10.64926058279,
            "median": 10.60752149589,
            "max": 11.51781501789,
            "min": 10.24851608989
        }
    ]
}