{
    "results": [
        {
            "command": null,
            "mean": 10.446348809659998,
            "median": 10.452201614460002,
            "max": 10.95700363996,
            "min": 9.89083843396
        }
    ]
}