{
    "results": [
        {
            "command": "npm info jquery",
            "mean": 1.056660104045,
            "median": 0.9964590765450001,
            "max": 1.348979819045,
            "min": 0.9721293750450001,
            "user": 0.5419681449999999,
            "stddev": 0.12039655044392804,
            "system": 0.07270739,
            "commit": "4a6476c824722618d1834672a2a343d43d7c60c5",
            "version": "4.12.2"
        }
    ]
}