{
    "results": [
        {
            "command": "npm info jquery",
            "mean": 1.09292272845,
            "median": 1.0402375791500003,
            "max": 1.4236685771500002,
            "min": 1.0144488581500002,
            "user": 0.583588295,
            "stddev": 0.12459970476643063,
            "system": 0.06826560000000001,
            "commit": "95ed3db43ce681824c9b40fa7eb8b09039d053ea",
            "version": "3.13.1"
        }
    ]
}