{
    "results": [
        {
            "command": "npm install jquery",
            "mean": 17.285011401645,
            "median": 15.820272752945,
            "max": 24.517427781445,
            "min": 15.675184719445,
            "user": 16.46090129,
            "stddev": 3.0950563250217846,
            "system": 0.8179580999999999,
            "commit": "9dbf73e955fcb70b0a623c5ab89649b95146c744",
            "version": "4.12.2"
        }
    ]
}