{
    "results": [
        {
            "command": "npm install jquery",
            "mean": 13.7516005478,
            "median": 13.6680871435,
            "max": 14.4708509535,
            "min": 13.3160340615,
            "user": 13.11464457,
            "stddev": 0.3436478118672376,
            "system": 0.7014572099999999,
            "commit": "2a86a46b85f8e85ba63161145f93a87ad884b134",
            "version": "3.13.1"
        }
    ]
}