{
    "results": [
        {
            "command": "npm info jquery",
            "mean": 1.129648143755,
            "median": 1.115999934555,
            "max": 1.286903678555,
            "min": 1.026552677555,
            "user": 0.50632408,
            "stddev": 0.0913826835562141,
            "system": 0.04565262999999999,
            "commit": "7aff3dcb9c67247594ec54c507852a58caa10a17",
            "version": "4.12.1"
        }
    ]
}