{
    "results": [
        {
            "command": "npm install jquery",
            "mean": 12.120250328374999,
            "median": 11.957733142475,
            "max": 13.209008152474999,
            "min": 11.766867901474999,
            "user": 10.974924045,
            "stddev": 0.44346606722641546,
            "system": 0.6504399049999999,
            "commit": "6021d05f416de16d80c216177770f24fcedbca93",
            "version": "3.13.1"
        }
    ]
}