{
    "results": [
        {
            "command": "npm info jquery",
            "mean": 1.0509596876500003,
            "median": 1.00660891915,
            "max": 1.32833388365,
            "min": 0.9398859396500001,
            "user": 0.54237179,
            "stddev": 0.10945476473920655,
            "system": 0.067265355,
            "commit": "6021d05f416de16d80c216177770f24fcedbca93",
            "version": "4.12.2"
        }
    ]
}