{
    "results": [
        {
            "command": null,
            "mean": 1.06275077817,
            "median": 0.9920110296700001,
            "max": 1.25721849617,
            "min": 0.9374838121700001
        }
    ]
}