{
    "results": [
        {
            "command": null,
            "mean": 10.31762954881,
            "median": 10.164993381910001,
            "max": 12.16265337591,
            "min": 9.70572795791
        }
    ]
}