{
    "results": [
        {
            "command": null,
            "mean": 10.73034948761,
            "median": 10.26393797181,
            "max": 14.45890497231,
            "min": 10.01637881431
        }
    ]
}