{
    "results": [
        {
            "command": null,
            "mean": 1.0509596876500003,
            "median": 1.00660891915,
            "max": 1.32833388365,
            "min": 0.9398859396500001
        }
    ]
}