{
    "results": [
        {
            "command": "npm info jquery",
            "mean": 1.07700767812,
            "median": 1.0351594689199999,
            "max": 1.30445243842,
            "min": 0.9225574364200001,
            "user": 0.5240114699999999,
            "stddev": 0.12699230617780793,
            "system": 0.061381085,
            "commit": "6021d05f416de16d80c216177770f24fcedbca93",
            "version": "5.2.2"
        }
    ]
}