{
    "results": [
        {
            "command": "npm info jquery",
            "mean": 1.06275077817,
            "median": 0.9920110296700001,
            "max": 1.25721849617,
            "min": 0.9374838121700001,
            "user": 0.5373303650000001,
            "stddev": 0.12004844863624912,
            "system": 0.05681996499999999,
            "commit": "6021d05f416de16d80c216177770f24fcedbca93",
            "version": "3.13.1"
        }
    ]
}