{
    "results": [
        {
            "command": null,
            "mean": 10.67853378927,
            "median": 10.52065759637,
            "max": 11.69038290337,
            "min": 10.30332169637
        }
    ]
}