{
    "results": [
        {
            "command": "npm info jquery",
            "mean": 1.03281149615,
            "median": 1.00299634265,
            "max": 1.1790613411500002,
            "min": 0.95004799515,
            "user": 0.42760289500000004,
            "stddev": 0.08779424617968187,
            "system": 0.04712365999999999,
            "commit": "b261741ef692a6348ec86cd0e0811db08376c312",
            "version": "5.1.3"
        }
    ]
}