{
    "results": [
        {
            "command": "npm info jquery",
            "mean": 0.9636105226249999,
            "median": 0.934873286625,
            "max": 1.1919596616249999,
            "min": 0.9038279756250001,
            "user": 0.518830475,
            "stddev": 0.0866970250267752,
            "system": 0.04142724499999999,
            "commit": "54b17f4442f9ed8255656a66209476a220e94eea",
            "version": "3.13.1"
        }
    ]
}