{
    "results": [
        {
            "command": "npm install jquery",
            "mean": 10.629737459705002,
            "median": 10.447249703405,
            "max": 11.389220658905,
            "min": 10.313092712905,
            "user": 9.97455638,
            "stddev": 0.378799017160831,
            "system": 0.5895623399999999,
            "commit": "d04153a8e5323d2fa6512f7b4e11f03eab6448f0",
            "version": "4.12.2"
        }
    ]
}