{
    "results": [
        {
            "command": "npm info jquery",
            "mean": 1.3217780870650002,
            "median": 1.285494575565,
            "max": 1.680297143065,
            "min": 1.241549674065,
            "user": 0.57083903,
            "stddev": 0.12891430305944213,
            "system": 0.06248226999999999,
            "commit": "b261741ef692a6348ec86cd0e0811db08376c312",
            "version": "3.13.1"
        }
    ]
}