{
    "results": [
        {
            "command": "npm install jquery",
            "mean": 10.163751209685001,
            "median": 10.103543692885001,
            "max": 10.985590169885,
            "min": 9.633886382885,
            "user": 8.884554929999998,
            "stddev": 0.40878340743227165,
            "system": 0.49400496999999993,
            "commit": "d778f2cd18478410a5722fafb40713f7ea0baef7",
            "version": "5.3.0"
        }
    ]
}