{
    "results": [
        {
            "command": "npm info jquery",
            "mean": 1.2525101317550003,
            "median": 1.248481022155,
            "max": 1.414474691655,
            "min": 1.145206227655,
            "user": 0.61332296,
            "stddev": 0.09875540851409709,
            "system": 0.06853517499999999,
            "commit": "b8c7b771ad635f55c928b94cca19b68d9535c9a0",
            "version": "3.13.1"
        }
    ]
}