{
    "results": [
        {
            "command": "npm info jquery",
            "mean": 1.1227640514000001,
            "median": 1.1162045514,
            "max": 1.2606860979,
            "min": 1.0378248409000002,
            "user": 0.5120018150000001,
            "stddev": 0.07477064898762276,
            "system": 0.057971724999999995,
            "commit": "95ed3db43ce681824c9b40fa7eb8b09039d053ea",
            "version": "3.13.1"
        }
    ]
}