{
    "results": [
        {
            "command": null,
            "mean": 13.42023627792,
            "median": 13.256962139719999,
            "max": 14.517913177219999,
            "min": 12.849309179219999
        }
    ]
}