{
    "results": [
        {
            "command": "npm install jquery",
            "mean": 11.476412773005,
            "median": 11.358415663905001,
            "max": 12.366400748905,
            "min": 10.935101203905,
            "user": 10.65250266,
            "stddev": 0.49547103358790173,
            "system": 0.5544088850000001,
            "commit": "95ed3db43ce681824c9b40fa7eb8b09039d053ea",
            "version": "3.13.1"
        }
    ]
}