{
    "results": [
        {
            "command": null,
            "mean": 1.03675386625,
            "median": 0.99430321595,
            "max": 1.26900238095,
            "min": 0.96667496095
        }
    ]
}