{
    "results": [
        {
            "command": "npm install jquery",
            "mean": 13.42023627792,
            "median": 13.256962139719999,
            "max": 14.517913177219999,
            "min": 12.849309179219999,
            "user": 12.63561361,
            "stddev": 0.4753565757191963,
            "system": 0.6382053750000001,
            "commit": "95ed3db43ce681824c9b40fa7eb8b09039d053ea",
            "version": "4.12.1"
        }
    ]
}