{
    "results": [
        {
            "command": null,
            "mean": 16.223607346625,
            "median": 16.151316904425002,
            "max": 17.871174874424998,
            "min": 15.270700414425
        }
    ]
}