{
    "results": [
        {
            "command": null,
            "mean": 1.19959044774,
            "median": 1.18610352054,
            "max": 1.35422458854,
            "min": 1.14620773454
        }
    ]
}