{
    "results": [
        {
            "command": "npm install jquery",
            "mean": 16.476676253935,
            "median": 16.285023505435,
            "max": 17.715536812435,
            "min": 15.997636195435,
            "user": 15.930465935,
            "stddev": 0.5029411063139388,
            "system": 0.7571215649999999,
            "commit": "0f0cbf2b2f86d576807e3298d736b09c1c02f524",
            "version": "3.13.1"
        }
    ]
}