{
    "results": [
        {
            "command": "npm info jquery",
            "mean": 1.1949534593500002,
            "median": 1.17895103435,
            "max": 1.40198242585,
            "min": 1.13359705885,
            "user": 0.46002488999999996,
            "stddev": 0.07526279504658943,
            "system": 0.058898975,
            "commit": "b261741ef692a6348ec86cd0e0811db08376c312",
            "version": "5.1.3"
        }
    ]
}