{
    "results": [
        {
            "command": null,
            "mean": 15.976432273039999,
            "median": 15.90893781414,
            "max": 16.851968599640003,
            "min": 15.10482339464
        }
    ]
}