{
    "results": [
        {
            "command": null,
            "mean": 16.668527143905,
            "median": 15.984942066704999,
            "max": 22.733205052705,
            "min": 15.591742897704998
        }
    ]
}