{
    "results": [
        {
            "command": null,
            "mean": 1.0486881873449998,
            "median": 1.0355412025450002,
            "max": 1.195001901545,
            "min": 0.942427024545
        }
    ]
}