{
    "results": [
        {
            "command": null,
            "mean": 1.0361412543100001,
            "median": 1.02704118801,
            "max": 1.25189897301,
            "min": 0.95806664601
        }
    ]
}