{
    "results": [
        {
            "command": null,
            "mean": 12.965418772085002,
            "median": 12.460012693485,
            "max": 17.350823970485003,
            "min": 12.031051339485
        }
    ]
}