{
    "results": [
        {
            "command": null,
            "mean": 1.1949534593500002,
            "median": 1.17895103435,
            "max": 1.40198242585,
            "min": 1.13359705885
        }
    ]
}