{
    "results": [
        {
            "command": "npm install jquery",
            "mean": 14.85756696718,
            "median": 14.65348095118,
            "max": 16.73403914068,
            "min": 14.342948161679999,
            "user": 14.003620899999998,
            "stddev": 0.6963464182172154,
            "system": 0.7430339149999999,
            "commit": "52d3442856ecfe521642f41976c2dbed731f7749",
            "version": "4.12.2"
        }
    ]
}