{
    "results": [
        {
            "command": "npm install jquery",
            "mean": 13.339307524560002,
            "median": 13.26127487906,
            "max": 15.02479432406,
            "min": 12.62069775606,
            "user": 12.64654962,
            "stddev": 0.6566612577142971,
            "system": 0.6418420749999999,
            "commit": "54b17f4442f9ed8255656a66209476a220e94eea",
            "version": "4.12.1"
        }
    ]
}