{
    "results": [
        {
            "command": "npm info jquery",
            "mean": 0.882852193165,
            "median": 0.8663861348650002,
            "max": 0.9950135093650001,
            "min": 0.843776799365,
            "user": 0.43941376,
            "stddev": 0.050332055287715595,
            "system": 0.04778249500000001,
            "commit": "cf4489abb1625a8bc0a4c86d7e874c9e51204d37",
            "version": "5.1.3"
        }
    ]
}