{
    "results": [
        {
            "command": "npm install jquery",
            "mean": 13.836227887565002,
            "median": 13.727584698065,
            "max": 14.674039046565,
            "min": 13.446599642565,
            "user": 13.224477515,
            "stddev": 0.39037656462133596,
            "system": 0.6499054049999999,
            "commit": "95ed3db43ce681824c9b40fa7eb8b09039d053ea",
            "version": "4.12.1"
        }
    ]
}