{
    "results": [
        {
            "command": null,
            "mean": 12.281150129695002,
            "median": 11.649440601395,
            "max": 16.838236694895,
            "min": 11.448967388895
        }
    ]
}