{
    "results": [
        {
            "command": null,
            "mean": 18.285132200575003,
            "median": 16.886147804875,
            "max": 24.176297331375,
            "min": 16.240286131375
        }
    ]
}