{
    "results": [
        {
            "command": null,
            "mean": 15.864085180745002,
            "median": 15.626854663945,
            "max": 18.154210440445,
            "min": 15.243041771445
        }
    ]
}