{
    "results": [
        {
            "command": "npm install jquery",
            "mean": 16.891659832325,
            "median": 16.154756313225,
            "max": 21.849864002725003,
            "min": 15.354034372725,
            "user": 15.700704979999998,
            "stddev": 1.9310153788719269,
            "system": 0.788234075,
            "commit": "b6495d5b6c028fc7184912deaa1e7848846241a5",
            "version": "3.13.1"
        }
    ]
}