{
    "results": [
        {
            "command": "npm info jquery",
            "mean": 0.88845107321,
            "median": 0.8553466089100001,
            "max": 1.06178504241,
            "min": 0.83020519941,
            "user": 0.436027805,
            "stddev": 0.07808952849346876,
            "system": 0.048186860000000005,
            "commit": "1042f9bf76d86b582bd779111487e193a2d731ab",
            "version": "6.0.0-6-next.23"
        }
    ]
}