{
    "results": [
        {
            "command": "npm info jquery",
            "mean": 0.9350442961750002,
            "median": 0.8834672650750001,
            "max": 1.1855909175750001,
            "min": 0.864430002575,
            "user": 0.44662688999999994,
            "stddev": 0.10684862123825745,
            "system": 0.04930912,
            "commit": "2cf0371c0ef348036e0c121d8ab22a777bd295a3",
            "version": "3.13.1"
        }
    ]
}