{
    "results": [
        {
            "command": "npm install jquery",
            "mean": 16.223607346625,
            "median": 16.151316904425002,
            "max": 17.871174874424998,
            "min": 15.270700414425,
            "user": 15.228331749999999,
            "stddev": 0.7220132436963891,
            "system": 0.7220132100000002,
            "commit": "95ed3db43ce681824c9b40fa7eb8b09039d053ea",
            "version": "5.1.0"
        }
    ]
}