{
    "results": [
        {
            "command": "npm info jquery",
            "mean": 0.9076575292500001,
            "median": 0.8849789566500001,
            "max": 1.0061164951500001,
            "min": 0.8599357831500001,
            "user": 0.4348270449999999,
            "stddev": 0.05337735334182839,
            "system": 0.04463983999999999,
            "commit": "736e7de600c556861f8f255f01e203d901d643db",
            "version": "3.13.1"
        }
    ]
}