{
    "results": [
        {
            "command": "npm install jquery",
            "mean": 11.992206796695001,
            "median": 11.851708595695001,
            "max": 12.968474290195001,
            "min": 11.473125819195,
            "user": 11.25820582,
            "stddev": 0.42641530757593266,
            "system": 0.6335809649999999,
            "commit": "736e7de600c556861f8f255f01e203d901d643db",
            "version": "5.3.0"
        }
    ]
}