{
    "results": [
        {
            "command": null,
            "mean": 1.093615598115,
            "median": 1.068927979515,
            "max": 1.289964465015,
            "min": 1.029553641015
        }
    ]
}