{
    "results": [
        {
            "command": "npm info jquery",
            "mean": 0.8909364192799998,
            "median": 0.86965996138,
            "max": 0.99162855988,
            "min": 0.85282649088,
            "user": 0.43074798999999997,
            "stddev": 0.05225219312775979,
            "system": 0.048286180000000005,
            "commit": "736e7de600c556861f8f255f01e203d901d643db",
            "version": "4.12.2"
        }
    ]
}