{
    "results": [
        {
            "command": "npm info jquery",
            "mean": 1.039742468695,
            "median": 1.0400765133949998,
            "max": 1.058168268395,
            "min": 1.015815649395,
            "user": 0.5779954949999999,
            "stddev": 0.012273838041041216,
            "system": 0.069826855,
            "commit": "736e7de600c556861f8f255f01e203d901d643db",
            "version": "5.3.0"
        }
    ]
}