{
    "results": [
        {
            "command": "npm install jquery",
            "mean": 10.616220802434999,
            "median": 10.457538853334999,
            "max": 11.564125323335,
            "min": 10.169941267335,
            "user": 9.693945574999999,
            "stddev": 0.3950751468992427,
            "system": 0.5386501699999999,
            "commit": "736e7de600c556861f8f255f01e203d901d643db",
            "version": "3.13.1"
        }
    ]
}