{
    "results": [
        {
            "command": null,
            "mean": 0.9076575292500001,
            "median": 0.8849789566500001,
            "max": 1.0061164951500001,
            "min": 0.8599357831500001
        }
    ]
}