{
    "results": [
        {
            "command": "npm info jquery",
            "mean": 1.14683405451,
            "median": 0.97469714311,
            "max": 1.8972678581100002,
            "min": 0.92386659211,
            "user": 0.5043153949999999,
            "stddev": 0.33792834951343986,
            "system": 0.058169915,
            "commit": "bbbb42b8fe0c26a024abf6ffa469081fc38ffed2",
            "version": "5.7.0"
        }
    ]
}