{
    "results": [
        {
            "command": "npm install jquery",
            "mean": 13.974154124079998,
            "median": 13.86626344708,
            "max": 14.754906584579999,
            "min": 13.652686681579999,
            "user": 13.355832314999997,
            "stddev": 0.3569826491356572,
            "system": 0.7444641699999999,
            "commit": "d04153a8e5323d2fa6512f7b4e11f03eab6448f0",
            "version": "4.12.2"
        }
    ]
}