{
    "results": [
        {
            "command": "npm install jquery",
            "mean": 13.346334219760001,
            "median": 13.275389096460001,
            "max": 13.75802455946,
            "min": 13.06618241346,
            "user": 12.604888599999999,
            "stddev": 0.24739526483323818,
            "system": 0.6841717899999998,
            "commit": "d04153a8e5323d2fa6512f7b4e11f03eab6448f0",
            "version": "3.13.1"
        }
    ]
}