{
    "results": [
        {
            "command": "npm info jquery",
            "mean": 1.005966471675,
            "median": 0.994489587975,
            "max": 1.145372039475,
            "min": 0.9467736764750001,
            "user": 0.42449046999999995,
            "stddev": 0.05963217613952743,
            "system": 0.04981218999999999,
            "commit": "d04153a8e5323d2fa6512f7b4e11f03eab6448f0",
            "version": "3.13.1"
        }
    ]
}