{
    "results": [
        {
            "command": null,
            "mean": 13.346334219760001,
            "median": 13.275389096460001,
            "max": 13.75802455946,
            "min": 13.06618241346
        }
    ]
}