{
    "results": [
        {
            "command": null,
            "mean": 1.03128093846,
            "median": 1.0277532541599999,
            "max": 1.1784081391599999,
            "min": 0.95666916016
        }
    ]
}