{
    "results": [
        {
            "command": null,
            "mean": 1.0079518758400001,
            "median": 0.96838163384,
            "max": 1.1657910843400001,
            "min": 0.94216925434
        }
    ]
}