{
    "results": [
        {
            "command": "npm install jquery",
            "mean": 15.63704326411,
            "median": 15.511361975109999,
            "max": 16.64072853511,
            "min": 15.069838741109999,
            "user": 14.703429245,
            "stddev": 0.5436388145201334,
            "system": 0.8196145749999999,
            "commit": "d04153a8e5323d2fa6512f7b4e11f03eab6448f0",
            "version": "6.0.0-6-next.27"
        }
    ]
}