{
    "results": [
        {
            "command": "npm info jquery",
            "mean": 1.0079518758400001,
            "median": 0.96838163384,
            "max": 1.1657910843400001,
            "min": 0.94216925434,
            "user": 0.5103267399999999,
            "stddev": 0.07650516854175983,
            "system": 0.05969293,
            "commit": "d04153a8e5323d2fa6512f7b4e11f03eab6448f0",
            "version": "4.12.2"
        }
    ]
}