{
    "results": [
        {
            "command": null,
            "mean": 13.974154124079998,
            "median": 13.86626344708,
            "max": 14.754906584579999,
            "min": 13.652686681579999
        }
    ]
}