{
    "results": [
        {
            "command": "npm info jquery",
            "mean": 1.03128093846,
            "median": 1.0277532541599999,
            "max": 1.1784081391599999,
            "min": 0.95666916016,
            "user": 0.4463647999999999,
            "stddev": 0.06047625103510626,
            "system": 0.048819879999999996,
            "commit": "d04153a8e5323d2fa6512f7b4e11f03eab6448f0",
            "version": "6.0.0-6-next.27"
        }
    ]
}