{
    "results": [
        {
            "command": "npm install jquery",
            "mean": 14.137487261725,
            "median": 14.029599035624999,
            "max": 15.715644868124999,
            "min": 13.631256647125,
            "user": 13.403076445000002,
            "stddev": 0.5945691025688193,
            "system": 0.6793466149999998,
            "commit": "73e6863426497b61ff1b3e61b577909b70cf683d",
            "version": "3.13.1"
        }
    ]
}