{
    "results": [
        {
            "command": "npm info jquery",
            "mean": 1.07498773343,
            "median": 1.05375242903,
            "max": 1.22652919953,
            "min": 1.00600566253,
            "user": 0.5038021949999999,
            "stddev": 0.07775253041208043,
            "system": 0.053076325,
            "commit": "0f0cbf2b2f86d576807e3298d736b09c1c02f524",
            "version": "3.13.1"
        }
    ]
}