{
    "results": [
        {
            "command": "npm install jquery",
            "mean": 16.407646042169997,
            "median": 16.21554514807,
            "max": 17.742438900569997,
            "min": 15.70504899057,
            "user": 15.731109395,
            "stddev": 0.593073692694864,
            "system": 0.8328997900000001,
            "commit": "0f0cbf2b2f86d576807e3298d736b09c1c02f524",
            "version": "5.1.0"
        }
    ]
}