{
    "results": [
        {
            "command": null,
            "mean": 13.318197678454998,
            "median": 13.215977449954998,
            "max": 14.381597721455,
            "min": 12.822166130454999
        }
    ]
}