{
    "results": [
        {
            "command": "npm install jquery",
            "mean": 13.251643996215,
            "median": 13.188283164215001,
            "max": 14.063421891214999,
            "min": 12.781664022214999,
            "user": 12.852458904999997,
            "stddev": 0.3866827022653311,
            "system": 0.65533334,
            "commit": "0f0cbf2b2f86d576807e3298d736b09c1c02f524",
            "version": "3.13.1"
        }
    ]
}