{
    "results": [
        {
            "command": "npm info jquery",
            "mean": 1.003100410325,
            "median": 0.979893124225,
            "max": 1.112555766225,
            "min": 0.9451231492250001,
            "user": 0.527971015,
            "stddev": 0.0625232048411904,
            "system": 0.051021214999999995,
            "commit": "3d45cecf04827712eb724a113e415dbda8ea2d90",
            "version": "5.1.0"
        }
    ]
}