{
    "results": [
        {
            "command": "npm install jquery",
            "mean": 12.46329111783,
            "median": 12.397991913030001,
            "max": 13.39392859503,
            "min": 12.12035576603,
            "user": 11.773454955,
            "stddev": 0.3665253211637993,
            "system": 0.5800434800000002,
            "commit": "95ed3db43ce681824c9b40fa7eb8b09039d053ea",
            "version": "5.1.0"
        }
    ]
}