{
    "results": [
        {
            "command": null,
            "mean": 13.859803488525,
            "median": 13.796359072225002,
            "max": 14.477005558225,
            "min": 13.581099763225
        }
    ]
}