{
    "results": [
        {
            "command": null,
            "mean": 1.310152953645,
            "median": 1.311132867345,
            "max": 1.437064776345,
            "min": 1.228060518345
        }
    ]
}