{
    "results": [
        {
            "command": null,
            "mean": 1.225289664135,
            "median": 1.1913299581349999,
            "max": 1.646319314135,
            "min": 1.067308785135
        }
    ]
}