{
    "results": [
        {
            "command": null,
            "mean": 1.115132472615,
            "median": 1.069853012115,
            "max": 1.487113670615,
            "min": 0.9845833076150001
        }
    ]
}