{
    "results": [
        {
            "command": "npm install jquery",
            "mean": 10.038703429650003,
            "median": 10.075489292450001,
            "max": 10.535494565950001,
            "min": 9.65854323095,
            "user": 9.338281225,
            "stddev": 0.30059325698363965,
            "system": 0.5003053549999998,
            "commit": "353a283b4035e951edcd64108843daae593636f2",
            "version": "5.1.3"
        }
    ]
}