{
    "results": [
        {
            "command": "npm info jquery",
            "mean": 1.2221583107350003,
            "median": 1.201093726035,
            "max": 1.3127240040350001,
            "min": 1.1576644420350002,
            "user": 0.49894753,
            "stddev": 0.04780442782162868,
            "system": 0.05985548,
            "commit": "6021d05f416de16d80c216177770f24fcedbca93",
            "version": "4.12.2"
        }
    ]
}