{
    "results": [
        {
            "command": "npm install jquery",
            "mean": 13.204114821545,
            "median": 13.171229485545,
            "max": 14.430308650045001,
            "min": 12.704046735045,
            "user": 12.550535175,
            "stddev": 0.4722485526953833,
            "system": 0.6904948899999999,
            "commit": "73b3479a3aa36ed295b39ecd45585ac57c320955",
            "version": "4.12.2"
        }
    ]
}