{
    "results": [
        {
            "command": "npm info jquery",
            "mean": 0.9210574240300001,
            "median": 0.91823637193,
            "max": 0.97549024993,
            "min": 0.88525317193,
            "user": 0.4853607699999999,
            "stddev": 0.026709645753975747,
            "system": 0.055144104999999985,
            "commit": "f13dacef9c9741661ab8ff16fd3c1174c45ce7f9",
            "version": "6.0.0-6-next.23"
        }
    ]
}