{
    "results": [
        {
            "command": "npm info jquery",
            "mean": 1.167878204395,
            "median": 1.070204046695,
            "max": 1.9165668641950002,
            "min": 0.9462685401950001,
            "user": 0.51492142,
            "stddev": 0.2991899242932733,
            "system": 0.06033596,
            "commit": "4cd71c64091e8788b858b212b86d5286de160fe3",
            "version": "3.13.1"
        }
    ]
}