{
    "results": [
        {
            "command": "npm info jquery",
            "mean": 0.8815867338100001,
            "median": 0.8551190023099999,
            "max": 1.0456103938099999,
            "min": 0.82281718881,
            "user": 0.42801458,
            "stddev": 0.06853296302314672,
            "system": 0.037708439999999996,
            "commit": "73e6863426497b61ff1b3e61b577909b70cf683d",
            "version": "3.13.1"
        }
    ]
}