{
    "results": [
        {
            "command": null,
            "mean": 0.8815867338100001,
            "median": 0.8551190023099999,
            "max": 1.0456103938099999,
            "min": 0.82281718881
        }
    ]
}