{
    "results": [
        {
            "command": null,
            "mean": 0.8355400016650002,
            "median": 0.8371669203650001,
            "max": 0.850128749365,
            "min": 0.8105843303650001
        }
    ]
}