{
    "results": [
        {
            "command": null,
            "mean": 15.68879728477,
            "median": 15.70257264677,
            "max": 16.702281205770003,
            "min": 15.18154603377
        }
    ]
}