{
    "results": [
        {
            "command": "npm install jquery",
            "mean": 15.68879728477,
            "median": 15.70257264677,
            "max": 16.702281205770003,
            "min": 15.18154603377,
            "user": 15.008540614999998,
            "stddev": 0.48625923802391086,
            "system": 0.6979196699999999,
            "commit": "73e6863426497b61ff1b3e61b577909b70cf683d",
            "version": "5.1.0"
        }
    ]
}