{
    "results": [
        {
            "command": "npm install jquery",
            "mean": 10.071238935984999,
            "median": 9.598625309185,
            "max": 12.387243429185,
            "min": 9.040637498185001,
            "user": 10.593781834999998,
            "stddev": 1.1439951418814969,
            "system": 0.5682646599999999,
            "commit": "136771eb393d0a6a9f0b0738c0554d1085c44081",
            "version": "4.12.2"
        }
    ]
}