{
    "results": [
        {
            "command": "npm info jquery",
            "mean": 1.313902477375,
            "median": 1.282839868975,
            "max": 1.5305818644750002,
            "min": 1.2638706854750001,
            "user": 0.5647608349999997,
            "stddev": 0.08154374543527934,
            "system": 0.063806055,
            "commit": "6021d05f416de16d80c216177770f24fcedbca93",
            "version": "5.2.2"
        }
    ]
}