{
    "results": [
        {
            "command": "npm info jquery",
            "mean": 1.118542439335,
            "median": 1.1282851160349998,
            "max": 1.286718906035,
            "min": 1.013415623035,
            "user": 0.5851121650000001,
            "stddev": 0.0850632338152392,
            "system": 0.06877404999999999,
            "commit": "a88c72d0b21d3b248ced47c192653040a487cd98",
            "version": "5.2.2"
        }
    ]
}