{
    "results": [
        {
            "command": "npm info jquery",
            "mean": 1.0956246030400003,
            "median": 1.09470149314,
            "max": 1.31677157214,
            "min": 0.9211480051400001,
            "user": 0.528895745,
            "stddev": 0.12017847568453588,
            "system": 0.06147616,
            "commit": "5f8e886d3f525bd74603868400fcb5231d13c8da",
            "version": "6.0.0-6-next.24"
        }
    ]
}