{
    "results": [
        {
            "command": "npm info jquery",
            "mean": 1.24920470425,
            "median": 1.22937200445,
            "max": 1.4215380664500001,
            "min": 1.1949722224500001,
            "user": 0.534150415,
            "stddev": 0.06700634012182813,
            "system": 0.059434295000000005,
            "commit": "0cde4e8e98a8e5040b083363455a285d742667b0",
            "version": "4.12.2"
        }
    ]
}