{
    "results": [
        {
            "command": null,
            "mean": 13.4093771897,
            "median": 13.2700600706,
            "max": 14.7432398741,
            "min": 12.8919162661
        }
    ]
}