{
    "results": [
        {
            "command": "npm info jquery",
            "mean": 1.2741086637799997,
            "median": 0.8401074350800001,
            "max": 5.13927957958,
            "min": 0.8108611615800001,
            "user": 0.41238401500000005,
            "stddev": 1.3585041115778256,
            "system": 0.04742553000000001,
            "commit": "90b8bc242c9f801b1b91c7f31d10348ab860c677",
            "version": "4.12.2"
        }
    ]
}