{
    "results": [
        {
            "command": "npm install jquery",
            "mean": 13.018312672594998,
            "median": 12.993506546694999,
            "max": 13.565704614694999,
            "min": 12.645095700695,
            "user": 12.552342915,
            "stddev": 0.32329617033646885,
            "system": 0.6680141949999999,
            "commit": "90b8bc242c9f801b1b91c7f31d10348ab860c677",
            "version": "5.1.2"
        }
    ]
}