{
    "results": [
        {
            "command": "npm info jquery",
            "mean": 1.2491373354500002,
            "median": 1.21319709915,
            "max": 1.4219345551500002,
            "min": 1.1802271431500002,
            "user": 0.5324186450000001,
            "stddev": 0.0845059835862777,
            "system": 0.05235723999999999,
            "commit": "90b8bc242c9f801b1b91c7f31d10348ab860c677",
            "version": "5.1.2"
        }
    ]
}