{
    "results": [
        {
            "command": "npm install jquery",
            "mean": 13.483855750915001,
            "median": 13.282826579015,
            "max": 14.746892792515,
            "min": 13.112541630515,
            "user": 12.72277616,
            "stddev": 0.4921786560785292,
            "system": 0.6396303549999999,
            "commit": "90b8bc242c9f801b1b91c7f31d10348ab860c677",
            "version": "4.12.2"
        }
    ]
}