{
    "results": [
        {
            "command": null,
            "mean": 13.018312672594998,
            "median": 12.993506546694999,
            "max": 13.565704614694999,
            "min": 12.645095700695
        }
    ]
}