{
    "results": [
        {
            "command": null,
            "mean": 14.265430525035,
            "median": 14.215277662535001,
            "max": 14.962876492535,
            "min": 13.849561565535
        }
    ]
}