{
    "results": [
        {
            "command": null,
            "mean": 10.496270259285001,
            "median": 10.415579797785,
            "max": 10.968714208285,
            "min": 10.248219507285
        }
    ]
}