{
    "results": [
        {
            "command": null,
            "mean": 15.610042407384999,
            "median": 15.555620298285,
            "max": 16.094380480285,
            "min": 15.258391311285
        }
    ]
}