{
    "results": [
        {
            "command": null,
            "mean": 15.14479423237,
            "median": 15.06170895087,
            "max": 15.638170873370001,
            "min": 14.973183812370001
        }
    ]
}