{
    "results": [
        {
            "command": null,
            "mean": 0.9377271365400001,
            "median": 0.9063136178400001,
            "max": 1.08432811334,
            "min": 0.8321747643400002
        }
    ]
}