{
    "results": [
        {
            "command": null,
            "mean": 0.8990987899,
            "median": 0.8948808494,
            "max": 0.9213253349,
            "min": 0.8848931379
        }
    ]
}