{
    "results": [
        {
            "command": null,
            "mean": 12.279741030299999,
            "median": 12.1078685349,
            "max": 13.6325886724,
            "min": 11.8752082564
        }
    ]
}