{
    "results": [
        {
            "command": null,
            "mean": 1.1696756295900002,
            "median": 1.13569746949,
            "max": 1.3431244839899998,
            "min": 1.11452645499
        }
    ]
}