{
    "results": [
        {
            "command": null,
            "mean": 1.0259806670949998,
            "median": 1.0172152786950002,
            "max": 1.0870411556950001,
            "min": 0.9869042716950001
        }
    ]
}