{
    "results": [
        {
            "command": null,
            "mean": 10.25859658645,
            "median": 9.877175015549998,
            "max": 12.983940591049999,
            "min": 9.43157840905
        }
    ]
}