{
    "results": [
        {
            "command": "npm install jquery",
            "mean": 14.419568512359998,
            "median": 14.315865028560001,
            "max": 15.61358942056,
            "min": 13.995845963559999,
            "user": 13.881176980000001,
            "stddev": 0.4660146179077789,
            "system": 0.7274461700000001,
            "commit": "be2626fcd55b4b2fdce438f3123549c18a8a94af",
            "version": "3.13.1"
        }
    ]
}