{
    "results": [
        {
            "command": "npm install jquery",
            "mean": 10.82891345625,
            "median": 10.66720655755,
            "max": 11.85396853205,
            "min": 10.420004082050001,
            "user": 10.153509394999999,
            "stddev": 0.45186889806999,
            "system": 0.505269195,
            "commit": "67406082ed53fb630547fa7229b540f476f636e9",
            "version": "3.13.1"
        }
    ]
}