{
    "results": [
        {
            "command": "npm install jquery",
            "mean": 13.489498589064999,
            "median": 13.380363148065,
            "max": 14.960074239065,
            "min": 13.062094040064999,
            "user": 12.767288695000001,
            "stddev": 0.5413258847715381,
            "system": 0.6477822150000001,
            "commit": "4c40fa66641c29a5079a86f9e1fc4b6ab89dc837",
            "version": "4.12.2"
        }
    ]
}