{
    "results": [
        {
            "command": "npm info jquery",
            "mean": 0.88232071546,
            "median": 0.84398470766,
            "max": 1.0721920576600001,
            "min": 0.8127458696600001,
            "user": 0.41372487499999994,
            "stddev": 0.09698646425002398,
            "system": 0.04236739999999999,
            "commit": "54b17f4442f9ed8255656a66209476a220e94eea",
            "version": "3.13.1"
        }
    ]
}