{
    "results": [
        {
            "command": "npm info jquery",
            "mean": 1.1394184492400001,
            "median": 1.12216299034,
            "max": 1.3006453128400002,
            "min": 1.0953830578400001,
            "user": 0.54759165,
            "stddev": 0.06069157864595244,
            "system": 0.059948165,
            "commit": "90818700a3de6f3f29061111dc76e88210e277cd",
            "version": "6.0.0-6-next.23"
        }
    ]
}