{
    "results": [
        {
            "command": null,
            "mean": 0.9211099633850001,
            "median": 0.917361572385,
            "max": 0.981525201885,
            "min": 0.891666492885
        }
    ]
}