{
    "results": [
        {
            "command": "npm info jquery",
            "mean": 1.16363989767,
            "median": 1.10882555697,
            "max": 1.36866896147,
            "min": 1.0703113344700002,
            "user": 0.5357620949999999,
            "stddev": 0.09830743852002422,
            "system": 0.05745546499999998,
            "commit": "a32b0a6c06fc56615bc3fbd2d2e5ac3083ff2c43",
            "version": "5.3.0"
        }
    ]
}