{
    "results": [
        {
            "command": "npm info jquery",
            "mean": 1.4689474416050001,
            "median": 1.395578948405,
            "max": 1.9496879414050001,
            "min": 1.2478495064050001,
            "user": 0.549227935,
            "stddev": 0.23307811486520927,
            "system": 0.06093067,
            "commit": "be2626fcd55b4b2fdce438f3123549c18a8a94af",
            "version": "4.12.2"
        }
    ]
}