{
    "results": [
        {
            "command": null,
            "mean": 11.45367155877,
            "median": 11.38874640777,
            "max": 12.07557685777,
            "min": 10.84632887877
        }
    ]
}