{
    "results": [
        {
            "command": null,
            "mean": 11.756907980445,
            "median": 11.706395137845,
            "max": 12.705778018345,
            "min": 11.373198721345
        }
    ]
}