{
    "results": [
        {
            "command": "npm info jquery",
            "mean": 1.044460071685,
            "median": 0.9962867010850001,
            "max": 1.328345773585,
            "min": 0.9508028195850001,
            "user": 0.525429655,
            "stddev": 0.1191567724981015,
            "system": 0.06052981500000001,
            "commit": "9ae112e1295d5b533673be164c380c983959741b",
            "version": "5.1.3"
        }
    ]
}