{
    "results": [
        {
            "command": null,
            "mean": 13.88284623782,
            "median": 13.728129937720002,
            "max": 15.213831967720001,
            "min": 13.434508263720002
        }
    ]
}