{
    "results": [
        {
            "command": null,
            "mean": 13.107632569135001,
            "median": 13.075249168734999,
            "max": 14.029826648735,
            "min": 12.391755571735
        }
    ]
}