{
    "results": [
        {
            "command": null,
            "mean": 1.044460071685,
            "median": 0.9962867010850001,
            "max": 1.328345773585,
            "min": 0.9508028195850001
        }
    ]
}