{
    "results": [
        {
            "command": null,
            "mean": 1.0340064476550002,
            "median": 1.002601569055,
            "max": 1.252595771555,
            "min": 0.9247684135550001
        }
    ]
}