{
    "results": [
        {
            "command": "npm info jquery",
            "mean": 1.0018164090400001,
            "median": 0.95960927494,
            "max": 1.30691055894,
            "min": 0.8551805059400001,
            "user": 0.42848666999999996,
            "stddev": 0.16108785020114447,
            "system": 0.043208834999999994,
            "commit": "9ae112e1295d5b533673be164c380c983959741b",
            "version": "3.13.1"
        }
    ]
}