{
    "results": [
        {
            "command": null,
            "mean": 1.0018164090400001,
            "median": 0.95960927494,
            "max": 1.30691055894,
            "min": 0.8551805059400001
        }
    ]
}