{
    "results": [
        {
            "command": "npm install jquery",
            "mean": 16.472481589250002,
            "median": 15.862793280950001,
            "max": 21.894290359950002,
            "min": 15.34794655195,
            "user": 15.91923467,
            "stddev": 1.9431965598015661,
            "system": 0.8197517399999998,
            "commit": "9dbf73e955fcb70b0a623c5ab89649b95146c744",
            "version": "5.1.3"
        }
    ]
}