{
    "results": [
        {
            "command": "npm info jquery",
            "mean": 1.27855547847,
            "median": 1.2559998814700002,
            "max": 1.5533615864699999,
            "min": 1.18918594347,
            "user": 0.5169744399999999,
            "stddev": 0.10980384776719414,
            "system": 0.06723173499999999,
            "commit": "91fff48cb1978310403ac05a493a84da5e003baa",
            "version": "4.12.2"
        }
    ]
}