{
    "results": [
        {
            "command": "npm info jquery",
            "mean": 1.4919457956150002,
            "median": 1.3474977325150002,
            "max": 2.452692228015,
            "min": 1.250197068015,
            "user": 0.53459926,
            "stddev": 0.3693425741867036,
            "system": 0.0740297,
            "commit": "d3ab11a6f0ce60205488947da2445c6c50398fc0",
            "version": "3.13.1"
        }
    ]
}