{
    "results": [
        {
            "command": "npm info jquery",
            "mean": 1.1142056833849998,
            "median": 1.049576407085,
            "max": 1.381212498585,
            "min": 0.983292069585,
            "user": 0.45485203499999993,
            "stddev": 0.14388720631268312,
            "system": 0.055596204999999996,
            "commit": "8c8f0e1600f089de6e3b69bbbc84833b2996e777",
            "version": "4.12.2"
        }
    ]
}