{
    "results": [
        {
            "command": null,
            "mean": 0.8478200398750001,
            "median": 0.843145181975,
            "max": 0.8675029884750001,
            "min": 0.831125479475
        }
    ]
}