{
    "results": [
        {
            "command": null,
            "mean": 15.858023492845001,
            "median": 15.797776386045,
            "max": 17.313771910545,
            "min": 15.372817359545
        }
    ]
}