{
    "results": [
        {
            "command": null,
            "mean": 16.600484229470005,
            "median": 16.33792755057,
            "max": 18.47171524107,
            "min": 15.75978080907
        }
    ]
}