{
    "results": [
        {
            "command": null,
            "mean": 1.1386669999249999,
            "median": 1.122863598625,
            "max": 1.2558518346249998,
            "min": 1.048455249625
        }
    ]
}