{
    "results": [
        {
            "command": "npm info jquery",
            "mean": 0.8478200398750001,
            "median": 0.843145181975,
            "max": 0.8675029884750001,
            "min": 0.831125479475,
            "user": 0.41419624499999996,
            "stddev": 0.01292031123913134,
            "system": 0.039668705,
            "commit": "3d45cecf04827712eb724a113e415dbda8ea2d90",
            "version": "3.13.1"
        }
    ]
}