{
    "results": [
        {
            "command": "npm info jquery",
            "mean": 0.943754020895,
            "median": 0.9490494752950001,
            "max": 0.9662491647950001,
            "min": 0.9033036277950001,
            "user": 0.506787385,
            "stddev": 0.02172723775169299,
            "system": 0.05630183,
            "commit": "95ed3db43ce681824c9b40fa7eb8b09039d053ea",
            "version": "5.1.0"
        }
    ]
}