{
    "results": [
        {
            "command": null,
            "mean": 12.240215296585001,
            "median": 12.133253911985001,
            "max": 12.730672964485,
            "min": 11.889993142485
        }
    ]
}