{
    "results": [
        {
            "command": null,
            "mean": 1.583125264595,
            "median": 1.125268519995,
            "max": 4.073611879995,
            "min": 0.897829050995
        }
    ]
}