{
    "results": [
        {
            "command": "npm install jquery",
            "mean": 15.307446547369997,
            "median": 15.36204884647,
            "max": 15.711624211470001,
            "min": 14.795598409470001,
            "user": 14.560624040000002,
            "stddev": 0.27323418310536624,
            "system": 0.7696230349999998,
            "commit": "82cb0f2bff899df3c35f7637f3b5c1067b160b60",
            "version": "5.7.0"
        }
    ]
}