{
    "results": [
        {
            "command": "npm info jquery",
            "mean": 1.115740769005,
            "median": 1.119682723905,
            "max": 1.368400593905,
            "min": 0.9340666529050001,
            "user": 0.5240705849999999,
            "stddev": 0.1482060600586548,
            "system": 0.055839459999999994,
            "commit": "82cb0f2bff899df3c35f7637f3b5c1067b160b60",
            "version": "5.7.0"
        }
    ]
}