{
    "results": [
        {
            "command": "npm info jquery",
            "mean": 1.583125264595,
            "median": 1.125268519995,
            "max": 4.073611879995,
            "min": 0.897829050995,
            "user": 0.4128569649999999,
            "stddev": 0.9623176624280905,
            "system": 0.050689109999999996,
            "commit": "82cb0f2bff899df3c35f7637f3b5c1067b160b60",
            "version": "4.12.2"
        }
    ]
}