{
    "results": [
        {
            "command": "npm info jquery",
            "mean": 1.2771525171250002,
            "median": 1.207498018825,
            "max": 1.728323902325,
            "min": 1.0898140193249999,
            "user": 0.5387593099999999,
            "stddev": 0.2035901061371329,
            "system": 0.06491222499999999,
            "commit": "82cb0f2bff899df3c35f7637f3b5c1067b160b60",
            "version": "6.0.0-6-next.35"
        }
    ]
}