{
    "results": [
        {
            "command": null,
            "mean": 1.115740769005,
            "median": 1.119682723905,
            "max": 1.368400593905,
            "min": 0.9340666529050001
        }
    ]
}