{
    "results": [
        {
            "command": null,
            "mean": 1.1131722494750003,
            "median": 1.143364330175,
            "max": 1.304366331675,
            "min": 0.923231207675
        }
    ]
}