{
    "results": [
        {
            "command": "npm info jquery",
            "mean": 1.011080457285,
            "median": 0.951331422485,
            "max": 1.324715215985,
            "min": 0.941890740985,
            "user": 0.5083655300000001,
            "stddev": 0.12081740284738346,
            "system": 0.057878765,
            "commit": "1042f9bf76d86b582bd779111487e193a2d731ab",
            "version": "6.0.0-6-next.23"
        }
    ]
}