{
    "results": [
        {
            "command": null,
            "mean": 14.396579235065001,
            "median": 14.310881858365,
            "max": 15.085218999865,
            "min": 13.650360688865002
        }
    ]
}