{
    "results": [
        {
            "command": "npm install jquery",
            "mean": 14.396579235065001,
            "median": 14.310881858365,
            "max": 15.085218999865,
            "min": 13.650360688865002,
            "user": 13.697735429999998,
            "stddev": 0.4000038863106533,
            "system": 0.7131872799999999,
            "commit": "4c40fa66641c29a5079a86f9e1fc4b6ab89dc837",
            "version": "5.1.0"
        }
    ]
}