{
    "results": [
        {
            "command": "npm info jquery",
            "mean": 1.099057852275,
            "median": 1.082235602075,
            "max": 1.254075397075,
            "min": 1.006230708075,
            "user": 0.48980180500000003,
            "stddev": 0.07048802458287996,
            "system": 0.05464458499999999,
            "commit": "4c40fa66641c29a5079a86f9e1fc4b6ab89dc837",
            "version": "4.12.2"
        }
    ]
}