{
    "results": [
        {
            "command": "npm info jquery",
            "mean": 1.094783167195,
            "median": 1.0763263485949999,
            "max": 1.295290025095,
            "min": 1.034845399095,
            "user": 0.4944326950000001,
            "stddev": 0.0757865843016702,
            "system": 0.055139440000000005,
            "commit": "4c40fa66641c29a5079a86f9e1fc4b6ab89dc837",
            "version": "5.1.0"
        }
    ]
}