{
    "results": [
        {
            "command": null,
            "mean": 0.9971351997400001,
            "median": 0.95779137694,
            "max": 1.1682354239400001,
            "min": 0.9217372929400001
        }
    ]
}