{
    "results": [
        {
            "command": "npm install jquery",
            "mean": 10.362431670665,
            "median": 10.289933262065002,
            "max": 10.922809036565,
            "min": 10.115033161565,
            "user": 9.74308337,
            "stddev": 0.22530585516093193,
            "system": 0.5458149800000001,
            "commit": "20a5e571d16f45ca7ef0d2b6000181359784264c",
            "version": "6.0.0-6-next.35"
        }
    ]
}