{
    "results": [
        {
            "command": "npm info jquery",
            "mean": 0.9062388010750002,
            "median": 0.8723838392750001,
            "max": 1.160238639275,
            "min": 0.8357381742750001,
            "user": 0.45819779499999996,
            "stddev": 0.09453486245429159,
            "system": 0.03996717,
            "commit": "90b8bc242c9f801b1b91c7f31d10348ab860c677",
            "version": "4.12.2"
        }
    ]
}