{
    "results": [
        {
            "command": "npm info jquery",
            "mean": 0.9042073886700001,
            "median": 0.8904543701700001,
            "max": 0.9964360921700001,
            "min": 0.86814302617,
            "user": 0.467377735,
            "stddev": 0.03796912208039173,
            "system": 0.054231850000000005,
            "commit": "90b8bc242c9f801b1b91c7f31d10348ab860c677",
            "version": "5.1.2"
        }
    ]
}