{
    "results": [
        {
            "command": null,
            "mean": 13.202783039620002,
            "median": 12.69451590802,
            "max": 17.729261885520003,
            "min": 12.297582887519999
        }
    ]
}