{
    "results": [
        {
            "command": "npm install jquery",
            "mean": 13.202783039620002,
            "median": 12.69451590802,
            "max": 17.729261885520003,
            "min": 12.297582887519999,
            "user": 12.610918860000002,
            "stddev": 1.6432846209796035,
            "system": 0.63444521,
            "commit": "90b8bc242c9f801b1b91c7f31d10348ab860c677",
            "version": "4.12.2"
        }
    ]
}