{
    "results": [
        {
            "command": "npm info jquery",
            "mean": 0.8494735157150002,
            "median": 0.8383263641150001,
            "max": 0.9503302826150001,
            "min": 0.8254313776150001,
            "user": 0.42116178,
            "stddev": 0.03694855639337756,
            "system": 0.041376844999999995,
            "commit": "90b8bc242c9f801b1b91c7f31d10348ab860c677",
            "version": "3.13.1"
        }
    ]
}