{
    "results": [
        {
            "command": null,
            "mean": 11.059734297485003,
            "median": 11.012677655285001,
            "max": 11.838660715785,
            "min": 10.700828191785002
        }
    ]
}