{
    "results": [
        {
            "command": "npm info jquery",
            "mean": 2.413389304545,
            "median": 2.282734724245,
            "max": 4.434086809745,
            "min": 1.036731642745,
            "user": 0.48801729499999996,
            "stddev": 1.3482882884147986,
            "system": 0.05618937,
            "commit": "a2c3fa9ea756163efb40f9c1e66d43b9ab0d2b2c",
            "version": "4.12.2"
        }
    ]
}