{
    "results": [
        {
            "command": null,
            "mean": 1.913660387125,
            "median": 1.124462467925,
            "max": 3.802740181925,
            "min": 0.8893106379250001
        }
    ]
}