{
    "results": [
        {
            "command": null,
            "mean": 16.063565456745003,
            "median": 16.077156881145,
            "max": 16.816031065645,
            "min": 15.412282567644999
        }
    ]
}