{
    "results": [
        {
            "command": null,
            "mean": 2.413389304545,
            "median": 2.282734724245,
            "max": 4.434086809745,
            "min": 1.036731642745
        }
    ]
}