{
    "results": [
        {
            "command": "npm install jquery",
            "mean": 10.510167944795,
            "median": 10.442051576994999,
            "max": 10.988985578994999,
            "min": 10.246711231995,
            "user": 9.780881489999999,
            "stddev": 0.2336121960946696,
            "system": 0.53751748,
            "commit": "a2c3fa9ea756163efb40f9c1e66d43b9ab0d2b2c",
            "version": "5.7.0"
        }
    ]
}