{
    "results": [
        {
            "command": "npm info jquery",
            "mean": 1.064880734565,
            "median": 0.973354602765,
            "max": 1.5047390752650003,
            "min": 0.947721955265,
            "user": 0.5190402950000002,
            "stddev": 0.21017339183114206,
            "system": 0.05699240999999999,
            "commit": "4cd71c64091e8788b858b212b86d5286de160fe3",
            "version": "4.12.2"
        }
    ]
}