{
    "results": [
        {
            "command": "npm info jquery",
            "mean": 0.9145476401900001,
            "median": 0.91265015119,
            "max": 0.9242666056900001,
            "min": 0.9072853726900001,
            "user": 0.49286956000000004,
            "stddev": 0.0063839742584383885,
            "system": 0.043638684999999997,
            "commit": "95ed3db43ce681824c9b40fa7eb8b09039d053ea",
            "version": "3.13.1"
        }
    ]
}