{
    "results": [
        {
            "command": null,
            "mean": 12.756798766780001,
            "median": 12.275256985279999,
            "max": 14.780030096279999,
            "min": 11.86205133228
        }
    ]
}