{
    "results": [
        {
            "command": null,
            "mean": 0.8775701444400001,
            "median": 0.85924039994,
            "max": 0.9786395254400001,
            "min": 0.83450718444
        }
    ]
}