{
    "results": [
        {
            "command": null,
            "mean": 16.960706982525004,
            "median": 16.050807732125,
            "max": 19.441704334625,
            "min": 15.514165226625
        }
    ]
}