{
    "results": [
        {
            "command": null,
            "mean": 0.8770736507850001,
            "median": 0.8641194837850001,
            "max": 1.003277099285,
            "min": 0.8474225772850001
        }
    ]
}