{
    "results": [
        {
            "command": "npm info jquery",
            "mean": 0.8775701444400001,
            "median": 0.85924039994,
            "max": 0.9786395254400001,
            "min": 0.83450718444,
            "user": 0.40777064999999996,
            "stddev": 0.04862433382307037,
            "system": 0.042895344999999994,
            "commit": "b8c7b771ad635f55c928b94cca19b68d9535c9a0",
            "version": "5.1.2"
        }
    ]
}