{
    "results": [
        {
            "command": "npm install jquery",
            "mean": 13.370151984235,
            "median": 12.955635250235,
            "max": 16.748466069235,
            "min": 12.470713160235,
            "user": 13.772155799999998,
            "stddev": 1.2511569190316822,
            "system": 0.7181014099999999,
            "commit": "b8c7b771ad635f55c928b94cca19b68d9535c9a0",
            "version": "5.1.2"
        }
    ]
}