{
    "results": [
        {
            "command": null,
            "mean": 1.2525101317550003,
            "median": 1.248481022155,
            "max": 1.414474691655,
            "min": 1.145206227655
        }
    ]
}