{
    "results": [
        {
            "command": "npm info jquery",
            "mean": 1.160404280525,
            "median": 1.011032399725,
            "max": 1.703852398725,
            "min": 0.950094674725,
            "user": 0.52038134,
            "stddev": 0.27350333290758105,
            "system": 0.05459726499999999,
            "commit": "20a5e571d16f45ca7ef0d2b6000181359784264c",
            "version": "4.12.2"
        }
    ]
}