{
    "results": [
        {
            "command": "npm install jquery",
            "mean": 14.475367070029998,
            "median": 14.342287110529998,
            "max": 15.678380135029998,
            "min": 14.014025788029999,
            "user": 13.77080372,
            "stddev": 0.4990030062463121,
            "system": 0.62567074,
            "commit": "54b17f4442f9ed8255656a66209476a220e94eea",
            "version": "4.12.1"
        }
    ]
}