{
    "results": [
        {
            "command": "npm install jquery",
            "mean": 10.818854669735,
            "median": 10.771354174035,
            "max": 11.193375035034999,
            "min": 10.491221895034998,
            "user": 10.08334244,
            "stddev": 0.19972823863919276,
            "system": 0.5868541599999999,
            "commit": "82cb0f2bff899df3c35f7637f3b5c1067b160b60",
            "version": "3.13.1"
        }
    ]
}