{
    "results": [
        {
            "command": "npm info jquery",
            "mean": 0.9298903002249999,
            "median": 0.897929607225,
            "max": 1.176071703725,
            "min": 0.855078618725,
            "user": 0.43027127500000006,
            "stddev": 0.09949909623655315,
            "system": 0.048649769999999995,
            "commit": "255e41ffce77114251fef19b44654d1c0db7ca4a",
            "version": "5.1.3"
        }
    ]
}