{
    "results": [
        {
            "command": null,
            "mean": 1.0384171177150001,
            "median": 0.954005400215,
            "max": 1.386787291715,
            "min": 0.9225301167150001
        }
    ]
}