{
    "results": [
        {
            "command": "npm install jquery",
            "mean": 11.42976744489,
            "median": 11.432367862789999,
            "max": 11.815895347289999,
            "min": 11.080279285289999,
            "user": 10.937818584999999,
            "stddev": 0.23846357364348453,
            "system": 0.57613267,
            "commit": "255e41ffce77114251fef19b44654d1c0db7ca4a",
            "version": "3.13.1"
        }
    ]
}