{
    "results": [
        {
            "command": "npm info jquery",
            "mean": 1.0384171177150001,
            "median": 0.954005400215,
            "max": 1.386787291715,
            "min": 0.9225301167150001,
            "user": 0.50588735,
            "stddev": 0.1515672793519448,
            "system": 0.055846585000000004,
            "commit": "255e41ffce77114251fef19b44654d1c0db7ca4a",
            "version": "3.13.1"
        }
    ]
}