{
    "results": [
        {
            "command": null,
            "mean": 13.411512453924999,
            "median": 13.295109550025,
            "max": 15.057395789025,
            "min": 12.902380967025
        }
    ]
}