{
    "results": [
        {
            "command": null,
            "mean": 1.4108689443150002,
            "median": 1.3550548201150001,
            "max": 1.781719648615,
            "min": 1.277012230615
        }
    ]
}