{
    "results": [
        {
            "command": null,
            "mean": 0.9298903002249999,
            "median": 0.897929607225,
            "max": 1.176071703725,
            "min": 0.855078618725
        }
    ]
}