{
    "results": [
        {
            "command": null,
            "mean": 11.52052353569,
            "median": 11.456940516389999,
            "max": 12.710375758889999,
            "min": 11.05310318489
        }
    ]
}