{
    "results": [
        {
            "command": "npm install jquery",
            "mean": 11.68778375854,
            "median": 11.52214759744,
            "max": 12.959850720939999,
            "min": 11.354675151939999,
            "user": 11.174254799999998,
            "stddev": 0.46287650898482857,
            "system": 0.5720270299999999,
            "commit": "8a8f2b6774d50c12ce8d0e87e3e4f847478a0e10",
            "version": "4.12.2"
        }
    ]
}