{
    "results": [
        {
            "command": "npm install jquery",
            "mean": 17.023743076120002,
            "median": 16.95016331902,
            "max": 18.48908292302,
            "min": 16.51683675002,
            "user": 16.477076074999996,
            "stddev": 0.5601002205908582,
            "system": 0.7854064099999999,
            "commit": "8a8f2b6774d50c12ce8d0e87e3e4f847478a0e10",
            "version": "5.1.2"
        }
    ]
}