{
    "results": [
        {
            "command": null,
            "mean": 0.9715325312950001,
            "median": 0.947914580295,
            "max": 1.0842232837949999,
            "min": 0.909219454795
        }
    ]
}