{
    "results": [
        {
            "command": "npm install jquery",
            "mean": 14.923810835789999,
            "median": 14.47879050779,
            "max": 20.745129596789997,
            "min": 13.326006506790002,
            "user": 14.355828464999998,
            "stddev": 2.100388793300954,
            "system": 0.759648075,
            "commit": "8a8f2b6774d50c12ce8d0e87e3e4f847478a0e10",
            "version": "3.13.1"
        }
    ]
}