{
    "results": [
        {
            "command": null,
            "mean": 1.073079908625,
            "median": 1.056314990225,
            "max": 1.2552923782249998,
            "min": 1.0126033882249998
        }
    ]
}