{
    "results": [
        {
            "command": "npm info jquery",
            "mean": 0.9830658405299999,
            "median": 0.95824675543,
            "max": 1.2952400719300001,
            "min": 0.87182135793,
            "user": 0.467907195,
            "stddev": 0.12154057678901524,
            "system": 0.04547223,
            "commit": "f625c114bb5078200503bd165a495f4cd52a6e44",
            "version": "4.12.2"
        }
    ]
}