{
    "results": [
        {
            "command": "npm info jquery",
            "mean": 1.0780379084149998,
            "median": 1.0008223543149999,
            "max": 1.574212315815,
            "min": 0.961135671815,
            "user": 0.42460781999999997,
            "stddev": 0.1876928366306371,
            "system": 0.04855735499999999,
            "commit": "44be7b94b7d02a9dfdb5a26cdc9726f2d9cdae1f",
            "version": "3.13.1"
        }
    ]
}