{
    "results": [
        {
            "command": "npm info jquery",
            "mean": 0.9718163858800001,
            "median": 0.9531796724800001,
            "max": 1.12675353798,
            "min": 0.92526808798,
            "user": 0.5133976699999999,
            "stddev": 0.05928696267867678,
            "system": 0.058766095000000004,
            "commit": "95ed3db43ce681824c9b40fa7eb8b09039d053ea",
            "version": "5.1.0"
        }
    ]
}