{
    "results": [
        {
            "command": "npm install jquery",
            "mean": 15.597912784420004,
            "median": 15.384739754120002,
            "max": 17.156912640119998,
            "min": 14.552018009120001,
            "user": 14.933305499999998,
            "stddev": 0.9030643711249262,
            "system": 0.7104451999999999,
            "commit": "9e29bf88909c14e71ca0547ac6026186cc19edc0",
            "version": "4.12.2"
        }
    ]
}