{
    "results": [
        {
            "command": "npm info jquery",
            "mean": 1.335679564425,
            "median": 0.9145690012250001,
            "max": 4.797314497225,
            "min": 0.8786908482250001,
            "user": 0.47871924000000005,
            "stddev": 1.2194900675747602,
            "system": 0.04775421,
            "commit": "9e29bf88909c14e71ca0547ac6026186cc19edc0",
            "version": "4.12.2"
        }
    ]
}