{
    "results": [
        {
            "command": "npm install jquery",
            "mean": 14.333618834330002,
            "median": 14.33215208993,
            "max": 15.69382202143,
            "min": 13.529872332430001,
            "user": 13.787897689999998,
            "stddev": 0.6186240797335457,
            "system": 0.700554125,
            "commit": "b261741ef692a6348ec86cd0e0811db08376c312",
            "version": "4.12.2"
        }
    ]
}