{
    "results": [
        {
            "command": "npm install jquery",
            "mean": 14.073376254470002,
            "median": 13.856480632370001,
            "max": 15.412066720870001,
            "min": 13.20365400987,
            "user": 13.261380125000002,
            "stddev": 0.7076118407496308,
            "system": 0.74372452,
            "commit": "128cd6898def9c0879c4f687f4067b2cf9191482",
            "version": "5.3.0"
        }
    ]
}