{
    "results": [
        {
            "command": "npm info jquery",
            "mean": 1.147424709245,
            "median": 1.0093356835449998,
            "max": 1.982253553545,
            "min": 0.9777179985450001,
            "user": 0.5234438399999999,
            "stddev": 0.30870143809871126,
            "system": 0.06033664,
            "commit": "6c50f8569c32528ce57b5e1a4ffd08bfadab3be5",
            "version": "3.13.1"
        }
    ]
}