{
    "results": [
        {
            "command": "npm install jquery",
            "mean": 15.86381354936,
            "median": 15.037706456360002,
            "max": 19.76902034536,
            "min": 14.209232118360001,
            "user": 15.028803089999997,
            "stddev": 2.0881181023250712,
            "system": 0.6886513949999999,
            "commit": "761f1696f2af82a9bf0f5e295233da9e8fde26bb",
            "version": "4.12.2"
        }
    ]
}