{
    "results": [
        {
            "command": "npm info jquery",
            "mean": 1.22665200719,
            "median": 1.20824612139,
            "max": 1.39674460939,
            "min": 1.1742368833899999,
            "user": 0.49692409499999995,
            "stddev": 0.06494666733277159,
            "system": 0.05282437499999999,
            "commit": "761f1696f2af82a9bf0f5e295233da9e8fde26bb",
            "version": "4.12.2"
        }
    ]
}