{
    "results": [
        {
            "command": null,
            "mean": 16.475987609385005,
            "median": 15.870812354285,
            "max": 21.309855738285,
            "min": 15.274748143285
        }
    ]
}