{
    "results": [
        {
            "command": null,
            "mean": 1.22665200719,
            "median": 1.20824612139,
            "max": 1.39674460939,
            "min": 1.1742368833899999
        }
    ]
}