{
    "results": [
        {
            "command": null,
            "mean": 11.67039971391,
            "median": 10.80674523141,
            "max": 15.07098379691,
            "min": 10.49504667791
        }
    ]
}