{
    "results": [
        {
            "command": "npm info jquery",
            "mean": 0.9313589293349999,
            "median": 0.910790463535,
            "max": 1.1268554280349998,
            "min": 0.8366402550350001,
            "user": 0.42564679000000005,
            "stddev": 0.0981608122880282,
            "system": 0.037236025,
            "commit": "761f1696f2af82a9bf0f5e295233da9e8fde26bb",
            "version": "5.1.3"
        }
    ]
}