{
    "results": [
        {
            "command": null,
            "mean": 1.1085767335850003,
            "median": 1.012800498285,
            "max": 1.940973909285,
            "min": 0.991365046285
        }
    ]
}