{
    "results": [
        {
            "command": "npm install jquery",
            "mean": 16.094812245394998,
            "median": 16.083604493595,
            "max": 17.093852775595,
            "min": 15.320344108595,
            "user": 15.36970096,
            "stddev": 0.6254957760627186,
            "system": 0.74996843,
            "commit": "95ed3db43ce681824c9b40fa7eb8b09039d053ea",
            "version": "4.12.1"
        }
    ]
}