{
    "results": [
        {
            "command": "npm info jquery",
            "mean": 0.9784518588750002,
            "median": 0.976955757075,
            "max": 1.033540860575,
            "min": 0.9442059455750001,
            "user": 0.55035327,
            "stddev": 0.02950806361323724,
            "system": 0.04945525499999999,
            "commit": "95ed3db43ce681824c9b40fa7eb8b09039d053ea",
            "version": "4.12.1"
        }
    ]
}