{
    "results": [
        {
            "command": "npm info jquery",
            "mean": 1.21395998471,
            "median": 1.1736836257099998,
            "max": 1.52331233471,
            "min": 1.13825192871,
            "user": 0.49328129,
            "stddev": 0.11670652324766476,
            "system": 0.0573413,
            "commit": "54b17f4442f9ed8255656a66209476a220e94eea",
            "version": "5.1.0"
        }
    ]
}