{
    "results": [
        {
            "command": "npm info jquery",
            "mean": 0.8467206598550001,
            "median": 0.8465428539550001,
            "max": 0.8580755709550001,
            "min": 0.8300434399550001,
            "user": 0.431857515,
            "stddev": 0.008776374083073376,
            "system": 0.047801170000000004,
            "commit": "83561bc52d3ec5a906d96e9f27aa6152d4522bdf",
            "version": "3.13.1"
        }
    ]
}