{
    "results": [
        {
            "command": "npm info jquery",
            "mean": 1.0355065094450002,
            "median": 0.934674130545,
            "max": 1.3732816545450002,
            "min": 0.9131521715450001,
            "user": 0.493695095,
            "stddev": 0.16837056782316803,
            "system": 0.04750995,
            "commit": "b6495d5b6c028fc7184912deaa1e7848846241a5",
            "version": "5.1.2"
        }
    ]
}