{
    "results": [
        {
            "command": "npm info jquery",
            "mean": 1.0042503703299999,
            "median": 0.9941521872300001,
            "max": 1.06169737273,
            "min": 0.97089823073,
            "user": 0.43633381499999996,
            "stddev": 0.029071955373181527,
            "system": 0.04666545,
            "commit": "926e519dd3a991a648c824fcc26eb170cfdfa6a9",
            "version": "4.12.2"
        }
    ]
}