{
    "results": [
        {
            "command": null,
            "mean": 0.980023640975,
            "median": 0.937254279275,
            "max": 1.154558714275,
            "min": 0.9157973902750001
        }
    ]
}