{
    "results": [
        {
            "command": "npm install jquery",
            "mean": 15.594316626969999,
            "median": 13.36289416527,
            "max": 20.93674335077,
            "min": 12.76989284477,
            "user": 15.060143299999998,
            "stddev": 3.241480655385397,
            "system": 0.70201304,
            "commit": "586f1b06845b2c43e0f308915ab0a3c2c68999c2",
            "version": "3.13.1"
        }
    ]
}