{
    "results": [
        {
            "command": "npm info jquery",
            "mean": 2.2549100600200003,
            "median": 1.40555644172,
            "max": 4.24768651222,
            "min": 1.12632075522,
            "user": 0.598499315,
            "stddev": 1.3519446460670292,
            "system": 0.059624095,
            "commit": "20a5e571d16f45ca7ef0d2b6000181359784264c",
            "version": "5.7.0"
        }
    ]
}