{
    "results": [
        {
            "command": "npm info jquery",
            "mean": 1.162533223245,
            "median": 1.167916398045,
            "max": 1.2204523760450001,
            "min": 1.098997346045,
            "user": 0.55480062,
            "stddev": 0.04299438261140321,
            "system": 0.06372686,
            "commit": "95ed3db43ce681824c9b40fa7eb8b09039d053ea",
            "version": "4.12.1"
        }
    ]
}