{
    "results": [
        {
            "command": "npm info jquery",
            "mean": 0.9570528206150002,
            "median": 0.9305056193150001,
            "max": 1.081136046815,
            "min": 0.915903920815,
            "user": 0.4945915899999999,
            "stddev": 0.060374664384649765,
            "system": 0.051018140000000003,
            "commit": "90b8bc242c9f801b1b91c7f31d10348ab860c677",
            "version": "3.13.1"
        }
    ]
}