{
    "results": [
        {
            "command": null,
            "mean": 13.6345100242,
            "median": 13.5402477618,
            "max": 14.4337243003,
            "min": 13.3716479343
        }
    ]
}