{
    "results": [
        {
            "command": "npm install jquery",
            "mean": 13.523735495054998,
            "median": 13.506574648854999,
            "max": 14.540986319355,
            "min": 13.127448203355,
            "user": 12.841367964999998,
            "stddev": 0.39554773755092026,
            "system": 0.6391035199999999,
            "commit": "90b8bc242c9f801b1b91c7f31d10348ab860c677",
            "version": "4.12.2"
        }
    ]
}