{
    "results": [
        {
            "command": null,
            "mean": 14.56366812397,
            "median": 14.48464612027,
            "max": 15.17998303927,
            "min": 13.96144444127
        }
    ]
}