{
    "results": [
        {
            "command": "npm info jquery",
            "mean": 1.3987267223000002,
            "median": 1.3450660631,
            "max": 1.7930779706000002,
            "min": 1.2389200166,
            "user": 0.56704437,
            "stddev": 0.1811798375607752,
            "system": 0.06469013,
            "commit": "2808cc268fa95a4f5d172fb8541baa84d16f5d20",
            "version": "3.13.1"
        }
    ]
}