{
    "results": [
        {
            "command": "npm info jquery",
            "mean": 1.1783856700200002,
            "median": 1.1559305922199998,
            "max": 1.46148517172,
            "min": 1.08307707672,
            "user": 0.54281719,
            "stddev": 0.10765048008007382,
            "system": 0.06510591499999999,
            "commit": "f86c31ed0e158269cef9077806595de616557adb",
            "version": "6.0.0-6-next.24"
        }
    ]
}