{
    "results": [
        {
            "command": "npm info jquery",
            "mean": 1.0869963469450001,
            "median": 1.0812630470449998,
            "max": 1.1753347215449998,
            "min": 1.046216838545,
            "user": 0.50899021,
            "stddev": 0.0395222197259523,
            "system": 0.055104765,
            "commit": "95ed3db43ce681824c9b40fa7eb8b09039d053ea",
            "version": "4.12.1"
        }
    ]
}