{
    "results": [
        {
            "command": "npm info jquery",
            "mean": 1.0723537512499999,
            "median": 1.01670590075,
            "max": 1.5175925752500001,
            "min": 0.9653151472500001,
            "user": 0.5399583449999998,
            "stddev": 0.16139606264067016,
            "system": 0.061211755,
            "commit": "8ea24df16ad114430feb85827b7effb0cd2f5bc3",
            "version": "5.5.2"
        }
    ]
}