{
    "results": [
        {
            "command": null,
            "mean": 1.16775897305,
            "median": 1.11516492845,
            "max": 1.35543185945,
            "min": 1.06051424045
        }
    ]
}