{
    "results": [
        {
            "command": null,
            "mean": 14.598571247350003,
            "median": 14.61745831795,
            "max": 14.79864656845,
            "min": 14.34823823245
        }
    ]
}