{
    "results": [
        {
            "command": "npm info jquery",
            "mean": 1.324810549645,
            "median": 1.2982462311449998,
            "max": 1.463339223145,
            "min": 1.263332748145,
            "user": 0.5692646449999998,
            "stddev": 0.07270426084926933,
            "system": 0.06676363999999999,
            "commit": "8ea24df16ad114430feb85827b7effb0cd2f5bc3",
            "version": "6.0.0-6-next.31"
        }
    ]
}