{
    "results": [
        {
            "command": null,
            "mean": 11.8813977463,
            "median": 11.848745669000001,
            "max": 12.217766721,
            "min": 11.689593667
        }
    ]
}