{
    "results": [
        {
            "command": null,
            "mean": 10.39110666924,
            "median": 10.33366569884,
            "max": 11.15524653934,
            "min": 10.02211159334
        }
    ]
}