{
    "results": [
        {
            "command": "npm info jquery",
            "mean": 1.3775284736000002,
            "median": 1.2830894667,
            "max": 1.7679897242,
            "min": 1.2254998632,
            "user": 0.550762365,
            "stddev": 0.19773225605780104,
            "system": 0.06140760000000001,
            "commit": "8ea24df16ad114430feb85827b7effb0cd2f5bc3",
            "version": "3.13.1"
        }
    ]
}