{
    "results": [
        {
            "command": "npm info jquery",
            "mean": 1.032688650655,
            "median": 0.986521617355,
            "max": 1.192364009855,
            "min": 0.9203213718550001,
            "user": 0.5190210900000001,
            "stddev": 0.09647646824999147,
            "system": 0.058180175,
            "commit": "9c03e11cfa77d4d633271fe296345148ffd22454",
            "version": "5.1.3"
        }
    ]
}