{
    "results": [
        {
            "command": null,
            "mean": 13.509608167415001,
            "median": 13.360977345215002,
            "max": 14.800548082215,
            "min": 12.965628895215001
        }
    ]
}