{
    "results": [
        {
            "command": null,
            "mean": 14.092953954404999,
            "median": 14.031604462205,
            "max": 14.736579530204999,
            "min": 13.692677539205
        }
    ]
}