{
    "results": [
        {
            "command": "npm install jquery",
            "mean": 13.509608167415001,
            "median": 13.360977345215002,
            "max": 14.800548082215,
            "min": 12.965628895215001,
            "user": 12.552291069999999,
            "stddev": 0.4972016081679142,
            "system": 0.68203565,
            "commit": "de3eb0fbf3255f219fad0d87911018d59394691f",
            "version": "5.3.0"
        }
    ]
}