{
    "results": [
        {
            "command": "npm info jquery",
            "mean": 1.3522480915200001,
            "median": 1.3493837879200001,
            "max": 1.56916168742,
            "min": 1.22295251742,
            "user": 0.5472425349999999,
            "stddev": 0.11027697513857072,
            "system": 0.05628249999999999,
            "commit": "3fe8cb0406340f0fba783ecbd536875858bf3854",
            "version": "3.13.1"
        }
    ]
}