{
    "results": [
        {
            "command": "npm info jquery",
            "mean": 1.4056507384649999,
            "median": 1.3454178106649999,
            "max": 1.6952160641649998,
            "min": 1.1967746421649998,
            "user": 0.48532408999999993,
            "stddev": 0.19237495484216804,
            "system": 0.058669845,
            "commit": "14d973c552b6cda3a463c3b51ee0b6183f50107f",
            "version": "6.0.0-6-next.24"
        }
    ]
}