{
    "results": [
        {
            "command": "npm info jquery",
            "mean": 0.9439611201250001,
            "median": 0.8610632800250001,
            "max": 1.3643709400250001,
            "min": 0.8389037870250001,
            "user": 0.411270345,
            "stddev": 0.16264183825190434,
            "system": 0.053228195,
            "commit": "9fb5429d1865e7ccfe9e021332863baf596638b6",
            "version": "3.13.1"
        }
    ]
}