{
    "results": [
        {
            "command": "npm install jquery",
            "mean": 13.88284623782,
            "median": 13.728129937720002,
            "max": 15.213831967720001,
            "min": 13.434508263720002,
            "user": 13.11808795,
            "stddev": 0.504229680554547,
            "system": 0.693151245,
            "commit": "9ae112e1295d5b533673be164c380c983959741b",
            "version": "6.0.0-6-next.24"
        }
    ]
}