{
    "results": [
        {
            "command": "npm install jquery",
            "mean": 15.439007695544998,
            "median": 15.307474492245001,
            "max": 16.185206036744997,
            "min": 15.088249348745,
            "user": 14.867320855,
            "stddev": 0.31527606455682355,
            "system": 0.8356531549999999,
            "commit": "bbbb42b8fe0c26a024abf6ffa469081fc38ffed2",
            "version": "4.12.2"
        }
    ]
}