{
    "results": [
        {
            "command": null,
            "mean": 15.439007695544998,
            "median": 15.307474492245001,
            "max": 16.185206036744997,
            "min": 15.088249348745
        }
    ]
}