{
    "results": [
        {
            "command": null,
            "mean": 10.867472460399998,
            "median": 10.826392946999999,
            "max": 11.424018306999999,
            "min": 10.520981279999999
        }
    ]
}