{
    "results": [
        {
            "command": "npm install jquery",
            "mean": 10.0785292488,
            "median": 9.873410658000001,
            "max": 11.654038928,
            "min": 9.658299756000002,
            "user": 10.41285788,
            "stddev": 0.6119974319190826,
            "system": 0.5639006199999999,
            "commit": "57760150582b4f225fe7c89faa8588dadf3d7184",
            "version": "4.12.2"
        }
    ]
}