{
    "results": [
        {
            "command": "npm install jquery",
            "mean": 10.446348809659998,
            "median": 10.452201614460002,
            "max": 10.95700363996,
            "min": 9.89083843396,
            "user": 9.655506275,
            "stddev": 0.39028684119125684,
            "system": 0.5278803999999999,
            "commit": "4cd71c64091e8788b858b212b86d5286de160fe3",
            "version": "5.5.2"
        }
    ]
}