{
    "results": [
        {
            "command": "npm info jquery",
            "mean": 0.83959431888,
            "median": 0.83210462648,
            "max": 0.94763972498,
            "min": 0.80913904898,
            "user": 0.392570515,
            "stddev": 0.03943107397792112,
            "system": 0.03680328,
            "commit": "7aff3dcb9c67247594ec54c507852a58caa10a17",
            "version": "3.13.1"
        }
    ]
}