{
    "results": [
        {
            "command": "npm install jquery",
            "mean": 12.660043524389998,
            "median": 12.20901179289,
            "max": 17.10872784639,
            "min": 11.760966343389999,
            "user": 11.650996525,
            "stddev": 1.5913934720134413,
            "system": 0.669109685,
            "commit": "a709357db613ce06493e36278c4d54bbdf698986",
            "version": "6.0.0-6-next.35"
        }
    ]
}