{
    "results": [
        {
            "command": "npm info jquery",
            "mean": 0.9469009568300001,
            "median": 0.9326216406300001,
            "max": 1.07084391363,
            "min": 0.9011276126300001,
            "user": 0.50459182,
            "stddev": 0.04820043382893522,
            "system": 0.04806837999999999,
            "commit": "95ed3db43ce681824c9b40fa7eb8b09039d053ea",
            "version": "4.12.1"
        }
    ]
}