{
    "results": [
        {
            "command": "npm install jquery",
            "mean": 10.77353238712,
            "median": 10.83377070682,
            "max": 11.20944028532,
            "min": 10.07146925232,
            "user": 9.893235425,
            "stddev": 0.3766623957601609,
            "system": 0.54010968,
            "commit": "7aff3dcb9c67247594ec54c507852a58caa10a17",
            "version": "4.12.1"
        }
    ]
}