{
    "results": [
        {
            "command": "npm install jquery",
            "mean": 11.166176635645,
            "median": 11.184160980145002,
            "max": 11.400879394645,
            "min": 10.953978672645,
            "user": 12.511241179999999,
            "stddev": 0.1427654007437055,
            "system": 0.658735125,
            "commit": "f00cfb4f9787bb7c264946567dbaf366ae87d898",
            "version": "6.0.0-6-next.35"
        }
    ]
}