{
    "results": [
        {
            "command": "npm install jquery",
            "mean": 14.117720058659998,
            "median": 14.043361771859999,
            "max": 14.958345825359999,
            "min": 13.787805605359999,
            "user": 13.422191765000003,
            "stddev": 0.33683250338418724,
            "system": 0.8015187100000001,
            "commit": "f38cc44694269f10bc2ce8aa391fde6b278071c5",
            "version": "4.12.2"
        }
    ]
}