{
    "results": [
        {
            "command": null,
            "mean": 14.117720058659998,
            "median": 14.043361771859999,
            "max": 14.958345825359999,
            "min": 13.787805605359999
        }
    ]
}