{
    "results": [
        {
            "command": null,
            "mean": 20.699684220060004,
            "median": 20.63461570826,
            "max": 21.364948490760003,
            "min": 20.39199426376
        }
    ]
}