{
    "results": [
        {
            "command": null,
            "mean": 27.05233794545,
            "median": 26.89922250365,
            "max": 28.169623934649998,
            "min": 26.29196861365
        }
    ]
}