{
    "results": [
        {
            "command": null,
            "mean": 0.79691805998,
            "median": 0.75823038718,
            "max": 0.94778920418,
            "min": 0.7190466881800001
        }
    ]
}