{
    "results": [
        {
            "command": "npm install jquery",
            "mean": 20.699684220060004,
            "median": 20.63461570826,
            "max": 21.364948490760003,
            "min": 20.39199426376,
            "user": 20.01553731,
            "stddev": 0.28286326807147133,
            "system": 0.9944205349999999,
            "commit": "f591a71d74b923cd12f136069ce465402f79f9cc",
            "version": "4.12.2"
        }
    ]
}