{
    "results": [
        {
            "command": "npm install jquery",
            "mean": 23.593977745615007,
            "median": 23.558308297015003,
            "max": 24.221332257015003,
            "min": 22.848100332015,
            "user": 22.710148075,
            "stddev": 0.4461980659227452,
            "system": 1.27208605,
            "commit": "f591a71d74b923cd12f136069ce465402f79f9cc",
            "version": "3.13.1"
        }
    ]
}