{
    "results": [
        {
            "command": "npm info jquery",
            "mean": 0.7374121369250001,
            "median": 0.735742406425,
            "max": 0.7679717824250001,
            "min": 0.713099442425,
            "user": 0.32628415999999993,
            "stddev": 0.016011945438269323,
            "system": 0.03745534,
            "commit": "f591a71d74b923cd12f136069ce465402f79f9cc",
            "version": "3.13.1"
        }
    ]
}