{
    "results": [
        {
            "command": "npm info jquery",
            "mean": 1.030014797205,
            "median": 1.038894635005,
            "max": 1.1253929465049999,
            "min": 0.939358236505,
            "user": 0.5282116800000001,
            "stddev": 0.05879936442042898,
            "system": 0.055454039999999996,
            "commit": "9dbf73e955fcb70b0a623c5ab89649b95146c744",
            "version": "6.0.0-6-next.23"
        }
    ]
}