{
    "results": [
        {
            "command": "npm info jquery",
            "mean": 0.8770736507850001,
            "median": 0.8641194837850001,
            "max": 1.003277099285,
            "min": 0.8474225772850001,
            "user": 0.41062436500000005,
            "stddev": 0.045912240183870856,
            "system": 0.05778276,
            "commit": "b8c7b771ad635f55c928b94cca19b68d9535c9a0",
            "version": "4.12.2"
        }
    ]
}