{
    "results": [
        {
            "command": "npm info jquery",
            "mean": 1.0486881873449998,
            "median": 1.0355412025450002,
            "max": 1.195001901545,
            "min": 0.942427024545,
            "user": 0.54594948,
            "stddev": 0.08366606270985942,
            "system": 0.060926875000000005,
            "commit": "b261741ef692a6348ec86cd0e0811db08376c312",
            "version": "4.12.2"
        }
    ]
}