{
    "results": [
        {
            "command": null,
            "mean": 0.8727335273050002,
            "median": 0.8716339644050001,
            "max": 0.903754325905,
            "min": 0.8438856039050001
        }
    ]
}