{
    "results": [
        {
            "command": "npm info jquery",
            "mean": 0.9865189252200001,
            "median": 0.9349717754200001,
            "max": 1.23494598492,
            "min": 0.9096101589200001,
            "user": 0.498031795,
            "stddev": 0.10177214440199409,
            "system": 0.05269867499999999,
            "commit": "9e29bf88909c14e71ca0547ac6026186cc19edc0",
            "version": "6.0.0-6-next.22"
        }
    ]
}