{
    "results": [
        {
            "command": "npm install jquery",
            "mean": 12.489001154914998,
            "median": 12.475222793315,
            "max": 13.010254209314999,
            "min": 12.180369202315,
            "user": 12.153614155,
            "stddev": 0.2618528548530074,
            "system": 0.6265915799999999,
            "commit": "9e29bf88909c14e71ca0547ac6026186cc19edc0",
            "version": "4.12.2"
        }
    ]
}