{
    "results": [
        {
            "command": null,
            "mean": 12.489001154914998,
            "median": 12.475222793315,
            "max": 13.010254209314999,
            "min": 12.180369202315
        }
    ]
}