{
    "results": [
        {
            "command": "npm info jquery",
            "mean": 1.1408849311799998,
            "median": 1.1481575895799998,
            "max": 1.2397388380799998,
            "min": 1.04991881308,
            "user": 0.50291108,
            "stddev": 0.06731168593058003,
            "system": 0.05776728,
            "commit": "9e29bf88909c14e71ca0547ac6026186cc19edc0",
            "version": "3.13.1"
        }
    ]
}