{
    "results": [
        {
            "command": null,
            "mean": 1.027026306295,
            "median": 1.0227210284950001,
            "max": 1.0762907614950001,
            "min": 0.9733678264950001
        }
    ]
}