{
    "results": [
        {
            "command": "npm info jquery",
            "mean": 1.013540946755,
            "median": 0.975786567655,
            "max": 1.2713715521550002,
            "min": 0.916475807155,
            "user": 0.5440055699999999,
            "stddev": 0.1070941078358972,
            "system": 0.042824105,
            "commit": "b6495d5b6c028fc7184912deaa1e7848846241a5",
            "version": "4.12.2"
        }
    ]
}