{
    "results": [
        {
            "command": null,
            "mean": 12.442400518454999,
            "median": 12.389574303155,
            "max": 13.085249794654999,
            "min": 12.109126007655
        }
    ]
}