{
    "results": [
        {
            "command": null,
            "mean": 1.1875668684999998,
            "median": 1.1472787223,
            "max": 1.6443499808,
            "min": 0.9323988418000001
        }
    ]
}