{
    "results": [
        {
            "command": null,
            "mean": 12.395468074075001,
            "median": 12.003198619574999,
            "max": 16.536876989575003,
            "min": 11.561174788575
        }
    ]
}