{
    "results": [
        {
            "command": null,
            "mean": 9.45789776303,
            "median": 9.390341469829998,
            "max": 10.18423041933,
            "min": 9.22726726633
        }
    ]
}