{
    "results": [
        {
            "command": null,
            "mean": 10.682802931085002,
            "median": 10.601408762285,
            "max": 11.237881250285,
            "min": 10.309848437285
        }
    ]
}