{
    "results": [
        {
            "command": "npm install jquery",
            "mean": 13.996467625924998,
            "median": 13.791842148025,
            "max": 15.616491112024999,
            "min": 13.530166269024999,
            "user": 13.373242985000001,
            "stddev": 0.6063185899475921,
            "system": 0.6537913499999999,
            "commit": "73e6863426497b61ff1b3e61b577909b70cf683d",
            "version": "4.12.1"
        }
    ]
}