{
    "results": [
        {
            "command": "npm install jquery",
            "mean": 12.014928687885,
            "median": 11.987541895084998,
            "max": 13.401711931585,
            "min": 11.455434095585,
            "user": 11.42895474,
            "stddev": 0.5620719582365595,
            "system": 0.5853244400000001,
            "commit": "7aff3dcb9c67247594ec54c507852a58caa10a17",
            "version": "4.12.1"
        }
    ]
}