{
    "results": [
        {
            "command": "npm info jquery",
            "mean": 1.08044435891,
            "median": 1.0749944764100001,
            "max": 1.12485318141,
            "min": 1.0591268874100002,
            "user": 0.50614318,
            "stddev": 0.019420735793759573,
            "system": 0.06436062000000001,
            "commit": "a2877ab03c84790029ea89cc676567e1f625c52f",
            "version": "3.13.1"
        }
    ]
}