{
    "results": [
        {
            "command": "npm info jquery",
            "mean": 1.101209624105,
            "median": 1.105981522205,
            "max": 1.159347827705,
            "min": 1.050225112705,
            "user": 0.52072697,
            "stddev": 0.03924853817370635,
            "system": 0.052737149999999997,
            "commit": "95ed3db43ce681824c9b40fa7eb8b09039d053ea",
            "version": "4.12.1"
        }
    ]
}