{
    "results": [
        {
            "command": "npm info jquery",
            "mean": 0.93761105089,
            "median": 0.9355760820900001,
            "max": 0.9638250770900001,
            "min": 0.91879848209,
            "user": 0.502744445,
            "stddev": 0.014242915157420457,
            "system": 0.04822391499999999,
            "commit": "95ed3db43ce681824c9b40fa7eb8b09039d053ea",
            "version": "5.1.0"
        }
    ]
}