{
    "results": [
        {
            "command": null,
            "mean": 1.03439256805,
            "median": 1.0189811353499998,
            "max": 1.18548794235,
            "min": 0.9553410933500001
        }
    ]
}