{
    "results": [
        {
            "command": "npm info jquery",
            "mean": 1.03439256805,
            "median": 1.0189811353499998,
            "max": 1.18548794235,
            "min": 0.9553410933500001,
            "user": 0.5226188799999999,
            "stddev": 0.07481776040025552,
            "system": 0.05552470999999999,
            "commit": "9dbf73e955fcb70b0a623c5ab89649b95146c744",
            "version": "4.12.2"
        }
    ]
}