{
    "results": [
        {
            "command": "npm install jquery",
            "mean": 16.959658874955,
            "median": 15.875334624255,
            "max": 22.656317029255003,
            "min": 15.265136773255,
            "user": 16.09552004,
            "stddev": 2.6191255789784083,
            "system": 0.8112814199999999,
            "commit": "9dbf73e955fcb70b0a623c5ab89649b95146c744",
            "version": "5.1.3"
        }
    ]
}