{
    "results": [
        {
            "command": null,
            "mean": 16.959658874955,
            "median": 15.875334624255,
            "max": 22.656317029255003,
            "min": 15.265136773255
        }
    ]
}