{
    "results": [
        {
            "command": "npm install jquery",
            "mean": 13.879542369235,
            "median": 12.927688257235001,
            "max": 17.685945735235002,
            "min": 12.545861509235001,
            "user": 13.26062948,
            "stddev": 1.9938530139400512,
            "system": 0.6391115499999999,
            "commit": "9dbf73e955fcb70b0a623c5ab89649b95146c744",
            "version": "4.12.2"
        }
    ]
}