{
    "results": [
        {
            "command": "npm info jquery",
            "mean": 0.992548574705,
            "median": 0.9676026053050001,
            "max": 1.120882857305,
            "min": 0.9378592993050001,
            "user": 0.42916419999999994,
            "stddev": 0.059358774100314815,
            "system": 0.04339474,
            "commit": "9dbf73e955fcb70b0a623c5ab89649b95146c744",
            "version": "6.0.0-6-next.23"
        }
    ]
}