{
    "results": [
        {
            "command": null,
            "mean": 0.992548574705,
            "median": 0.9676026053050001,
            "max": 1.120882857305,
            "min": 0.9378592993050001
        }
    ]
}