{
    "results": [
        {
            "command": null,
            "mean": 10.23449712458,
            "median": 10.08512481568,
            "max": 11.352472711679999,
            "min": 9.69952328668
        }
    ]
}