{
    "results": [
        {
            "command": null,
            "mean": 1.21002361775,
            "median": 1.14046489875,
            "max": 1.67804754825,
            "min": 0.9164359822500001
        }
    ]
}