{
    "results": [
        {
            "command": "npm info jquery",
            "mean": 1.21002361775,
            "median": 1.14046489875,
            "max": 1.67804754825,
            "min": 0.9164359822500001,
            "user": 0.4697309049999999,
            "stddev": 0.25992889011500053,
            "system": 0.053534735,
            "commit": "fae5093d96e0a0819f477c8e3d52edfb70810d86",
            "version": "4.12.2"
        }
    ]
}