{
    "results": [
        {
            "command": null,
            "mean": 10.65203683719,
            "median": 10.573288924089999,
            "max": 11.21727825409,
            "min": 10.450968883089999
        }
    ]
}