{
    "results": [
        {
            "command": null,
            "mean": 9.972576488685002,
            "median": 9.956933259185,
            "max": 10.418484502685,
            "min": 9.600300778685
        }
    ]
}