{
    "results": [
        {
            "command": null,
            "mean": 1.3426128280700003,
            "median": 1.00233221107,
            "max": 2.77134648507,
            "min": 0.8628610050700001
        }
    ]
}