{
    "results": [
        {
            "command": "npm install jquery",
            "mean": 10.65203683719,
            "median": 10.573288924089999,
            "max": 11.21727825409,
            "min": 10.450968883089999,
            "user": 10.060334359999997,
            "stddev": 0.23927592925156665,
            "system": 0.5551322999999999,
            "commit": "fae5093d96e0a0819f477c8e3d52edfb70810d86",
            "version": "3.13.1"
        }
    ]
}