{
    "results": [
        {
            "command": null,
            "mean": 2.59752336701,
            "median": 1.61974921551,
            "max": 5.02522118051,
            "min": 1.18652811451
        }
    ]
}