{
    "results": [
        {
            "command": null,
            "mean": 3.045377055125,
            "median": 2.247508790225,
            "max": 5.351841942725,
            "min": 1.170895431725
        }
    ]
}