{
    "results": [
        {
            "command": null,
            "mean": 12.676082063059999,
            "median": 12.59828873566,
            "max": 13.58401059716,
            "min": 12.035422070160001
        }
    ]
}