{
    "results": [
        {
            "command": "npm install jquery",
            "mean": 16.526941317404997,
            "median": 15.430530336605,
            "max": 22.365938710105,
            "min": 14.723496675105,
            "user": 15.896867874999998,
            "stddev": 2.7504077950739587,
            "system": 0.7598668099999999,
            "commit": "b6495d5b6c028fc7184912deaa1e7848846241a5",
            "version": "3.13.1"
        }
    ]
}