{
    "results": [
        {
            "command": "npm info jquery",
            "mean": 1.320751101465,
            "median": 1.290789324365,
            "max": 1.717807634865,
            "min": 1.033818931865,
            "user": 0.5596275999999999,
            "stddev": 0.2330962861050532,
            "system": 0.07933369999999998,
            "commit": "cf4489abb1625a8bc0a4c86d7e874c9e51204d37",
            "version": "6.0.0-6-next.24"
        }
    ]
}