{
    "results": [
        {
            "command": null,
            "mean": 11.98306008136,
            "median": 11.93670090096,
            "max": 12.39305574896,
            "min": 11.70216332096
        }
    ]
}