{
    "results": [
        {
            "command": null,
            "mean": 1.1044030866700003,
            "median": 1.06396436717,
            "max": 1.43511886767,
            "min": 0.98378992167
        }
    ]
}