{
    "results": [
        {
            "command": "npm install jquery",
            "mean": 10.311684261980002,
            "median": 10.25639125368,
            "max": 10.72691789718,
            "min": 10.15307116118,
            "user": 9.738070805,
            "stddev": 0.1693288834708033,
            "system": 0.537067695,
            "commit": "d2f9013ece8fc3b37e16e9748d03bce2acd7aba5",
            "version": "3.13.1"
        }
    ]
}