{
    "results": [
        {
            "command": null,
            "mean": 10.478845759985,
            "median": 10.472464767985,
            "max": 10.883083150485,
            "min": 10.082706298485
        }
    ]
}