{
    "results": [
        {
            "command": null,
            "mean": 10.311684261980002,
            "median": 10.25639125368,
            "max": 10.72691789718,
            "min": 10.15307116118
        }
    ]
}