{
    "results": [
        {
            "command": null,
            "mean": 1.2593743895949998,
            "median": 1.181701682095,
            "max": 1.755641226595,
            "min": 1.0512242515949999
        }
    ]
}