{
    "results": [
        {
            "command": "npm install jquery",
            "mean": 14.16195864865,
            "median": 13.897172035050001,
            "max": 16.55495215905,
            "min": 13.70332379505,
            "user": 14.972098734999998,
            "stddev": 0.8537590182788682,
            "system": 0.7747929650000002,
            "commit": "90b8bc242c9f801b1b91c7f31d10348ab860c677",
            "version": "4.12.2"
        }
    ]
}