{
    "results": [
        {
            "command": "npm info jquery",
            "mean": 1.218945884265,
            "median": 1.188356064265,
            "max": 1.571307452765,
            "min": 1.103158039765,
            "user": 0.5639444299999999,
            "stddev": 0.13662073851049655,
            "system": 0.07246307499999999,
            "commit": "b98475e18584fcc7b9cd183e5684450b6cc2fe5d",
            "version": "6.0.0-6-next.24"
        }
    ]
}