{
    "results": [
        {
            "command": "npm info jquery",
            "mean": 1.0698871588300003,
            "median": 1.0485951847300001,
            "max": 1.23259074473,
            "min": 1.0156438997300001,
            "user": 0.49656227499999994,
            "stddev": 0.06370774776844902,
            "system": 0.049152585000000006,
            "commit": "95ed3db43ce681824c9b40fa7eb8b09039d053ea",
            "version": "4.12.1"
        }
    ]
}