{
    "results": [
        {
            "command": "npm install jquery",
            "mean": 11.153312938045,
            "median": 11.104438774245,
            "max": 12.120364633745,
            "min": 10.568983967745,
            "user": 10.60316732,
            "stddev": 0.38171332691433146,
            "system": 0.549919155,
            "commit": "54b17f4442f9ed8255656a66209476a220e94eea",
            "version": "4.12.1"
        }
    ]
}