{
    "results": [
        {
            "command": "npm install jquery",
            "mean": 10.895937287995,
            "median": 10.783062640595,
            "max": 11.647032436595001,
            "min": 10.597679558595,
            "user": 10.410129225,
            "stddev": 0.33591490908384847,
            "system": 0.525324445,
            "commit": "54b17f4442f9ed8255656a66209476a220e94eea",
            "version": "3.13.1"
        }
    ]
}