{
    "results": [
        {
            "command": null,
            "mean": 12.334882109630003,
            "median": 12.17568150723,
            "max": 13.52011282223,
            "min": 11.83598606223
        }
    ]
}