{
    "results": [
        {
            "command": "npm info jquery",
            "mean": 1.0189182432900004,
            "median": 0.9789129283900001,
            "max": 1.22228290089,
            "min": 0.9271184828900001,
            "user": 0.5026469550000001,
            "stddev": 0.09580135135017695,
            "system": 0.05960454,
            "commit": "6021d05f416de16d80c216177770f24fcedbca93",
            "version": "6.0.0-6-next.27"
        }
    ]
}