{
    "results": [
        {
            "command": "npm info jquery",
            "mean": 0.9913283764499999,
            "median": 0.95660956265,
            "max": 1.1383739771499999,
            "min": 0.88567277915,
            "user": 0.49288165999999994,
            "stddev": 0.10327848237934205,
            "system": 0.050737705,
            "commit": "6021d05f416de16d80c216177770f24fcedbca93",
            "version": "3.13.1"
        }
    ]
}