{
    "results": [
        {
            "command": null,
            "mean": 1.2221583107350003,
            "median": 1.201093726035,
            "max": 1.3127240040350001,
            "min": 1.1576644420350002
        }
    ]
}