{
    "results": [
        {
            "command": null,
            "mean": 10.091147951109999,
            "median": 10.03595843131,
            "max": 10.92499920631,
            "min": 9.52327054031
        }
    ]
}