{
    "results": [
        {
            "command": "npm install jquery",
            "mean": 18.086379119685,
            "median": 17.129689037585,
            "max": 27.144730943085,
            "min": 16.675567463085,
            "user": 17.460477415,
            "stddev": 3.198245363570103,
            "system": 0.88111763,
            "commit": "b6495d5b6c028fc7184912deaa1e7848846241a5",
            "version": "5.1.2"
        }
    ]
}