{
    "results": [
        {
            "command": "npm install jquery",
            "mean": 18.285132200575003,
            "median": 16.886147804875,
            "max": 24.176297331375,
            "min": 16.240286131375,
            "user": 17.265456365,
            "stddev": 3.064181189961592,
            "system": 0.8940876799999999,
            "commit": "3fe8cb0406340f0fba783ecbd536875858bf3854",
            "version": "4.12.2"
        }
    ]
}