{
    "results": [
        {
            "command": "npm info jquery",
            "mean": 1.1893734580450002,
            "median": 1.188571396445,
            "max": 1.2293313459450002,
            "min": 1.1584732419450001,
            "user": 0.484751875,
            "stddev": 0.02323526827893641,
            "system": 0.05954024499999999,
            "commit": "980b09e40c5fcfdfc2742b601809f303f9f952cf",
            "version": "4.12.2"
        }
    ]
}