{
    "results": [
        {
            "command": "npm install jquery",
            "mean": 11.726895849829999,
            "median": 11.620607807430002,
            "max": 13.07586895693,
            "min": 11.201917220930001,
            "user": 11.112189820000001,
            "stddev": 0.5148693660433626,
            "system": 0.661640275,
            "commit": "980b09e40c5fcfdfc2742b601809f303f9f952cf",
            "version": "6.0.0-6-next.27"
        }
    ]
}