{
    "results": [
        {
            "command": null,
            "mean": 1.19065275084,
            "median": 1.1435100837399998,
            "max": 1.45302985724,
            "min": 1.08186017124
        }
    ]
}