{
    "results": [
        {
            "command": null,
            "mean": 11.726895849829999,
            "median": 11.620607807430002,
            "max": 13.07586895693,
            "min": 11.201917220930001
        }
    ]
}