{
    "results": [
        {
            "command": "npm install jquery",
            "mean": 11.682778193975,
            "median": 11.570114968575002,
            "max": 12.513382019575001,
            "min": 11.273270241575,
            "user": 11.139444604999998,
            "stddev": 0.35596311815387893,
            "system": 0.6531072549999999,
            "commit": "980b09e40c5fcfdfc2742b601809f303f9f952cf",
            "version": "4.12.2"
        }
    ]
}