{
    "results": [
        {
            "command": "npm install jquery",
            "mean": 13.487146575619999,
            "median": 13.36501101132,
            "max": 14.34763752482,
            "min": 13.18830002882,
            "user": 12.818181829999997,
            "stddev": 0.32772852566817234,
            "system": 0.7040415899999999,
            "commit": "980b09e40c5fcfdfc2742b601809f303f9f952cf",
            "version": "3.13.1"
        }
    ]
}