{
    "results": [
        {
            "command": null,
            "mean": 1.089615333365,
            "median": 1.091108194365,
            "max": 1.260120265365,
            "min": 0.9468227223650001
        }
    ]
}