{
    "results": [
        {
            "command": "npm info jquery",
            "mean": 1.300405656405,
            "median": 1.268803100605,
            "max": 1.541512123105,
            "min": 1.241461277105,
            "user": 0.53546253,
            "stddev": 0.08890281628625783,
            "system": 0.06342534,
            "commit": "6021d05f416de16d80c216177770f24fcedbca93",
            "version": "5.2.2"
        }
    ]
}