{
    "results": [
        {
            "command": "npm install jquery",
            "mean": 9.977317794025002,
            "median": 9.890870331925,
            "max": 10.753925215925001,
            "min": 9.741370901925,
            "user": 9.28987026,
            "stddev": 0.2859391246713981,
            "system": 0.56610279,
            "commit": "6021d05f416de16d80c216177770f24fcedbca93",
            "version": "4.12.2"
        }
    ]
}