{
    "results": [
        {
            "command": "npm info jquery",
            "mean": 0.9405210362250003,
            "median": 0.8887614860250002,
            "max": 1.0956060140250001,
            "min": 0.8705612430250002,
            "user": 0.457802635,
            "stddev": 0.09217215460736392,
            "system": 0.048133905,
            "commit": "6021d05f416de16d80c216177770f24fcedbca93",
            "version": "6.0.0-6-next.27"
        }
    ]
}