{
    "results": [
        {
            "command": null,
            "mean": 10.30444854404,
            "median": 10.17478511674,
            "max": 11.10313341224,
            "min": 9.99807693924
        }
    ]
}