{
    "results": [
        {
            "command": null,
            "mean": 10.658668335615001,
            "median": 10.265050772515,
            "max": 13.310912455015,
            "min": 10.021745218015
        }
    ]
}