{
    "results": [
        {
            "command": "npm info jquery",
            "mean": 0.9639851754900001,
            "median": 0.91006369329,
            "max": 1.1551319737899999,
            "min": 0.88615165779,
            "user": 0.476498095,
            "stddev": 0.0918419077836381,
            "system": 0.04821057,
            "commit": "6021d05f416de16d80c216177770f24fcedbca93",
            "version": "4.12.2"
        }
    ]
}