{
    "results": [
        {
            "command": "npm install jquery",
            "mean": 10.68417585197,
            "median": 10.65946683257,
            "max": 11.258560636570001,
            "min": 10.03461245257,
            "user": 9.941433489999998,
            "stddev": 0.43704980899928525,
            "system": 0.4951666950000001,
            "commit": "54b17f4442f9ed8255656a66209476a220e94eea",
            "version": "5.1.0"
        }
    ]
}