{
    "results": [
        {
            "command": "npm info jquery",
            "mean": 0.9594435380950002,
            "median": 0.931664557895,
            "max": 1.108830251395,
            "min": 0.905383347395,
            "user": 0.33808359,
            "stddev": 0.07040054149909249,
            "system": 0.040672735,
            "commit": "99c3960f7491941402032a7eebd52b3ab1bdf347",
            "version": "3.13.1"
        }
    ]
}