{
    "results": [
        {
            "command": "npm info jquery",
            "mean": 0.79691805998,
            "median": 0.75823038718,
            "max": 0.94778920418,
            "min": 0.7190466881800001,
            "user": 0.33775467499999995,
            "stddev": 0.07364902106608072,
            "system": 0.04245972,
            "commit": "f591a71d74b923cd12f136069ce465402f79f9cc",
            "version": "4.12.2"
        }
    ]
}