{
    "results": [
        {
            "command": "npm install jquery",
            "mean": 11.691672524255,
            "median": 11.469376784255001,
            "max": 12.901812819755,
            "min": 11.250738164755,
            "user": 11.003784354999999,
            "stddev": 0.4844546181729192,
            "system": 0.636269875,
            "commit": "6021d05f416de16d80c216177770f24fcedbca93",
            "version": "3.13.1"
        }
    ]
}