{
    "results": [
        {
            "command": null,
            "mean": 1.02480680242,
            "median": 1.0003783673200002,
            "max": 1.17485538082,
            "min": 0.9683341098200001
        }
    ]
}