{
    "results": [
        {
            "command": null,
            "mean": 15.858242669494999,
            "median": 15.711181384595001,
            "max": 17.022846369095,
            "min": 15.487603259095
        }
    ]
}