{
    "results": [
        {
            "command": null,
            "mean": 1.31119125662,
            "median": 1.30381539442,
            "max": 1.43511915342,
            "min": 1.23718786042
        }
    ]
}