{
    "results": [
        {
            "command": "npm info jquery",
            "mean": 0.8835808958700001,
            "median": 0.8738788500700001,
            "max": 0.98136302707,
            "min": 0.85814100107,
            "user": 0.43433373,
            "stddev": 0.03518535725801871,
            "system": 0.04362536499999999,
            "commit": "b261741ef692a6348ec86cd0e0811db08376c312",
            "version": "5.1.3"
        }
    ]
}