{
    "results": [
        {
            "command": null,
            "mean": 0.8835808958700001,
            "median": 0.8738788500700001,
            "max": 0.98136302707,
            "min": 0.85814100107
        }
    ]
}