{
    "results": [
        {
            "command": "npm install jquery",
            "mean": 10.860283480925,
            "median": 10.827544147825002,
            "max": 12.532946911325,
            "min": 10.099877322325,
            "user": 10.318924784999998,
            "stddev": 0.6987054742033084,
            "system": 0.5818197150000001,
            "commit": "b261741ef692a6348ec86cd0e0811db08376c312",
            "version": "5.1.3"
        }
    ]
}