{
    "results": [
        {
            "command": "npm install jquery",
            "mean": 15.858242669494999,
            "median": 15.711181384595001,
            "max": 17.022846369095,
            "min": 15.487603259095,
            "user": 15.126669764999999,
            "stddev": 0.4577245269178982,
            "system": 0.7439450350000001,
            "commit": "b261741ef692a6348ec86cd0e0811db08376c312",
            "version": "3.13.1"
        }
    ]
}