{
    "results": [
        {
            "command": null,
            "mean": 1.06612122855,
            "median": 1.03726023305,
            "max": 1.16318856205,
            "min": 1.00184751305
        }
    ]
}