{
    "results": [
        {
            "command": "npm install jquery",
            "mean": 12.48998593623,
            "median": 12.06564858433,
            "max": 16.344433683829998,
            "min": 11.62174871483,
            "user": 12.031162345,
            "stddev": 1.384256212339678,
            "system": 0.6146238949999999,
            "commit": "b261741ef692a6348ec86cd0e0811db08376c312",
            "version": "6.0.0-6-next.24"
        }
    ]
}