{
    "results": [
        {
            "command": "npm info jquery",
            "mean": 1.31119125662,
            "median": 1.30381539442,
            "max": 1.43511915342,
            "min": 1.23718786042,
            "user": 0.54536679,
            "stddev": 0.06390810814325946,
            "system": 0.07050573,
            "commit": "b261741ef692a6348ec86cd0e0811db08376c312",
            "version": "4.12.2"
        }
    ]
}