{
    "results": [
        {
            "command": null,
            "mean": 10.860283480925,
            "median": 10.827544147825002,
            "max": 12.532946911325,
            "min": 10.099877322325
        }
    ]
}