{
    "results": [
        {
            "command": "npm install jquery",
            "mean": 11.215988572419999,
            "median": 11.064811681719998,
            "max": 12.13669360372,
            "min": 10.86567071072,
            "user": 10.646536285,
            "stddev": 0.37640574280136985,
            "system": 0.549239695,
            "commit": "b261741ef692a6348ec86cd0e0811db08376c312",
            "version": "4.12.2"
        }
    ]
}