{
    "results": [
        {
            "command": null,
            "mean": 14.715415453395,
            "median": 14.587239844195,
            "max": 15.652987976695,
            "min": 14.269140618695
        }
    ]
}