{
    "results": [
        {
            "command": null,
            "mean": 1.035077842475,
            "median": 1.012575747775,
            "max": 1.131767235275,
            "min": 0.9759418802750001
        }
    ]
}