{
    "results": [
        {
            "command": null,
            "mean": 13.998840002240001,
            "median": 13.49600640584,
            "max": 19.093991086339997,
            "min": 12.798281343340001
        }
    ]
}