{
    "results": [
        {
            "command": null,
            "mean": 1.111253605375,
            "median": 1.0831975802749998,
            "max": 1.247839825275,
            "min": 1.041395876275
        }
    ]
}