{
    "results": [
        {
            "command": "npm info jquery",
            "mean": 1.1494623686299996,
            "median": 1.15746400593,
            "max": 1.19323583393,
            "min": 1.07959176793,
            "user": 0.56346999,
            "stddev": 0.03515295767712733,
            "system": 0.05659282499999999,
            "commit": "b261741ef692a6348ec86cd0e0811db08376c312",
            "version": "4.12.2"
        }
    ]
}