{
    "results": [
        {
            "command": null,
            "mean": 1.1494623686299996,
            "median": 1.15746400593,
            "max": 1.19323583393,
            "min": 1.07959176793
        }
    ]
}