{
    "results": [
        {
            "command": null,
            "mean": 1.083832759755,
            "median": 1.072969576855,
            "max": 1.216047987355,
            "min": 1.0243863073550001
        }
    ]
}