{
    "results": [
        {
            "command": null,
            "mean": 13.511425297345,
            "median": 13.375599168445,
            "max": 14.697324548445001,
            "min": 12.744565224445001
        }
    ]
}