{
    "results": [
        {
            "command": null,
            "mean": 13.75674502083,
            "median": 13.708637431029999,
            "max": 15.19150977853,
            "min": 13.09555009953
        }
    ]
}