{
    "results": [
        {
            "command": null,
            "mean": 1.17212296591,
            "median": 1.15913973891,
            "max": 1.31804487741,
            "min": 1.10056150341
        }
    ]
}