{
    "results": [
        {
            "command": "npm install jquery",
            "mean": 11.854299880155,
            "median": 11.683619052055,
            "max": 12.955793431555,
            "min": 11.309782364555,
            "user": 11.293139839999998,
            "stddev": 0.4921578812880382,
            "system": 0.5526770649999999,
            "commit": "3d45cecf04827712eb724a113e415dbda8ea2d90",
            "version": "5.1.0"
        }
    ]
}