{
    "results": [
        {
            "command": "npm install jquery",
            "mean": 13.788214179295002,
            "median": 12.657608980894999,
            "max": 18.135854541395002,
            "min": 12.476033116395,
            "user": 14.761235569999997,
            "stddev": 2.208435773771896,
            "system": 0.73294922,
            "commit": "b7d319c5bef1d63990de1c794f66714b8981b173",
            "version": "4.12.2"
        }
    ]
}