{
    "results": [
        {
            "command": null,
            "mean": 0.9381245977350001,
            "median": 0.9200367399350001,
            "max": 1.073049422435,
            "min": 0.8629618984350002
        }
    ]
}