{
    "results": [
        {
            "command": null,
            "mean": 12.208669784315001,
            "median": 12.247315223115,
            "max": 12.841077495115,
            "min": 11.622706996115001
        }
    ]
}