{
    "results": [
        {
            "command": "npm info jquery",
            "mean": 1.0482854436550002,
            "median": 1.025780526455,
            "max": 1.205418203455,
            "min": 0.9771675024550001,
            "user": 0.5606122949999999,
            "stddev": 0.06589493610276566,
            "system": 0.073936375,
            "commit": "b7d319c5bef1d63990de1c794f66714b8981b173",
            "version": "5.1.3"
        }
    ]
}