{
    "results": [
        {
            "command": null,
            "mean": 12.709571382235001,
            "median": 12.478576010434999,
            "max": 13.906084354935,
            "min": 12.312169614935
        }
    ]
}