{
    "results": [
        {
            "command": "npm install jquery",
            "mean": 12.709571382235001,
            "median": 12.478576010434999,
            "max": 13.906084354935,
            "min": 12.312169614935,
            "user": 13.201912240000002,
            "stddev": 0.47263823147129086,
            "system": 0.7378809499999999,
            "commit": "b7d319c5bef1d63990de1c794f66714b8981b173",
            "version": "3.13.1"
        }
    ]
}