{
    "results": [
        {
            "command": "npm info jquery",
            "mean": 0.905872064575,
            "median": 0.873623857275,
            "max": 0.997919499775,
            "min": 0.855279902775,
            "user": 0.43120240499999996,
            "stddev": 0.06169051070213069,
            "system": 0.04208490999999999,
            "commit": "b7d319c5bef1d63990de1c794f66714b8981b173",
            "version": "3.13.1"
        }
    ]
}