{
    "results": [
        {
            "command": null,
            "mean": 11.815989472695,
            "median": 11.704489156594999,
            "max": 12.839834165595,
            "min": 11.560451107595
        }
    ]
}