{
    "results": [
        {
            "command": "npm info jquery",
            "mean": 0.9381245977350001,
            "median": 0.9200367399350001,
            "max": 1.073049422435,
            "min": 0.8629618984350002,
            "user": 0.4352980550000001,
            "stddev": 0.06979279750499198,
            "system": 0.052320750000000006,
            "commit": "b7d319c5bef1d63990de1c794f66714b8981b173",
            "version": "6.0.0-6-next.24"
        }
    ]
}