{
    "results": [
        {
            "command": null,
            "mean": 0.905872064575,
            "median": 0.873623857275,
            "max": 0.997919499775,
            "min": 0.855279902775
        }
    ]
}