{
    "results": [
        {
            "command": "npm info jquery",
            "mean": 1.2427167641949999,
            "median": 1.2109391931949998,
            "max": 1.379613987195,
            "min": 1.1555046251949999,
            "user": 0.540791285,
            "stddev": 0.07555315149704038,
            "system": 0.05010093499999999,
            "commit": "54b17f4442f9ed8255656a66209476a220e94eea",
            "version": "5.1.0"
        }
    ]
}