{
    "results": [
        {
            "command": null,
            "mean": 1.1275835769699998,
            "median": 1.1495966269699998,
            "max": 1.20535814797,
            "min": 1.03808650797
        }
    ]
}