{
    "results": [
        {
            "command": "npm install jquery",
            "mean": 10.514722240824998,
            "median": 10.390829542525,
            "max": 11.492674138525,
            "min": 10.288329776525,
            "user": 11.779495809999998,
            "stddev": 0.35523111912211575,
            "system": 0.6421876949999998,
            "commit": "30875acc70c8d85fb3cbe8117d304b68186b7a5c",
            "version": "5.1.3"
        }
    ]
}