{
    "results": [
        {
            "command": null,
            "mean": 1.118798375235,
            "median": 1.0734588661349997,
            "max": 1.477066372635,
            "min": 0.9981753576350001
        }
    ]
}