{
    "results": [
        {
            "command": "npm install jquery",
            "mean": 10.893272059725001,
            "median": 10.771669784424999,
            "max": 12.220465510924999,
            "min": 10.533221060925,
            "user": 10.189678070000003,
            "stddev": 0.4849549709053393,
            "system": 0.5556373099999999,
            "commit": "30875acc70c8d85fb3cbe8117d304b68186b7a5c",
            "version": "3.13.1"
        }
    ]
}