{
    "results": [
        {
            "command": null,
            "mean": 1.34531121177,
            "median": 1.32967839407,
            "max": 2.0481460100700004,
            "min": 0.93017044207
        }
    ]
}