{
    "results": [
        {
            "command": "npm info jquery",
            "mean": 0.964289180345,
            "median": 0.9181749493450001,
            "max": 1.377084151345,
            "min": 0.8873802933450001,
            "user": 0.46403134999999995,
            "stddev": 0.1499387128621799,
            "system": 0.059273849999999996,
            "commit": "8c8f0e1600f089de6e3b69bbbc84833b2996e777",
            "version": "5.2.2"
        }
    ]
}