{
    "results": [
        {
            "command": "npm info jquery",
            "mean": 0.86673291663,
            "median": 0.84633683483,
            "max": 1.0024904203299998,
            "min": 0.8173382503300001,
            "user": 0.41066283,
            "stddev": 0.05585198007924521,
            "system": 0.04419173999999999,
            "commit": "95ed3db43ce681824c9b40fa7eb8b09039d053ea",
            "version": "5.1.0"
        }
    ]
}