{
    "results": [
        {
            "command": "npm info jquery",
            "mean": 1.2484150066199997,
            "median": 1.2367966318199999,
            "max": 1.33606258882,
            "min": 1.22275989782,
            "user": 0.52116121,
            "stddev": 0.033569890163645796,
            "system": 0.059426444999999994,
            "commit": "c168b4e47a600d56f786a380d652478d7763153b",
            "version": "4.12.2"
        }
    ]
}