{
    "results": [
        {
            "command": null,
            "mean": 1.4034397785499997,
            "median": 1.3732821666500001,
            "max": 1.5878078111499998,
            "min": 1.2800877601499998
        }
    ]
}