{
    "results": [
        {
            "command": "npm info jquery",
            "mean": 1.4034397785499997,
            "median": 1.3732821666500001,
            "max": 1.5878078111499998,
            "min": 1.2800877601499998,
            "user": 0.59681458,
            "stddev": 0.10749925652176782,
            "system": 0.072072,
            "commit": "cf8d691c95da19a9e8feb064418c34f29b296ca1",
            "version": "3.13.1"
        }
    ]
}