{
    "results": [
        {
            "command": null,
            "mean": 1.1017263914600002,
            "median": 1.00958796946,
            "max": 1.50274831346,
            "min": 0.9536526944600001
        }
    ]
}