{
    "results": [
        {
            "command": "npm info jquery",
            "mean": 1.0900615894499999,
            "median": 1.06976563775,
            "max": 1.2767718892500002,
            "min": 1.0187887552500001,
            "user": 0.590991825,
            "stddev": 0.0763274793828149,
            "system": 0.06545858499999999,
            "commit": "cf8d691c95da19a9e8feb064418c34f29b296ca1",
            "version": "6.0.0-6-next.27"
        }
    ]
}