{
    "results": [
        {
            "command": "npm info jquery",
            "mean": 1.1017263914600002,
            "median": 1.00958796946,
            "max": 1.50274831346,
            "min": 0.9536526944600001,
            "user": 0.42416038,
            "stddev": 0.19045878864994464,
            "system": 0.040961449999999996,
            "commit": "cf8d691c95da19a9e8feb064418c34f29b296ca1",
            "version": "4.12.2"
        }
    ]
}