{
    "results": [
        {
            "command": null,
            "mean": 11.337312809625,
            "median": 11.327736191225,
            "max": 12.090388330225,
            "min": 10.971655593225
        }
    ]
}