{
    "results": [
        {
            "command": null,
            "mean": 1.0900615894499999,
            "median": 1.06976563775,
            "max": 1.2767718892500002,
            "min": 1.0187887552500001
        }
    ]
}