{
    "results": [
        {
            "command": "npm install jquery",
            "mean": 14.840946719685002,
            "median": 14.678434917085001,
            "max": 16.675495846085,
            "min": 14.160442648085,
            "user": 13.736874534999998,
            "stddev": 0.7013371739837487,
            "system": 0.65912227,
            "commit": "54b17f4442f9ed8255656a66209476a220e94eea",
            "version": "4.12.1"
        }
    ]
}