{
    "results": [
        {
            "command": "npm info jquery",
            "mean": 0.9862728922749999,
            "median": 0.9438229690750001,
            "max": 1.1232943170749998,
            "min": 0.8963877760750001,
            "user": 0.502344195,
            "stddev": 0.07650939618961085,
            "system": 0.054000275,
            "commit": "154b2ecd34b12748a15bf24be845542497f853a2",
            "version": "3.13.1"
        }
    ]
}