{
    "results": [
        {
            "command": "npm info jquery",
            "mean": 1.0076519412900002,
            "median": 0.9671653736900001,
            "max": 1.20346566769,
            "min": 0.9280762596900001,
            "user": 0.50124373,
            "stddev": 0.09484425411181518,
            "system": 0.055223575000000004,
            "commit": "154b2ecd34b12748a15bf24be845542497f853a2",
            "version": "6.0.0-6-next.23"
        }
    ]
}