{
    "results": [
        {
            "command": null,
            "mean": 14.511221191855004,
            "median": 14.480202318855,
            "max": 15.710346464355,
            "min": 13.766048036355
        }
    ]
}