{
    "results": [
        {
            "command": "npm info jquery",
            "mean": 1.021790998565,
            "median": 1.013401396465,
            "max": 1.118260513965,
            "min": 0.9722986689650001,
            "user": 0.557694735,
            "stddev": 0.03796290513690478,
            "system": 0.059424395,
            "commit": "154b2ecd34b12748a15bf24be845542497f853a2",
            "version": "5.1.3"
        }
    ]
}