{
    "results": [
        {
            "command": null,
            "mean": 1.021790998565,
            "median": 1.013401396465,
            "max": 1.118260513965,
            "min": 0.9722986689650001
        }
    ]
}