{
    "results": [
        {
            "command": null,
            "mean": 13.86115482101,
            "median": 12.82292942571,
            "max": 19.155335285710002,
            "min": 12.554599570710002
        }
    ]
}