{
    "results": [
        {
            "command": null,
            "mean": 1.0399255849250002,
            "median": 1.000006508525,
            "max": 1.198229218025,
            "min": 0.9577897530250001
        }
    ]
}