{
    "results": [
        {
            "command": "npm install jquery",
            "mean": 13.86115482101,
            "median": 12.82292942571,
            "max": 19.155335285710002,
            "min": 12.554599570710002,
            "user": 13.422090919999999,
            "stddev": 2.382170080194694,
            "system": 0.69926026,
            "commit": "154b2ecd34b12748a15bf24be845542497f853a2",
            "version": "4.12.2"
        }
    ]
}