{
    "results": [
        {
            "command": null,
            "mean": 17.332133145789996,
            "median": 15.69558794449,
            "max": 22.785285065489997,
            "min": 15.35223127649
        }
    ]
}