{
    "results": [
        {
            "command": "npm info jquery",
            "mean": 0.8404954104850001,
            "median": 0.8350692449850001,
            "max": 1.006627504485,
            "min": 0.7795626574850001,
            "user": 0.42033292499999997,
            "stddev": 0.06342716737517362,
            "system": 0.04286523,
            "commit": "54b17f4442f9ed8255656a66209476a220e94eea",
            "version": "4.12.1"
        }
    ]
}