{
    "results": [
        {
            "command": "npm install jquery",
            "mean": 12.22653935656,
            "median": 12.13039473996,
            "max": 12.91231923246,
            "min": 11.958200660460001,
            "user": 11.511169824999998,
            "stddev": 0.29562796055153634,
            "system": 0.6499443100000001,
            "commit": "a5019d89f330fa8e4edc9e628463e9e4ed821896",
            "version": "6.0.0-6-next.35"
        }
    ]
}