{
    "results": [
        {
            "command": "npm info jquery",
            "mean": 1.111253605375,
            "median": 1.0831975802749998,
            "max": 1.247839825275,
            "min": 1.041395876275,
            "user": 0.5103135400000001,
            "stddev": 0.07530617297636485,
            "system": 0.052329154999999995,
            "commit": "b261741ef692a6348ec86cd0e0811db08376c312",
            "version": "6.0.0-6-next.24"
        }
    ]
}