{
    "results": [
        {
            "command": "npm install jquery",
            "mean": 14.572849690405002,
            "median": 14.358499970805,
            "max": 16.814124635305,
            "min": 13.718604646305,
            "user": 13.62417613,
            "stddev": 0.9534394988056942,
            "system": 0.694485735,
            "commit": "b261741ef692a6348ec86cd0e0811db08376c312",
            "version": "3.13.1"
        }
    ]
}