{
    "results": [
        {
            "command": "npm info jquery",
            "mean": 0.877807327275,
            "median": 0.8646684303750001,
            "max": 0.997096486375,
            "min": 0.852552380375,
            "user": 0.43925644,
            "stddev": 0.04259047988293724,
            "system": 0.045067485000000004,
            "commit": "52d3442856ecfe521642f41976c2dbed731f7749",
            "version": "4.12.2"
        }
    ]
}