{
    "results": [
        {
            "command": "npm info jquery",
            "mean": 1.3169756768999998,
            "median": 1.306943096,
            "max": 1.3557013194999998,
            "min": 1.2818872664999998,
            "user": 0.57824314,
            "stddev": 0.026682736511548424,
            "system": 0.07381503000000002,
            "commit": "7632edd0e16b5ff893df3bccdfd91919d8942a4a",
            "version": "4.12.2"
        }
    ]
}