{
    "results": [
        {
            "command": "npm info jquery",
            "mean": 0.9604188886799999,
            "median": 0.93391490038,
            "max": 1.0684280488800002,
            "min": 0.9099948828800001,
            "user": 0.499631625,
            "stddev": 0.05558829162454756,
            "system": 0.04736177,
            "commit": "95ed3db43ce681824c9b40fa7eb8b09039d053ea",
            "version": "4.12.1"
        }
    ]
}