{
    "results": [
        {
            "command": "npm info jquery",
            "mean": 1.071013973495,
            "median": 1.057338496595,
            "max": 1.202452162095,
            "min": 0.988134638095,
            "user": 0.4414163649999999,
            "stddev": 0.06730575931169701,
            "system": 0.053325254999999995,
            "commit": "b261741ef692a6348ec86cd0e0811db08376c312",
            "version": "5.1.3"
        }
    ]
}