{
    "results": [
        {
            "command": "npm install jquery",
            "mean": 14.780645778544999,
            "median": 14.699023003345001,
            "max": 15.272613329844999,
            "min": 14.506712972845,
            "user": 13.90045916,
            "stddev": 0.24916682116003938,
            "system": 0.7032980949999998,
            "commit": "4fc14eab0231a9c65391005d42dd899c6308896d",
            "version": "3.13.1"
        }
    ]
}