{
    "results": [
        {
            "command": "npm info jquery",
            "mean": 1.17690571812,
            "median": 1.15142700112,
            "max": 1.39423741062,
            "min": 0.99154484562,
            "user": 0.44483131,
            "stddev": 0.1394597851660407,
            "system": 0.05400815499999999,
            "commit": "4fc14eab0231a9c65391005d42dd899c6308896d",
            "version": "3.13.1"
        }
    ]
}