{
    "results": [
        {
            "command": null,
            "mean": 0.9857675540949999,
            "median": 0.9098424437950001,
            "max": 1.385192440795,
            "min": 0.8387076417950001
        }
    ]
}