{
    "results": [
        {
            "command": null,
            "mean": 10.39321394385,
            "median": 10.35864033005,
            "max": 10.92270454655,
            "min": 10.129759472549999
        }
    ]
}