{
    "results": [
        {
            "command": null,
            "mean": 1.17690571812,
            "median": 1.15142700112,
            "max": 1.39423741062,
            "min": 0.99154484562
        }
    ]
}