{
    "results": [
        {
            "command": null,
            "mean": 14.780645778544999,
            "median": 14.699023003345001,
            "max": 15.272613329844999,
            "min": 14.506712972845
        }
    ]
}