{
    "results": [
        {
            "command": null,
            "mean": 10.531944737199998,
            "median": 10.444942401999999,
            "max": 11.0983847215,
            "min": 10.285446948499999
        }
    ]
}