{
    "results": [
        {
            "command": "npm install jquery",
            "mean": 12.200329033364998,
            "median": 11.864244532065001,
            "max": 16.099572982565,
            "min": 11.291007052565,
            "user": 11.624877034999999,
            "stddev": 1.3872241670383616,
            "system": 0.649778525,
            "commit": "4fc14eab0231a9c65391005d42dd899c6308896d",
            "version": "6.0.0-6-next.35"
        }
    ]
}