{
    "results": [
        {
            "command": "npm info jquery",
            "mean": 1.1667725020200002,
            "median": 1.14456642622,
            "max": 1.43452900722,
            "min": 1.0561877132200002,
            "user": 0.5271080699999999,
            "stddev": 0.11043111596674567,
            "system": 0.056217405,
            "commit": "95ed3db43ce681824c9b40fa7eb8b09039d053ea",
            "version": "5.1.0"
        }
    ]
}