{
    "results": [
        {
            "command": "npm info jquery",
            "mean": 0.9712500091550001,
            "median": 0.9434345164550001,
            "max": 1.2012289109549998,
            "min": 0.9367597029550001,
            "user": 0.51352201,
            "stddev": 0.08156174518847159,
            "system": 0.0532814,
            "commit": "f00cfb4f9787bb7c264946567dbaf366ae87d898",
            "version": "3.13.1"
        }
    ]
}