{
    "results": [
        {
            "command": null,
            "mean": 14.177214057335002,
            "median": 14.132093668135,
            "max": 14.691959947135,
            "min": 13.758293099135
        }
    ]
}