{
    "results": [
        {
            "command": null,
            "mean": 1.00844784853,
            "median": 0.99850165823,
            "max": 1.15048941673,
            "min": 0.9272873327300001
        }
    ]
}