{
    "results": [
        {
            "command": null,
            "mean": 12.324613810665001,
            "median": 12.294875593065,
            "max": 12.667797163565,
            "min": 12.023483810565
        }
    ]
}