{
    "results": [
        {
            "command": null,
            "mean": 0.9757175873499999,
            "median": 0.9258924204500001,
            "max": 1.21332356195,
            "min": 0.90995528695
        }
    ]
}