{
    "results": [
        {
            "command": "npm info jquery",
            "mean": 0.980120351425,
            "median": 0.9525251359250001,
            "max": 1.143628450425,
            "min": 0.9277195934250001,
            "user": 0.49826574,
            "stddev": 0.06854306341371784,
            "system": 0.054185145000000004,
            "commit": "8ea24df16ad114430feb85827b7effb0cd2f5bc3",
            "version": "5.5.2"
        }
    ]
}