{
    "results": [
        {
            "command": null,
            "mean": 0.915554868315,
            "median": 0.889275727315,
            "max": 1.050969289315,
            "min": 0.8754081623150001
        }
    ]
}