{
    "results": [
        {
            "command": "npm info jquery",
            "mean": 1.073079908625,
            "median": 1.056314990225,
            "max": 1.2552923782249998,
            "min": 1.0126033882249998,
            "user": 0.5001761149999999,
            "stddev": 0.07068602259610095,
            "system": 0.046580724999999996,
            "commit": "8a8f2b6774d50c12ce8d0e87e3e4f847478a0e10",
            "version": "5.1.2"
        }
    ]
}