{
    "results": [
        {
            "command": "npm info jquery",
            "mean": 0.9359755640150003,
            "median": 0.887939212015,
            "max": 1.0730308975149998,
            "min": 0.866694297515,
            "user": 0.4472266200000001,
            "stddev": 0.08778628468003535,
            "system": 0.050209130000000005,
            "commit": "b261741ef692a6348ec86cd0e0811db08376c312",
            "version": "6.0.0-6-next.24"
        }
    ]
}