{
    "results": [
        {
            "command": "npm info jquery",
            "mean": 0.9919188836950001,
            "median": 0.979953372495,
            "max": 1.033977323995,
            "min": 0.963528196995,
            "user": 0.532784565,
            "stddev": 0.028382112166803333,
            "system": 0.06458504000000001,
            "commit": "5983625ff78b968c86f902a118328e98dc4e76b1",
            "version": "4.12.2"
        }
    ]
}