{
    "results": [
        {
            "command": "npm info jquery",
            "mean": 0.9491317716550001,
            "median": 0.9342574778550001,
            "max": 1.050839105355,
            "min": 0.9081719473550001,
            "user": 0.49445612,
            "stddev": 0.05143703361459759,
            "system": 0.05265178499999999,
            "commit": "a88c72d0b21d3b248ced47c192653040a487cd98",
            "version": "6.0.0-6-next.27"
        }
    ]
}