{
    "results": [
        {
            "command": null,
            "mean": 1.055763310045,
            "median": 1.0112930369450002,
            "max": 1.187439784945,
            "min": 0.938943003945
        }
    ]
}