{
    "results": [
        {
            "command": null,
            "mean": 11.172515632995,
            "median": 11.102580118695002,
            "max": 12.029212062195,
            "min": 10.717629375195001
        }
    ]
}