{
    "results": [
        {
            "command": "npm info jquery",
            "mean": 1.21540623852,
            "median": 1.23110431352,
            "max": 1.32451936002,
            "min": 1.1372692990200002,
            "user": 0.5980697149999998,
            "stddev": 0.06013836702478341,
            "system": 0.06335350000000001,
            "commit": "b753b4010feaa13cf8134eace8abf8a075f2b778",
            "version": "5.1.3"
        }
    ]
}