{
    "results": [
        {
            "command": "npm install jquery",
            "mean": 11.172515632995,
            "median": 11.102580118695002,
            "max": 12.029212062195,
            "min": 10.717629375195001,
            "user": 10.599100694999999,
            "stddev": 0.3543777960379322,
            "system": 0.5820029499999999,
            "commit": "b753b4010feaa13cf8134eace8abf8a075f2b778",
            "version": "3.13.1"
        }
    ]
}