{
    "results": [
        {
            "command": null,
            "mean": 0.906800207945,
            "median": 0.8600836371450001,
            "max": 1.029492488145,
            "min": 0.8338436711450001
        }
    ]
}