{
    "results": [
        {
            "command": null,
            "mean": 1.1534122950799999,
            "median": 1.14371137358,
            "max": 1.27469091308,
            "min": 1.08757635808
        }
    ]
}