{
    "results": [
        {
            "command": "npm info jquery",
            "mean": 0.8828220601250001,
            "median": 0.883166122325,
            "max": 0.9138206523250001,
            "min": 0.8612211863250001,
            "user": 0.4367458249999999,
            "stddev": 0.014989685692616838,
            "system": 0.04941026,
            "commit": "c2a1f4a73ad04c3f2d2bc784a9f3c33d036eeff9",
            "version": "5.1.3"
        }
    ]
}