{
    "results": [
        {
            "command": "npm install jquery",
            "mean": 11.461530542305,
            "median": 11.141518916805001,
            "max": 13.327267759305,
            "min": 10.816840142305,
            "user": 11.97449765,
            "stddev": 0.7845622484207015,
            "system": 0.6767472149999999,
            "commit": "c2a1f4a73ad04c3f2d2bc784a9f3c33d036eeff9",
            "version": "4.12.2"
        }
    ]
}