{
    "results": [
        {
            "command": null,
            "mean": 11.461530542305,
            "median": 11.141518916805001,
            "max": 13.327267759305,
            "min": 10.816840142305
        }
    ]
}