{
    "results": [
        {
            "command": "npm info jquery",
            "mean": 0.9554596931200001,
            "median": 0.92864566082,
            "max": 1.2232771988200002,
            "min": 0.85701004382,
            "user": 0.4173257899999999,
            "stddev": 0.11714947857436266,
            "system": 0.044078540000000006,
            "commit": "9e29bf88909c14e71ca0547ac6026186cc19edc0",
            "version": "6.0.0-6-next.22"
        }
    ]
}