{
    "results": [
        {
            "command": "npm info jquery",
            "mean": 1.17137703081,
            "median": 1.15945299031,
            "max": 1.3639076748099999,
            "min": 1.11081838181,
            "user": 0.5605804099999999,
            "stddev": 0.07146919126730061,
            "system": 0.06818326,
            "commit": "b261741ef692a6348ec86cd0e0811db08376c312",
            "version": "4.12.2"
        }
    ]
}