{
    "results": [
        {
            "command": "npm install jquery",
            "mean": 13.726362539814996,
            "median": 12.299547200915,
            "max": 24.136091994415,
            "min": 11.411723780415,
            "user": 13.001703725000002,
            "stddev": 3.8628407617652925,
            "system": 0.6289288899999999,
            "commit": "95ed3db43ce681824c9b40fa7eb8b09039d053ea",
            "version": "5.1.0"
        }
    ]
}