{
    "results": [
        {
            "command": "npm info jquery",
            "mean": 1.156955793745,
            "median": 1.1582159878449998,
            "max": 1.179499760345,
            "min": 1.132326102345,
            "user": 0.4539629099999999,
            "stddev": 0.017582445245811176,
            "system": 0.04765945,
            "commit": "52ec6b41e3d02277d421dd78bfb83798ce8461c1",
            "version": "6.0.0-6-next.40"
        }
    ]
}