{
    "results": [
        {
            "command": "npm info jquery",
            "mean": 1.26140317384,
            "median": 1.1387370266399999,
            "max": 2.19142900764,
            "min": 0.9894148446400001,
            "user": 0.574189615,
            "stddev": 0.3825677218000419,
            "system": 0.058842655,
            "commit": "b6495d5b6c028fc7184912deaa1e7848846241a5",
            "version": "5.1.2"
        }
    ]
}