{
    "results": [
        {
            "command": "npm info jquery",
            "mean": 0.9710341188100001,
            "median": 0.9536859290100002,
            "max": 1.07008877201,
            "min": 0.9264874660100001,
            "user": 0.5212266099999999,
            "stddev": 0.05191849957821506,
            "system": 0.0496709,
            "commit": "73d34bf9c4d9e3318d1519e02f3ba24975c4c867",
            "version": "3.13.1"
        }
    ]
}