{
    "results": [
        {
            "command": null,
            "mean": 10.20527544122,
            "median": 10.12461474172,
            "max": 11.30254680322,
            "min": 9.66946560322
        }
    ]
}