{
    "results": [
        {
            "command": null,
            "mean": 1.31594034208,
            "median": 1.2959290605799998,
            "max": 1.42694582958,
            "min": 1.25730372658
        }
    ]
}