{
    "results": [
        {
            "command": "npm install jquery",
            "mean": 12.83278050102,
            "median": 12.83159956162,
            "max": 13.02956141212,
            "min": 12.62471383212,
            "user": 12.367871619999999,
            "stddev": 0.14081739315656294,
            "system": 0.68286191,
            "commit": "6eea70a6dd780c8d9eb9c595ad6508ba5be4aba8",
            "version": "6.0.0-6-next.35"
        }
    ]
}