{
    "results": [
        {
            "command": null,
            "mean": 1.034734011265,
            "median": 0.9590397803650001,
            "max": 1.518921817365,
            "min": 0.9290693783650001
        }
    ]
}