{
    "results": [
        {
            "command": null,
            "mean": 12.21173553954,
            "median": 11.75087347364,
            "max": 16.10202607664,
            "min": 11.52834325764
        }
    ]
}