{
    "results": [
        {
            "command": null,
            "mean": 12.83278050102,
            "median": 12.83159956162,
            "max": 13.02956141212,
            "min": 12.62471383212
        }
    ]
}