{
    "results": [
        {
            "command": "npm install jquery",
            "mean": 12.756199256894998,
            "median": 12.732906158894998,
            "max": 13.356830354394999,
            "min": 12.185997499394999,
            "user": 12.117502764999998,
            "stddev": 0.3281273564690601,
            "system": 0.688473475,
            "commit": "d36beaf650acff98a6d6119a1af2545169075eb3",
            "version": "4.12.2"
        }
    ]
}