{
    "results": [
        {
            "command": "npm install jquery",
            "mean": 14.59599086677,
            "median": 14.53799924307,
            "max": 16.09609949807,
            "min": 13.88089761707,
            "user": 13.48668674,
            "stddev": 0.5888648952779452,
            "system": 0.71032763,
            "commit": "54b17f4442f9ed8255656a66209476a220e94eea",
            "version": "4.12.1"
        }
    ]
}