{
    "results": [
        {
            "command": "npm info jquery",
            "mean": 1.215890708605,
            "median": 1.180680755405,
            "max": 1.448155049905,
            "min": 1.115130112905,
            "user": 0.573657455,
            "stddev": 0.10586509829859132,
            "system": 0.07568280999999999,
            "commit": "9dbf73e955fcb70b0a623c5ab89649b95146c744",
            "version": "5.1.3"
        }
    ]
}