{
    "results": [
        {
            "command": "npm info jquery",
            "mean": 1.034976690065,
            "median": 1.0086070395650002,
            "max": 1.243522900065,
            "min": 0.993563756065,
            "user": 0.5672653349999999,
            "stddev": 0.07533929892917526,
            "system": 0.05155071499999999,
            "commit": "d04153a8e5323d2fa6512f7b4e11f03eab6448f0",
            "version": "3.13.1"
        }
    ]
}