{
    "results": [
        {
            "command": "npm install jquery",
            "mean": 16.215566262810007,
            "median": 16.09991130351,
            "max": 17.568026389510003,
            "min": 15.51254995651,
            "user": 15.745091065,
            "stddev": 0.5544334042886361,
            "system": 0.761956845,
            "commit": "09a7cf345658047a85d44d0b85594c58270cdf26",
            "version": "5.1.0"
        }
    ]
}