{
    "results": [
        {
            "command": "npm install jquery",
            "mean": 12.082446052275,
            "median": 11.718705637875,
            "max": 15.622133906375,
            "min": 11.281019877375,
            "user": 11.57027752,
            "stddev": 1.2842474660257555,
            "system": 0.58791565,
            "commit": "2197d08e425086d721b5da8f7dfe03130ab140df",
            "version": "5.1.0"
        }
    ]
}