{
    "results": [
        {
            "command": "npm info jquery",
            "mean": 1.233060092275,
            "median": 1.169940887975,
            "max": 1.737970621975,
            "min": 1.0301169589749999,
            "user": 0.5842594649999999,
            "stddev": 0.2095101489463659,
            "system": 0.058597659999999996,
            "commit": "353a283b4035e951edcd64108843daae593636f2",
            "version": "5.1.3"
        }
    ]
}