{
    "results": [
        {
            "command": "npm info jquery",
            "mean": 1.03363184764,
            "median": 1.03145883704,
            "max": 1.06957527654,
            "min": 1.00731057554,
            "user": 0.4857442299999999,
            "stddev": 0.018815120273469422,
            "system": 0.046218230000000006,
            "commit": "2645ae2e48e2e7feb7cba414c83991269b169870",
            "version": "3.13.1"
        }
    ]
}