{
    "results": [
        {
            "command": null,
            "mean": 1.03363184764,
            "median": 1.03145883704,
            "max": 1.06957527654,
            "min": 1.00731057554
        }
    ]
}