{
    "results": [
        {
            "command": "npm info jquery",
            "mean": 1.3301915692550002,
            "median": 1.2938800183549999,
            "max": 1.592442030355,
            "min": 1.192068089355,
            "user": 0.5323314050000001,
            "stddev": 0.11637516053561547,
            "system": 0.06355854999999999,
            "commit": "2645ae2e48e2e7feb7cba414c83991269b169870",
            "version": "4.12.2"
        }
    ]
}