{
    "results": [
        {
            "command": "npm info jquery",
            "mean": 0.9525893614500003,
            "median": 0.9497875695500001,
            "max": 0.99768598905,
            "min": 0.92670934005,
            "user": 0.5166392350000001,
            "stddev": 0.01975480537630071,
            "system": 0.05617713,
            "commit": "2645ae2e48e2e7feb7cba414c83991269b169870",
            "version": "5.1.2"
        }
    ]
}