{
    "results": [
        {
            "command": null,
            "mean": 11.810322281150002,
            "median": 11.53569605905,
            "max": 13.768540196050001,
            "min": 11.300111764050001
        }
    ]
}