{
  "results": [
    {
      "command": "npm info jquery",
      "mean": 0.40911486637999994,
      "stddev": 0.009604888500434047,
      "median": 0.41048325398,
      "user": 0.35895383999999997,
      "system": 0.03393022,
      "min": 0.39523761798,
      "max": 0.42312227498,
      "times": [
        0.41749224298,
        0.41744314298,
        0.41028820298,
        0.41067830498,
        0.40447187098,
        0.39523761798,
        0.40072084998,
        0.42312227498,
        0.41545863198,
        0.39623552398
      ],
      "exit_codes": [
        0,
        0,
        0,
        0,
        0,
        0,
        0,
        0,
        0,
        0
      ]
    }
  ]
}
