{
  "results": [
    {
      "command": "npm info jquery",
      "mean": 0.4305358215600001,
      "stddev": 0.028953487938415592,
      "median": 0.42838480776,
      "user": 0.35871263999999997,
      "system": 0.03199834,
      "min": 0.39728861526000003,
      "max": 0.5001634942600001,
      "times": [
        0.42852123726,
        0.42824837826,
        0.42894667726,
        0.39728861526000003,
        0.43637026826,
        0.44971155326,
        0.5001634942600001,
        0.41514569326,
        0.41874398926,
        0.40221830926
      ],
      "exit_codes": [
        0,
        0,
        0,
        0,
        0,
        0,
        0,
        0,
        0,
        0
      ]
    }
  ]
}
