{
  "results": [
    {
      "command": "npm info jquery",
      "mean": 0.467661657,
      "stddev": 0.010658871997616013,
      "median": 0.4703334603,
      "user": 0.41288332,
      "system": 0.05032706,
      "min": 0.4483991573,
      "max": 0.4791188323,
      "times": [
        0.4677657283,
        0.4728294323,
        0.4497592903,
        0.4483991573,
        0.4655076883,
        0.4747150203,
        0.47785450030000004,
        0.4791188323,
        0.4707923223,
        0.4698745983
      ],
      "exit_codes": [
        0,
        0,
        0,
        0,
        0,
        0,
        0,
        0,
        0,
        0
      ]
    }
  ]
}
