{
  "results": [
    {
      "command": "npm info jquery",
      "mean": 0.4417218828,
      "stddev": 0.06281023231628376,
      "median": 0.4214786467,
      "user": 0.3738929,
      "system": 0.03652972,
      "min": 0.4082361767,
      "max": 0.6152763997,
      "times": [
        0.6152763997,
        0.41057180670000004,
        0.4082361767,
        0.41098071270000003,
        0.4608289487,
        0.4261061057,
        0.4232616697,
        0.4196956237,
        0.4154098687,
        0.4268515157
      ],
      "exit_codes": [
        0,
        0,
        0,
        0,
        0,
        0,
        0,
        0,
        0,
        0
      ]
    }
  ]
}
