{
    "results": [
        {
            "command": "npm info jquery",
            "mean": 1.083218538725,
            "median": 1.045272543125,
            "max": 1.268493560625,
            "min": 0.9636050396250001,
            "user": 0.5290602849999999,
            "stddev": 0.11588722100308278,
            "system": 0.052625784999999994,
            "commit": "b9a947aa2fc8c044a504c60c568e4d9a52c1904c",
            "version": "3.13.1"
        }
    ]
}