{
    "results": [
        {
            "command": "npm info jquery",
            "mean": 1.140287779535,
            "median": 1.057196114535,
            "max": 1.480390353035,
            "min": 0.9721507430350002,
            "user": 0.41179032,
            "stddev": 0.1887484304193305,
            "system": 0.04660937999999999,
            "commit": "b9a947aa2fc8c044a504c60c568e4d9a52c1904c",
            "version": "6.0.0-6-next.30"
        }
    ]
}