{
    "results": [
        {
            "command": "npm info jquery",
            "mean": 1.03087969693,
            "median": 1.05247912963,
            "max": 1.2105917131300001,
            "min": 0.8644341241300001,
            "user": 0.43502744499999996,
            "stddev": 0.12145595489450152,
            "system": 0.04852318,
            "commit": "b9a947aa2fc8c044a504c60c568e4d9a52c1904c",
            "version": "5.5.0"
        }
    ]
}