{
    "results": [
        {
            "command": null,
            "mean": 1.140287779535,
            "median": 1.057196114535,
            "max": 1.480390353035,
            "min": 0.9721507430350002
        }
    ]
}