{
    "results": [
        {
            "command": null,
            "mean": 10.225014023970001,
            "median": 10.065965124769999,
            "max": 11.571954280269999,
            "min": 9.80896874327
        }
    ]
}