{
    "results": [
        {
            "command": "npm install jquery",
            "mean": 13.895958346475002,
            "median": 13.576803844275,
            "max": 15.086352356775,
            "min": 13.382888108775001,
            "user": 13.182828925,
            "stddev": 0.6448017953336992,
            "system": 0.6815186699999999,
            "commit": "b9a947aa2fc8c044a504c60c568e4d9a52c1904c",
            "version": "6.0.0-6-next.30"
        }
    ]
}