{
    "results": [
        {
            "command": null,
            "mean": 14.18322808244,
            "median": 14.028469949240002,
            "max": 15.48961156524,
            "min": 13.87307264824
        }
    ]
}