{
    "results": [
        {
            "command": null,
            "mean": 1.03087969693,
            "median": 1.05247912963,
            "max": 1.2105917131300001,
            "min": 0.8644341241300001
        }
    ]
}