{
    "results": [
        {
            "command": null,
            "mean": 1.165944284235,
            "median": 1.128016594435,
            "max": 1.6442815884350002,
            "min": 0.888907589435
        }
    ]
}