{
    "results": [
        {
            "command": "npm install jquery",
            "mean": 10.225014023970001,
            "median": 10.065965124769999,
            "max": 11.571954280269999,
            "min": 9.80896874327,
            "user": 8.967766479999998,
            "stddev": 0.5292805745119273,
            "system": 0.5166677350000001,
            "commit": "b9a947aa2fc8c044a504c60c568e4d9a52c1904c",
            "version": "4.12.2"
        }
    ]
}