{
    "results": [
        {
            "command": "npm info jquery",
            "mean": 0.791493379645,
            "median": 0.793166136345,
            "max": 0.816900711845,
            "min": 0.761895956845,
            "user": 0.37981548500000006,
            "stddev": 0.015747418250254726,
            "system": 0.03603199,
            "commit": "73e6863426497b61ff1b3e61b577909b70cf683d",
            "version": "5.1.0"
        }
    ]
}