{
    "results": [
        {
            "command": "npm info jquery",
            "mean": 0.861547537335,
            "median": 0.8425152838350001,
            "max": 0.963020702335,
            "min": 0.827190741335,
            "user": 0.40767248999999994,
            "stddev": 0.04348863951930179,
            "system": 0.04073000499999999,
            "commit": "b6495d5b6c028fc7184912deaa1e7848846241a5",
            "version": "3.13.1"
        }
    ]
}