{
    "results": [
        {
            "command": "npm info jquery",
            "mean": 1.2531794158200003,
            "median": 1.2371435023200001,
            "max": 1.4461931488200002,
            "min": 1.1806598588200001,
            "user": 0.552753615,
            "stddev": 0.07706995133534539,
            "system": 0.05380010500000001,
            "commit": "625f529fe9d6ce2364b811ffca904fe9876a0050",
            "version": "5.1.0"
        }
    ]
}