{
    "results": [
        {
            "command": "npm info jquery",
            "mean": 1.30341087873,
            "median": 0.9882143712300001,
            "max": 3.47775723323,
            "min": 0.8851818802300001,
            "user": 0.400192645,
            "stddev": 0.7902310943523699,
            "system": 0.046105765,
            "commit": "d78c8b51539f8c0e6dc87ad273d1138927a14bb6",
            "version": "5.7.0"
        }
    ]
}