{
    "results": [
        {
            "command": "npm info jquery",
            "mean": 1.1050352057000001,
            "median": 1.1036098079,
            "max": 1.2344547974,
            "min": 1.0159674744,
            "user": 0.49152524,
            "stddev": 0.06604246501992996,
            "system": 0.056394385000000005,
            "commit": "5a6bf953a7a70e2ca07c9f6fb23617c1da9d5e3f",
            "version": "3.13.1"
        }
    ]
}