{
    "results": [
        {
            "command": "npm install jquery",
            "mean": 13.463308624225002,
            "median": 12.812894811925002,
            "max": 17.746953979424998,
            "min": 12.241645747425,
            "user": 12.982334654999999,
            "stddev": 1.6287099219233352,
            "system": 0.622791345,
            "commit": "14671d8a10df9756f8990ac43a57d4c901e6a478",
            "version": "4.12.2"
        }
    ]
}