{
    "results": [
        {
            "command": null,
            "mean": 0.93894424,
            "median": 0.9148151973,
            "max": 1.0408006678000001,
            "min": 0.9017066298
        }
    ]
}