{
    "results": [
        {
            "command": "npm info jquery",
            "mean": 1.13602951569,
            "median": 1.09124012379,
            "max": 1.25592511879,
            "min": 1.05420757479,
            "user": 0.52333341,
            "stddev": 0.08361744094906319,
            "system": 0.05660528499999999,
            "commit": "14671d8a10df9756f8990ac43a57d4c901e6a478",
            "version": "4.12.2"
        }
    ]
}