{
    "results": [
        {
            "command": "npm install jquery",
            "mean": 18.793517549665005,
            "median": 16.681271293964997,
            "max": 24.605582272965,
            "min": 16.237091866965,
            "user": 18.031935255,
            "stddev": 3.5173212378843584,
            "system": 0.7929208149999999,
            "commit": "14671d8a10df9756f8990ac43a57d4c901e6a478",
            "version": "3.13.1"
        }
    ]
}