{
    "results": [
        {
            "command": null,
            "mean": 1.13602951569,
            "median": 1.09124012379,
            "max": 1.25592511879,
            "min": 1.05420757479
        }
    ]
}