{
    "results": [
        {
            "command": "npm info jquery",
            "mean": 1.29197438488,
            "median": 1.28179794018,
            "max": 1.42210686168,
            "min": 1.2211159356799999,
            "user": 0.55738517,
            "stddev": 0.05932882360081156,
            "system": 0.062905705,
            "commit": "14671d8a10df9756f8990ac43a57d4c901e6a478",
            "version": "5.1.2"
        }
    ]
}