{
    "results": [
        {
            "command": "npm info jquery",
            "mean": 0.9952622065650001,
            "median": 0.971308023365,
            "max": 1.166525047365,
            "min": 0.952268825365,
            "user": 0.435245625,
            "stddev": 0.06534183800663335,
            "system": 0.040083314999999994,
            "commit": "5983625ff78b968c86f902a118328e98dc4e76b1",
            "version": "3.13.1"
        }
    ]
}