{
    "results": [
        {
            "command": "npm info jquery",
            "mean": 1.0846486255600003,
            "median": 1.09465286736,
            "max": 1.17444320886,
            "min": 1.0162861138600001,
            "user": 0.49947197500000007,
            "stddev": 0.050771362525902,
            "system": 0.048112385,
            "commit": "95ed3db43ce681824c9b40fa7eb8b09039d053ea",
            "version": "3.13.1"
        }
    ]
}