{
    "results": [
        {
            "command": "npm info jquery",
            "mean": 0.8526347125200001,
            "median": 0.8499520842200001,
            "max": 0.9237877277200001,
            "min": 0.8210151007200001,
            "user": 0.42226112000000005,
            "stddev": 0.029938247634390926,
            "system": 0.037910774999999994,
            "commit": "54b17f4442f9ed8255656a66209476a220e94eea",
            "version": "4.12.1"
        }
    ]
}