{
    "results": [
        {
            "command": "npm info jquery",
            "mean": 1.0529735849500002,
            "median": 1.02438824385,
            "max": 1.1767009558500001,
            "min": 0.9430015018500001,
            "user": 0.4181232199999999,
            "stddev": 0.08449334997545307,
            "system": 0.04193208,
            "commit": "9e29bf88909c14e71ca0547ac6026186cc19edc0",
            "version": "3.13.1"
        }
    ]
}