{
    "results": [
        {
            "command": null,
            "mean": 1.335679564425,
            "median": 0.9145690012250001,
            "max": 4.797314497225,
            "min": 0.8786908482250001
        }
    ]
}