{
    "results": [
        {
            "command": null,
            "mean": 15.105183000900002,
            "median": 14.4994272261,
            "max": 20.160898197599998,
            "min": 14.0531607956
        }
    ]
}