{
    "results": [
        {
            "command": null,
            "mean": 16.99349521275,
            "median": 17.13765108725,
            "max": 18.95362968925,
            "min": 14.667377873249999
        }
    ]
}