{
    "results": [
        {
            "command": "npm install jquery",
            "mean": 11.533687906775,
            "median": 11.481459235175,
            "max": 12.487472446675001,
            "min": 11.223883546675001,
            "user": 11.068991775,
            "stddev": 0.3764910090451131,
            "system": 0.572622715,
            "commit": "9e29bf88909c14e71ca0547ac6026186cc19edc0",
            "version": "4.12.2"
        }
    ]
}