{
    "results": [
        {
            "command": "npm info jquery",
            "mean": 0.8416511826349999,
            "median": 0.8054488792350001,
            "max": 0.9402874692350001,
            "min": 0.7707282952350001,
            "user": 0.37763722499999997,
            "stddev": 0.07091014286493189,
            "system": 0.041254835,
            "commit": "9e29bf88909c14e71ca0547ac6026186cc19edc0",
            "version": "5.1.3"
        }
    ]
}