{
  "results": [
    {
      "command": "npm info jquery",
      "mean": 0.48348962687999997,
      "stddev": 0.2012143752467858,
      "median": 0.42203437308,
      "user": 0.36106787999999995,
      "system": 0.033829660000000004,
      "min": 0.39341769608,
      "max": 1.05311773108,
      "times": [
        0.42656974308,
        0.44041960608,
        0.41049247208,
        0.41749900308,
        0.39341769608,
        0.39933052208,
        0.39726611308,
        0.45267346008,
        0.44410992208,
        1.05311773108
      ],
      "exit_codes": [
        0,
        0,
        0,
        0,
        0,
        0,
        0,
        0,
        0,
        0
      ]
    }
  ]
}
