{
  "results": [
    {
      "command": "npm info jquery",
      "mean": 0.49559820063999993,
      "stddev": 0.019630943452911553,
      "median": 0.49806962244,
      "user": 0.43478165999999996,
      "system": 0.048252119999999996,
      "min": 0.46421624244000004,
      "max": 0.52152721244,
      "times": [
        0.5148067844399999,
        0.50267015844,
        0.49904769044,
        0.48715646944,
        0.49709155444,
        0.47379562044000006,
        0.47756829144,
        0.46421624244000004,
        0.5181019824399999,
        0.52152721244
      ],
      "exit_codes": [
        0,
        0,
        0,
        0,
        0,
        0,
        0,
        0,
        0,
        0
      ]
    }
  ]
}
