{
  "results": [
    {
      "command": "npm info jquery",
      "mean": 0.4072142940600001,
      "stddev": 0.02881292776642533,
      "median": 0.39847515176000003,
      "user": 0.35810904,
      "system": 0.030455700000000002,
      "min": 0.38821233926000004,
      "max": 0.48291430326000007,
      "times": [
        0.42578408126000006,
        0.48291430326000007,
        0.40147110026000005,
        0.39503830626,
        0.38821233926000004,
        0.40249196926,
        0.38867873626000005,
        0.39547920326,
        0.40312706626000006,
        0.38894583526000004
      ],
      "exit_codes": [
        0,
        0,
        0,
        0,
        0,
        0,
        0,
        0,
        0,
        0
      ]
    }
  ]
}
