{
  "results": [
    {
      "command": "npm info jquery",
      "mean": 0.5660289464999999,
      "stddev": 0.05658895848577693,
      "median": 0.5425957598,
      "user": 0.47029430000000005,
      "system": 0.052715,
      "min": 0.5070913853,
      "max": 0.6829538092999999,
      "times": [
        0.6238425683,
        0.5878080413,
        0.5070913853,
        0.6829538092999999,
        0.6000588513,
        0.5567142193,
        0.5215098953,
        0.5273541983,
        0.5284773003,
        0.5244791963
      ],
      "exit_codes": [
        0,
        0,
        0,
        0,
        0,
        0,
        0,
        0,
        0,
        0
      ]
    }
  ]
}
