{
    "results": [
        {
            "command": "npm info jquery",
            "mean": 0.9303822216600001,
            "median": 0.92011658336,
            "max": 1.0491198543600002,
            "min": 0.83392113536,
            "user": 0.439276495,
            "stddev": 0.0780437406173855,
            "system": 0.05179705,
            "commit": "6021d05f416de16d80c216177770f24fcedbca93",
            "version": "4.12.2"
        }
    ]
}