{
    "results": [
        {
            "command": null,
            "mean": 11.802632943485001,
            "median": 11.839285753785001,
            "max": 12.904360808785,
            "min": 10.593584344785
        }
    ]
}