{
    "results": [
        {
            "command": null,
            "mean": 0.968993973505,
            "median": 0.9219198221050001,
            "max": 1.2686280536049999,
            "min": 0.8702031966050001
        }
    ]
}