{
    "results": [
        {
            "command": null,
            "mean": 8.977993104514999,
            "median": 8.863597485115001,
            "max": 9.684488312115,
            "min": 8.704889147115
        }
    ]
}