{
    "results": [
        {
            "command": null,
            "mean": 1.313902477375,
            "median": 1.282839868975,
            "max": 1.5305818644750002,
            "min": 1.2638706854750001
        }
    ]
}