{
    "results": [
        {
            "command": "npm info jquery",
            "mean": 1.13217424414,
            "median": 1.0823707651399999,
            "max": 1.44431284164,
            "min": 0.98080859464,
            "user": 0.565718765,
            "stddev": 0.16624287549204406,
            "system": 0.05448370500000001,
            "commit": "b261741ef692a6348ec86cd0e0811db08376c312",
            "version": "3.13.1"
        }
    ]
}