{
    "results": [
        {
            "command": "npm info jquery",
            "mean": 0.9645841143400002,
            "median": 0.9421369748400001,
            "max": 1.17008271784,
            "min": 0.9169335368400001,
            "user": 0.49943114,
            "stddev": 0.07325235323726705,
            "system": 0.047929139999999995,
            "commit": "95ed3db43ce681824c9b40fa7eb8b09039d053ea",
            "version": "5.1.0"
        }
    ]
}