{
    "results": [
        {
            "command": "npm install jquery",
            "mean": 11.465413410735,
            "median": 11.430293471734998,
            "max": 12.282197166735,
            "min": 11.145410014734999,
            "user": 10.99272826,
            "stddev": 0.30815573417781056,
            "system": 0.557356755,
            "commit": "54b17f4442f9ed8255656a66209476a220e94eea",
            "version": "3.13.1"
        }
    ]
}