{
    "results": [
        {
            "command": "npm info jquery",
            "mean": 1.1055056204049998,
            "median": 1.0768074255050002,
            "max": 1.235394710005,
            "min": 1.052263836005,
            "user": 0.5273573450000001,
            "stddev": 0.06071173311984159,
            "system": 0.055000934999999994,
            "commit": "b6495d5b6c028fc7184912deaa1e7848846241a5",
            "version": "4.12.2"
        }
    ]
}