{
    "results": [
        {
            "command": "npm install jquery",
            "mean": 13.000806273305002,
            "median": 12.944075952304999,
            "max": 14.107310771305,
            "min": 12.637173434305,
            "user": 12.484369469999999,
            "stddev": 0.40380806910093375,
            "system": 0.65060586,
            "commit": "73e6863426497b61ff1b3e61b577909b70cf683d",
            "version": "4.12.1"
        }
    ]
}