{
    "results": [
        {
            "command": "npm info jquery",
            "mean": 1.220090667505,
            "median": 1.150482787505,
            "max": 1.491430974005,
            "min": 1.052709295005,
            "user": 0.5363789750000001,
            "stddev": 0.15493803370533113,
            "system": 0.05661966,
            "commit": "90b8bc242c9f801b1b91c7f31d10348ab860c677",
            "version": "5.1.2"
        }
    ]
}