{
    "results": [
        {
            "command": "npm info jquery",
            "mean": 1.0418279948050002,
            "median": 1.043348711605,
            "max": 1.091042100605,
            "min": 1.008032093605,
            "user": 0.499227665,
            "stddev": 0.026076185771972526,
            "system": 0.043461929999999996,
            "commit": "90b8bc242c9f801b1b91c7f31d10348ab860c677",
            "version": "4.12.2"
        }
    ]
}