{
    "results": [
        {
            "command": null,
            "mean": 14.16195864865,
            "median": 13.897172035050001,
            "max": 16.55495215905,
            "min": 13.70332379505
        }
    ]
}