{
    "results": [
        {
            "command": "npm info jquery",
            "mean": 0.88402737907,
            "median": 0.86136472087,
            "max": 0.9898451138700001,
            "min": 0.83836464587,
            "user": 0.43857320499999997,
            "stddev": 0.052902037602979096,
            "system": 0.046094895000000004,
            "commit": "90b8bc242c9f801b1b91c7f31d10348ab860c677",
            "version": "3.13.1"
        }
    ]
}