{
    "results": [
        {
            "command": null,
            "mean": 10.886442016549998,
            "median": 10.56037997595,
            "max": 12.06849451145,
            "min": 10.32981197545
        }
    ]
}