{
    "results": [
        {
            "command": null,
            "mean": 0.88402737907,
            "median": 0.86136472087,
            "max": 0.9898451138700001,
            "min": 0.83836464587
        }
    ]
}