{
    "results": [
        {
            "command": null,
            "mean": 1.220090667505,
            "median": 1.150482787505,
            "max": 1.491430974005,
            "min": 1.052709295005
        }
    ]
}