{
    "results": [
        {
            "command": "npm install jquery",
            "mean": 10.886442016549998,
            "median": 10.56037997595,
            "max": 12.06849451145,
            "min": 10.32981197545,
            "user": 11.109357139999998,
            "stddev": 0.6608669029317604,
            "system": 0.6039352100000001,
            "commit": "90b8bc242c9f801b1b91c7f31d10348ab860c677",
            "version": "3.13.1"
        }
    ]
}