{
    "results": [
        {
            "command": null,
            "mean": 11.264268549265001,
            "median": 11.198542300565,
            "max": 12.345652260065,
            "min": 10.971421902065002
        }
    ]
}