{
    "results": [
        {
            "command": "npm install jquery",
            "mean": 11.687628178335,
            "median": 11.622087721935,
            "max": 12.469164698935,
            "min": 11.402669831934999,
            "user": 11.036470885000002,
            "stddev": 0.3055043038846522,
            "system": 0.618219825,
            "commit": "b9a947aa2fc8c044a504c60c568e4d9a52c1904c",
            "version": "3.13.1"
        }
    ]
}