{
    "results": [
        {
            "command": null,
            "mean": 10.537999772200001,
            "median": 10.543381989700002,
            "max": 10.8073752742,
            "min": 10.2645400462
        }
    ]
}