{
    "results": [
        {
            "command": null,
            "mean": 10.644093288860002,
            "median": 10.62005594356,
            "max": 11.23781211156,
            "min": 10.34925029056
        }
    ]
}