{
    "results": [
        {
            "command": "npm info jquery",
            "mean": 0.9556456323399999,
            "median": 0.94932240054,
            "max": 0.99255758404,
            "min": 0.9257043180400001,
            "user": 0.51165577,
            "stddev": 0.01902040222671376,
            "system": 0.05267048999999999,
            "commit": "95ed3db43ce681824c9b40fa7eb8b09039d053ea",
            "version": "3.13.1"
        }
    ]
}