{
    "results": [
        {
            "command": null,
            "mean": 0.8479705241350001,
            "median": 0.8394001016350001,
            "max": 0.9601583971350001,
            "min": 0.811974042135
        }
    ]
}