{
    "results": [
        {
            "command": "npm install jquery",
            "mean": 15.291840033025,
            "median": 14.441185775725,
            "max": 18.717979792225,
            "min": 14.168287865224999,
            "user": 14.290101929999997,
            "stddev": 1.7596662112638433,
            "system": 0.7252849350000001,
            "commit": "935b4ff583afbd0491fdad755a4a9c129aac9736",
            "version": "4.12.2"
        }
    ]
}