{
    "results": [
        {
            "command": null,
            "mean": 11.11973825047,
            "median": 11.040244787270002,
            "max": 11.79255429727,
            "min": 10.80867686927
        }
    ]
}