{
    "results": [
        {
            "command": "npm info jquery",
            "mean": 0.8479705241350001,
            "median": 0.8394001016350001,
            "max": 0.9601583971350001,
            "min": 0.811974042135,
            "user": 0.40888437499999997,
            "stddev": 0.04169288229534875,
            "system": 0.04036802499999999,
            "commit": "935b4ff583afbd0491fdad755a4a9c129aac9736",
            "version": "4.12.2"
        }
    ]
}