{
    "results": [
        {
            "command": null,
            "mean": 15.291840033025,
            "median": 14.441185775725,
            "max": 18.717979792225,
            "min": 14.168287865224999
        }
    ]
}