{
    "results": [
        {
            "command": null,
            "mean": 1.001643941485,
            "median": 0.9862694966850001,
            "max": 1.194144841685,
            "min": 0.9147686536850002
        }
    ]
}