{
    "results": [
        {
            "command": "npm install jquery",
            "mean": 28.337925089925,
            "median": 28.305907710025,
            "max": 28.856882710025,
            "min": 27.699786964024998,
            "user": 27.537103859999995,
            "stddev": 0.32273033678882357,
            "system": 1.33529834,
            "commit": "52ec6b41e3d02277d421dd78bfb83798ce8461c1",
            "version": "3.13.1"
        }
    ]
}