{
    "results": [
        {
            "command": null,
            "mean": 24.354100427884998,
            "median": 24.273745373284996,
            "max": 25.198294282284998,
            "min": 23.577090099284998
        }
    ]
}