{
    "results": [
        {
            "command": "npm info jquery",
            "mean": 0.7982342898050001,
            "median": 0.779905929505,
            "max": 0.8854588230050001,
            "min": 0.7658780380050001,
            "user": 0.334843205,
            "stddev": 0.04591104245968089,
            "system": 0.042133825,
            "commit": "52ec6b41e3d02277d421dd78bfb83798ce8461c1",
            "version": "5.10.2"
        }
    ]
}