{
    "results": [
        {
            "command": null,
            "mean": 28.182070429284998,
            "median": 27.998856908184997,
            "max": 29.463076739185002,
            "min": 27.317891526185
        }
    ]
}