{
    "results": [
        {
            "command": null,
            "mean": 28.337925089925,
            "median": 28.305907710025,
            "max": 28.856882710025,
            "min": 27.699786964024998
        }
    ]
}