{
    "results": [
        {
            "command": "npm info jquery",
            "mean": 1.0010542325950003,
            "median": 0.989392994595,
            "max": 1.138956793595,
            "min": 0.886597177595,
            "user": 0.381848595,
            "stddev": 0.08409993961927686,
            "system": 0.054659784999999995,
            "commit": "52ec6b41e3d02277d421dd78bfb83798ce8461c1",
            "version": "3.13.1"
        }
    ]
}