{
    "results": [
        {
            "command": null,
            "mean": 0.7982342898050001,
            "median": 0.779905929505,
            "max": 0.8854588230050001,
            "min": 0.7658780380050001
        }
    ]
}