{
    "results": [
        {
            "command": null,
            "mean": 1.156955793745,
            "median": 1.1582159878449998,
            "max": 1.179499760345,
            "min": 1.132326102345
        }
    ]
}