{
    "results": [
        {
            "command": "npm info jquery",
            "mean": 0.986634753425,
            "median": 0.962366712625,
            "max": 1.096684027125,
            "min": 0.933601126125,
            "user": 0.529992485,
            "stddev": 0.0589034220819783,
            "system": 0.054819379999999994,
            "commit": "d6febce1d9fc4e52d9db43fc393ab6232ef59f12",
            "version": "5.2.2"
        }
    ]
}