{
    "results": [
        {
            "command": null,
            "mean": 14.605272897654999,
            "median": 14.536558923854999,
            "max": 15.282085824354999,
            "min": 14.186225763354999
        }
    ]
}