{
    "results": [
        {
            "command": null,
            "mean": 1.358451824005,
            "median": 1.1319457450050001,
            "max": 2.660212248505,
            "min": 0.9371786695050001
        }
    ]
}