{
    "results": [
        {
            "command": null,
            "mean": 0.891854824045,
            "median": 0.859131358145,
            "max": 0.979522708645,
            "min": 0.8490836246450001
        }
    ]
}