{
    "results": [
        {
            "command": null,
            "mean": 10.713770631329998,
            "median": 10.65586537563,
            "max": 11.20295331863,
            "min": 10.26662093863
        }
    ]
}