{
    "results": [
        {
            "command": "npm info jquery",
            "mean": 0.8905363368100001,
            "median": 0.86543980751,
            "max": 0.9968215275100001,
            "min": 0.8474767575100001,
            "user": 0.4364776900000001,
            "stddev": 0.05471776602281141,
            "system": 0.04389102,
            "commit": "d778f2cd18478410a5722fafb40713f7ea0baef7",
            "version": "5.3.0"
        }
    ]
}