{
    "results": [
        {
            "command": "npm install jquery",
            "mean": 11.802632943485001,
            "median": 11.839285753785001,
            "max": 12.904360808785,
            "min": 10.593584344785,
            "user": 11.491635160000001,
            "stddev": 0.6233422674706491,
            "system": 0.63040146,
            "commit": "6021d05f416de16d80c216177770f24fcedbca93",
            "version": "5.2.2"
        }
    ]
}