{
    "results": [
        {
            "command": "npm install jquery",
            "mean": 15.976432273039999,
            "median": 15.90893781414,
            "max": 16.851968599640003,
            "min": 15.10482339464,
            "user": 15.24147237,
            "stddev": 0.5039192566175087,
            "system": 0.7972891999999999,
            "commit": "b261741ef692a6348ec86cd0e0811db08376c312",
            "version": "4.12.2"
        }
    ]
}