{
    "results": [
        {
            "command": "npm install jquery",
            "mean": 13.741010662185,
            "median": 13.686692161585,
            "max": 14.762050346585001,
            "min": 13.372871126585,
            "user": 13.144594894999997,
            "stddev": 0.3779031080953893,
            "system": 0.6345108099999999,
            "commit": "95ed3db43ce681824c9b40fa7eb8b09039d053ea",
            "version": "5.1.0"
        }
    ]
}