{
    "results": [
        {
            "command": "npm info jquery",
            "mean": 0.941506708675,
            "median": 0.8936198239750001,
            "max": 1.3319645329749998,
            "min": 0.8626657199750001,
            "user": 0.44598526000000005,
            "stddev": 0.14182562757742756,
            "system": 0.037873355000000004,
            "commit": "5199775a0605ceea4453941c4eac6ceac03f0e13",
            "version": "5.7.0"
        }
    ]
}