{
    "results": [
        {
            "command": "npm info jquery",
            "mean": 0.8741196309600001,
            "median": 0.8629228235599999,
            "max": 1.0178445870600001,
            "min": 0.83700113806,
            "user": 0.42645236,
            "stddev": 0.0521222301858678,
            "system": 0.040508155000000004,
            "commit": "54b17f4442f9ed8255656a66209476a220e94eea",
            "version": "3.13.1"
        }
    ]
}