{
    "results": [
        {
            "command": "npm install jquery",
            "mean": 12.442400518454999,
            "median": 12.389574303155,
            "max": 13.085249794654999,
            "min": 12.109126007655,
            "user": 11.975466105,
            "stddev": 0.2682067912620171,
            "system": 0.6669294399999999,
            "commit": "fadba40a9f8813028dfc72f67192cd71a6ad2b43",
            "version": "6.0.0-6-next.31"
        }
    ]
}