{
    "results": [
        {
            "command": null,
            "mean": 10.365093193629999,
            "median": 10.327429242929998,
            "max": 10.991612212429999,
            "min": 10.12057529443
        }
    ]
}