{
    "results": [
        {
            "command": "npm info jquery",
            "mean": 1.1628222473399998,
            "median": 1.0739203486400002,
            "max": 1.68956634514,
            "min": 0.98086241914,
            "user": 0.4352744599999999,
            "stddev": 0.22429159457212827,
            "system": 0.05721849,
            "commit": "d78c8b51539f8c0e6dc87ad273d1138927a14bb6",
            "version": "4.12.2"
        }
    ]
}