{
    "results": [
        {
            "command": null,
            "mean": 1.04401892198,
            "median": 1.0107927456799999,
            "max": 1.36564052968,
            "min": 0.97521890168
        }
    ]
}