{
    "results": [
        {
            "command": null,
            "mean": 10.650590439455002,
            "median": 10.522829202855,
            "max": 11.331924845855001,
            "min": 10.342554678855
        }
    ]
}