{
    "results": [
        {
            "command": "npm install jquery",
            "mean": 11.723859512094998,
            "median": 11.249300424295,
            "max": 15.562668259295,
            "min": 10.833350605295,
            "user": 10.745471564999999,
            "stddev": 1.3960926850728357,
            "system": 0.524933205,
            "commit": "54b17f4442f9ed8255656a66209476a220e94eea",
            "version": "5.1.0"
        }
    ]
}