{
    "results": [
        {
            "command": "npm install jquery",
            "mean": 13.84931570546,
            "median": 13.71469361696,
            "max": 15.16412533496,
            "min": 13.40968997996,
            "user": 13.408096774999999,
            "stddev": 0.5037455377005433,
            "system": 0.6806980300000001,
            "commit": "f625c114bb5078200503bd165a495f4cd52a6e44",
            "version": "5.1.2"
        }
    ]
}