{
    "results": [
        {
            "command": null,
            "mean": 0.8713581005950001,
            "median": 0.8293436917950001,
            "max": 1.007549866295,
            "min": 0.7949367792950001
        }
    ]
}