{
    "results": [
        {
            "command": null,
            "mean": 1.24576728569,
            "median": 1.20614210439,
            "max": 1.40192453439,
            "min": 1.1524744973899999
        }
    ]
}