{
    "results": [
        {
            "command": null,
            "mean": 0.8269448284750001,
            "median": 0.812288961975,
            "max": 0.973834311975,
            "min": 0.7724858409750001
        }
    ]
}