{
    "results": [
        {
            "command": "npm install jquery",
            "mean": 22.148465657225,
            "median": 22.052228947125,
            "max": 22.946234331625,
            "min": 21.581488140624998,
            "user": 20.345925639999997,
            "stddev": 0.42313161769799834,
            "system": 1.092931655,
            "commit": "4afb06347abe1b433c4367b35a9e35b58484e1a0",
            "version": "5.10.2"
        }
    ]
}