{
    "results": [
        {
            "command": "npm info jquery",
            "mean": 1.24576728569,
            "median": 1.20614210439,
            "max": 1.40192453439,
            "min": 1.1524744973899999,
            "user": 0.44970029,
            "stddev": 0.08561835321467207,
            "system": 0.056094765000000005,
            "commit": "4afb06347abe1b433c4367b35a9e35b58484e1a0",
            "version": "4.12.2"
        }
    ]
}