{
    "results": [
        {
            "command": null,
            "mean": 22.680090724575003,
            "median": 22.661788421375,
            "max": 23.252791944375,
            "min": 22.130403343375
        }
    ]
}