{
    "results": [
        {
            "command": null,
            "mean": 26.715327586924996,
            "median": 26.706789525125,
            "max": 27.758403072125,
            "min": 25.679139916125
        }
    ]
}