{
    "results": [
        {
            "command": "npm info jquery",
            "mean": 0.8713581005950001,
            "median": 0.8293436917950001,
            "max": 1.007549866295,
            "min": 0.7949367792950001,
            "user": 0.33909340499999996,
            "stddev": 0.07841970649416054,
            "system": 0.047865945,
            "commit": "4afb06347abe1b433c4367b35a9e35b58484e1a0",
            "version": "3.13.1"
        }
    ]
}