{
    "results": [
        {
            "command": "npm install jquery",
            "mean": 12.669456483525,
            "median": 12.552178123025,
            "max": 13.504123812025,
            "min": 12.198627014025,
            "user": 11.758265394999999,
            "stddev": 0.4124627264406482,
            "system": 0.603607635,
            "commit": "95ed3db43ce681824c9b40fa7eb8b09039d053ea",
            "version": "3.13.1"
        }
    ]
}