{
    "results": [
        {
            "command": "npm install jquery",
            "mean": 12.905125956525001,
            "median": 12.300040687325,
            "max": 17.052631928825,
            "min": 11.980255914825,
            "user": 13.835160300000002,
            "stddev": 1.6217075975237965,
            "system": 0.73333899,
            "commit": "453bfadba09266442b4a540bcb535009fc7d6562",
            "version": "3.13.1"
        }
    ]
}