{
    "results": [
        {
            "command": "npm info jquery",
            "mean": 1.1275835769699998,
            "median": 1.1495966269699998,
            "max": 1.20535814797,
            "min": 1.03808650797,
            "user": 0.5882856049999999,
            "stddev": 0.0642727437756814,
            "system": 0.059987575,
            "commit": "30875acc70c8d85fb3cbe8117d304b68186b7a5c",
            "version": "5.1.3"
        }
    ]
}