{
    "results": [
        {
            "command": "npm info jquery",
            "mean": 1.1549169299300002,
            "median": 1.11829250903,
            "max": 1.53522496453,
            "min": 0.9616797815300001,
            "user": 0.4143176599999999,
            "stddev": 0.17631308678592547,
            "system": 0.048635569999999996,
            "commit": "d2f9013ece8fc3b37e16e9748d03bce2acd7aba5",
            "version": "4.12.2"
        }
    ]
}