{
    "results": [
        {
            "command": "npm info jquery",
            "mean": 1.0705590214050003,
            "median": 0.9793342116050001,
            "max": 2.048827541105,
            "min": 0.8025522151050001,
            "user": 0.41969162000000004,
            "stddev": 0.36416919610097226,
            "system": 0.052583139999999993,
            "commit": "128cd6898def9c0879c4f687f4067b2cf9191482",
            "version": "6.0.0-6-next.27"
        }
    ]
}