{
    "results": [
        {
            "command": "npm info jquery",
            "mean": 0.93453796933,
            "median": 0.9353517290300002,
            "max": 0.9977141865300001,
            "min": 0.9015081795300001,
            "user": 0.490458015,
            "stddev": 0.029062899764994807,
            "system": 0.04899560000000001,
            "commit": "8a8f2b6774d50c12ce8d0e87e3e4f847478a0e10",
            "version": "3.13.1"
        }
    ]
}