{
    "results": [
        {
            "command": "npm info jquery",
            "mean": 0.9692782164400002,
            "median": 0.9528412938400002,
            "max": 1.12869628384,
            "min": 0.91405300184,
            "user": 0.5277519399999999,
            "stddev": 0.06411493021200554,
            "system": 0.046127815,
            "commit": "8a8f2b6774d50c12ce8d0e87e3e4f847478a0e10",
            "version": "4.12.2"
        }
    ]
}