{
    "results": [
        {
            "command": null,
            "mean": 1.0220771240400002,
            "median": 1.0138146296400001,
            "max": 1.09184559914,
            "min": 0.9760957801400001
        }
    ]
}