{
    "results": [
        {
            "command": "npm install jquery",
            "mean": 13.491002992635,
            "median": 13.391612250235001,
            "max": 14.595570772235,
            "min": 12.932174722235,
            "user": 12.754548920000001,
            "stddev": 0.4482023643339204,
            "system": 0.6613722149999999,
            "commit": "8a8f2b6774d50c12ce8d0e87e3e4f847478a0e10",
            "version": "3.13.1"
        }
    ]
}