{
    "results": [
        {
            "command": null,
            "mean": 13.491002992635,
            "median": 13.391612250235001,
            "max": 14.595570772235,
            "min": 12.932174722235
        }
    ]
}