{
    "results": [
        {
            "command": "npm install jquery",
            "mean": 12.259467799415,
            "median": 11.807458959715,
            "max": 16.416798103215,
            "min": 11.478603772215001,
            "user": 11.518583005,
            "stddev": 1.502493655531331,
            "system": 0.5752946849999999,
            "commit": "8a8f2b6774d50c12ce8d0e87e3e4f847478a0e10",
            "version": "4.12.2"
        }
    ]
}