{
    "results": [
        {
            "command": "npm install jquery",
            "mean": 12.340296600445,
            "median": 12.132397228544999,
            "max": 13.599880457045,
            "min": 11.864892280045,
            "user": 11.561922954999998,
            "stddev": 0.4964298497239083,
            "system": 0.6373011399999999,
            "commit": "90b8bc242c9f801b1b91c7f31d10348ab860c677",
            "version": "5.1.2"
        }
    ]
}