{
    "results": [
        {
            "command": "npm info jquery",
            "mean": 1.0285539347550001,
            "median": 1.0118888260549999,
            "max": 1.1449087385549999,
            "min": 0.9932866235550001,
            "user": 0.5686303249999999,
            "stddev": 0.04471775048385006,
            "system": 0.06295731,
            "commit": "3d45cecf04827712eb724a113e415dbda8ea2d90",
            "version": "3.13.1"
        }
    ]
}