{
    "results": [
        {
            "command": "npm install jquery",
            "mean": 16.961398235820003,
            "median": 16.753342805120003,
            "max": 18.63935833712,
            "min": 16.195789189120003,
            "user": 16.046478084999997,
            "stddev": 0.6923397496889451,
            "system": 0.8423807099999999,
            "commit": "73d34bf9c4d9e3318d1519e02f3ba24975c4c867",
            "version": "3.13.1"
        }
    ]
}