{
    "results": [
        {
            "command": "npm info jquery",
            "mean": 0.8331247327200002,
            "median": 0.8334846742200002,
            "max": 0.8509360937200001,
            "min": 0.80409686972,
            "user": 0.417228115,
            "stddev": 0.012926066190472662,
            "system": 0.04360241499999999,
            "commit": "3d45cecf04827712eb724a113e415dbda8ea2d90",
            "version": "4.12.2"
        }
    ]
}