{
    "results": [
        {
            "command": "npm install jquery",
            "mean": 14.485131982004997,
            "median": 14.336941044805002,
            "max": 15.209930582305,
            "min": 14.187860263305001,
            "user": 13.842262434999999,
            "stddev": 0.3265131561899968,
            "system": 0.7523029649999999,
            "commit": "d36beaf650acff98a6d6119a1af2545169075eb3",
            "version": "5.3.0"
        }
    ]
}