{
    "results": [
        {
            "command": "npm install jquery",
            "mean": 16.014405132474998,
            "median": 15.360869316675,
            "max": 20.267863253174998,
            "min": 14.889668463175001,
            "user": 15.09951276,
            "stddev": 1.6362315737451738,
            "system": 0.7832089250000001,
            "commit": "c168b4e47a600d56f786a380d652478d7763153b",
            "version": "5.1.3"
        }
    ]
}