{
    "results": [
        {
            "command": "npm info jquery",
            "mean": 1.12323230882,
            "median": 0.9433413788200001,
            "max": 2.65862504032,
            "min": 0.8824105063200001,
            "user": 0.4991438899999999,
            "stddev": 0.541740811384022,
            "system": 0.04530005499999999,
            "commit": "b6495d5b6c028fc7184912deaa1e7848846241a5",
            "version": "3.13.1"
        }
    ]
}