{
    "results": [
        {
            "command": null,
            "mean": 16.526941317404997,
            "median": 15.430530336605,
            "max": 22.365938710105,
            "min": 14.723496675105
        }
    ]
}