{
    "results": [
        {
            "command": null,
            "mean": 14.105442168709999,
            "median": 13.41402285441,
            "max": 19.19228377091,
            "min": 13.18247469991
        }
    ]
}