{
    "results": [
        {
            "command": null,
            "mean": 1.0521022356449998,
            "median": 1.047948368645,
            "max": 1.0989729586449999,
            "min": 0.9941593166450001
        }
    ]
}