{
    "results": [
        {
            "command": null,
            "mean": 11.689609603490002,
            "median": 11.60374316319,
            "max": 12.82949560319,
            "min": 11.34625776319
        }
    ]
}