{
    "results": [
        {
            "command": null,
            "mean": 1.25944809435,
            "median": 1.2582553082499999,
            "max": 1.33581272875,
            "min": 1.20263270675
        }
    ]
}