{
    "results": [
        {
            "command": "npm install jquery",
            "mean": 15.513280764730002,
            "median": 15.50709050523,
            "max": 16.661931885730002,
            "min": 14.67743115473,
            "user": 14.860743115,
            "stddev": 0.6304258168457328,
            "system": 0.7366071399999998,
            "commit": "be2626fcd55b4b2fdce438f3123549c18a8a94af",
            "version": "5.1.2"
        }
    ]
}