{
    "results": [
        {
            "command": "npm info jquery",
            "mean": 1.25944809435,
            "median": 1.2582553082499999,
            "max": 1.33581272875,
            "min": 1.20263270675,
            "user": 0.51597603,
            "stddev": 0.03936544080166924,
            "system": 0.058294339999999986,
            "commit": "be2626fcd55b4b2fdce438f3123549c18a8a94af",
            "version": "4.12.2"
        }
    ]
}