{
    "results": [
        {
            "command": null,
            "mean": 1.0862085153749999,
            "median": 1.060498468675,
            "max": 1.3568081926750002,
            "min": 1.020073672675
        }
    ]
}