{
    "results": [
        {
            "command": null,
            "mean": 1.2783988232100003,
            "median": 1.24927361911,
            "max": 1.43669817511,
            "min": 1.22285845111
        }
    ]
}