{
    "results": [
        {
            "command": null,
            "mean": 14.176997179119999,
            "median": 14.14844598782,
            "max": 14.62888212282,
            "min": 13.70001283582
        }
    ]
}