{
    "results": [
        {
            "command": null,
            "mean": 1.283376035735,
            "median": 1.275491591735,
            "max": 1.362203313235,
            "min": 1.234436015235
        }
    ]
}