{
    "results": [
        {
            "command": null,
            "mean": 14.772286187815002,
            "median": 14.616995289615001,
            "max": 15.723145107615,
            "min": 14.055206432615
        }
    ]
}