{
    "results": [
        {
            "command": "npm info jquery",
            "mean": 1.1254360464300002,
            "median": 1.1293640525300002,
            "max": 1.21501917053,
            "min": 1.07506025353,
            "user": 0.41004030500000005,
            "stddev": 0.04080595138724406,
            "system": 0.04930699000000001,
            "commit": "2def2ca635f81d9a3808a9a68cc0b686dc4324da",
            "version": "3.13.1"
        }
    ]
}