{
    "results": [
        {
            "command": null,
            "mean": 11.08087360513,
            "median": 11.08397415513,
            "max": 11.995315195129999,
            "min": 10.35546001413
        }
    ]
}