{
    "results": [
        {
            "command": "npm install jquery",
            "mean": 12.52698779839,
            "median": 12.39218631609,
            "max": 13.55324053359,
            "min": 12.197896168589999,
            "user": 11.815100914999999,
            "stddev": 0.38347415096803683,
            "system": 0.6465874,
            "commit": "b261741ef692a6348ec86cd0e0811db08376c312",
            "version": "3.13.1"
        }
    ]
}