{
    "results": [
        {
            "command": "npm info jquery",
            "mean": 0.91763334346,
            "median": 0.8754151532600001,
            "max": 1.03423012976,
            "min": 0.8563133847600001,
            "user": 0.427606225,
            "stddev": 0.06520187908194984,
            "system": 0.04561910500000001,
            "commit": "b261741ef692a6348ec86cd0e0811db08376c312",
            "version": "3.13.1"
        }
    ]
}