{
    "results": [
        {
            "command": null,
            "mean": 15.367044579999998,
            "median": 15.252952557499999,
            "max": 16.959365375,
            "min": 14.881057580999999
        }
    ]
}