{
    "results": [
        {
            "command": "npm info jquery",
            "mean": 0.9828043573350002,
            "median": 0.9535909695350001,
            "max": 1.118587526035,
            "min": 0.9227348870350001,
            "user": 0.509431145,
            "stddev": 0.06556225453181093,
            "system": 0.06713615999999999,
            "commit": "b261741ef692a6348ec86cd0e0811db08376c312",
            "version": "6.0.0-6-next.24"
        }
    ]
}