{
    "results": [
        {
            "command": null,
            "mean": 13.327459172060003,
            "median": 13.30808319126,
            "max": 14.03701808276,
            "min": 12.963689814759999
        }
    ]
}