{
    "results": [
        {
            "command": null,
            "mean": 0.9828043573350002,
            "median": 0.9535909695350001,
            "max": 1.118587526035,
            "min": 0.9227348870350001
        }
    ]
}