{
    "results": [
        {
            "command": "npm install jquery",
            "mean": 13.327459172060003,
            "median": 13.30808319126,
            "max": 14.03701808276,
            "min": 12.963689814759999,
            "user": 12.899505639999997,
            "stddev": 0.30616705650145254,
            "system": 0.68600354,
            "commit": "b261741ef692a6348ec86cd0e0811db08376c312",
            "version": "4.12.2"
        }
    ]
}