{
    "results": [
        {
            "command": "npm install jquery",
            "mean": 15.367044579999998,
            "median": 15.252952557499999,
            "max": 16.959365375,
            "min": 14.881057580999999,
            "user": 14.588535515,
            "stddev": 0.6032627627629129,
            "system": 0.7742974749999999,
            "commit": "b261741ef692a6348ec86cd0e0811db08376c312",
            "version": "6.0.0-6-next.24"
        }
    ]
}