{
    "results": [
        {
            "command": null,
            "mean": 0.9328151505949999,
            "median": 0.914966520695,
            "max": 1.064149727695,
            "min": 0.897418573695
        }
    ]
}