{
    "results": [
        {
            "command": "npm info jquery",
            "mean": 0.8727335273050002,
            "median": 0.8716339644050001,
            "max": 0.903754325905,
            "min": 0.8438856039050001,
            "user": 0.446076025,
            "stddev": 0.01782393832244419,
            "system": 0.039220475000000005,
            "commit": "9e29bf88909c14e71ca0547ac6026186cc19edc0",
            "version": "4.12.2"
        }
    ]
}