{
    "results": [
        {
            "command": null,
            "mean": 9.978852454824999,
            "median": 9.871925500425,
            "max": 10.822299800425,
            "min": 9.587367528425
        }
    ]
}