{
    "results": [
        {
            "command": null,
            "mean": 1.109202220995,
            "median": 1.081656347695,
            "max": 1.332871503195,
            "min": 1.0504169791950002
        }
    ]
}