{
    "results": [
        {
            "command": "npm info jquery",
            "mean": 1.109202220995,
            "median": 1.081656347695,
            "max": 1.332871503195,
            "min": 1.0504169791950002,
            "user": 0.52064664,
            "stddev": 0.0824383106261645,
            "system": 0.05797993,
            "commit": "e0d639a1a6c9db97eea51882723ad253f3aa3a85",
            "version": "5.5.0"
        }
    ]
}