{
    "results": [
        {
            "command": null,
            "mean": 11.851229149205,
            "median": 11.751580084405,
            "max": 12.914377968904999,
            "min": 11.470371576905
        }
    ]
}