{
    "results": [
        {
            "command": "npm info jquery",
            "mean": 1.22647216602,
            "median": 1.02099625882,
            "max": 1.81959448082,
            "min": 0.82225367282,
            "user": 0.408430695,
            "stddev": 0.4231604450554769,
            "system": 0.046870215,
            "commit": "e0d639a1a6c9db97eea51882723ad253f3aa3a85",
            "version": "4.12.2"
        }
    ]
}