{
    "results": [
        {
            "command": "npm install jquery",
            "mean": 14.60521320445,
            "median": 14.530353441550002,
            "max": 15.248394011050001,
            "min": 14.29420868705,
            "user": 13.82093706,
            "stddev": 0.3017251986833958,
            "system": 0.8160516399999999,
            "commit": "4cd71c64091e8788b858b212b86d5286de160fe3",
            "version": "5.5.2"
        }
    ]
}