{
    "results": [
        {
            "command": "npm info jquery",
            "mean": 1.1996232280449999,
            "median": 1.184061276345,
            "max": 1.271150091845,
            "min": 1.167132104845,
            "user": 0.48983273499999996,
            "stddev": 0.03814109954319137,
            "system": 0.057807779999999996,
            "commit": "1a3b0db56302ee80b898379044eda5b2d73473c1",
            "version": "5.3.0"
        }
    ]
}