{
    "results": [
        {
            "command": null,
            "mean": 0.8911616061100002,
            "median": 0.85086324981,
            "max": 1.0970380638100001,
            "min": 0.83120258681
        }
    ]
}