{
    "results": [
        {
            "command": "npm install jquery",
            "mean": 10.19938228922,
            "median": 10.15644873982,
            "max": 11.29887268932,
            "min": 9.289032254319999,
            "user": 9.381690005,
            "stddev": 0.61035120968688,
            "system": 0.52475427,
            "commit": "1a3b0db56302ee80b898379044eda5b2d73473c1",
            "version": "5.3.0"
        }
    ]
}