{
    "results": [
        {
            "command": null,
            "mean": 12.572210350845001,
            "median": 12.567065569145,
            "max": 13.106922925645,
            "min": 12.105735894645
        }
    ]
}