{
    "results": [
        {
            "command": "npm install jquery",
            "mean": 13.377160979934999,
            "median": 13.275562527635,
            "max": 14.947501643135,
            "min": 12.993493649134999,
            "user": 12.530986039999998,
            "stddev": 0.5672766904665453,
            "system": 0.699807675,
            "commit": "2b4f8a1b63e0d2980fb5f0589ca09aac22d3859a",
            "version": "4.12.2"
        }
    ]
}