{
    "results": [
        {
            "command": "npm info jquery",
            "mean": 1.1931031442199997,
            "median": 1.1460684107199999,
            "max": 1.44569834272,
            "min": 1.10192057072,
            "user": 0.5557382150000001,
            "stddev": 0.12077562421349379,
            "system": 0.066504975,
            "commit": "2091f268d39654b175500e1962ed783effbb57f6",
            "version": "6.0.0-6-next.24"
        }
    ]
}