{
    "results": [
        {
            "command": "npm install jquery",
            "mean": 12.232327572760003,
            "median": 11.71464197916,
            "max": 16.363878016159997,
            "min": 11.39224910916,
            "user": 11.549294975,
            "stddev": 1.5059889090810163,
            "system": 0.585968615,
            "commit": "7c75776c84033f8ae7222d34462d9c4d472b6497",
            "version": "4.12.2"
        }
    ]
}