{
    "results": [
        {
            "command": "npm info jquery",
            "mean": 0.9584801260899999,
            "median": 0.9495532736900001,
            "max": 1.07330561569,
            "min": 0.9051655056900001,
            "user": 0.505965515,
            "stddev": 0.04730289362751921,
            "system": 0.06306326,
            "commit": "3d45cecf04827712eb724a113e415dbda8ea2d90",
            "version": "4.12.2"
        }
    ]
}