{
    "results": [
        {
            "command": "npm install jquery",
            "mean": 12.301172960789998,
            "median": 12.197080265290001,
            "max": 13.26700003129,
            "min": 11.98735506829,
            "user": 11.690278975,
            "stddev": 0.39473587404492944,
            "system": 0.5472550499999999,
            "commit": "95ed3db43ce681824c9b40fa7eb8b09039d053ea",
            "version": "4.12.1"
        }
    ]
}