{
    "results": [
        {
            "command": "npm info jquery",
            "mean": 0.915554868315,
            "median": 0.889275727315,
            "max": 1.050969289315,
            "min": 0.8754081623150001,
            "user": 0.46788754999999993,
            "stddev": 0.05952124272023314,
            "system": 0.04984258999999999,
            "commit": "8ea24df16ad114430feb85827b7effb0cd2f5bc3",
            "version": "6.0.0-6-next.31"
        }
    ]
}