{
    "results": [
        {
            "command": "npm info jquery",
            "mean": 0.8345199033550001,
            "median": 0.8404195478550001,
            "max": 0.8518671903550001,
            "min": 0.8107540753550001,
            "user": 0.4156272550000001,
            "stddev": 0.013829699222788585,
            "system": 0.04469384999999999,
            "commit": "4cd71c64091e8788b858b212b86d5286de160fe3",
            "version": "3.13.1"
        }
    ]
}