{
    "results": [
        {
            "command": null,
            "mean": 10.295394468869999,
            "median": 10.281811195869999,
            "max": 11.01980354987,
            "min": 9.78276749887
        }
    ]
}