{
    "results": [
        {
            "command": null,
            "mean": 1.2587094180350002,
            "median": 1.241780282535,
            "max": 1.380568740535,
            "min": 1.206416414535
        }
    ]
}