{
    "results": [
        {
            "command": "npm info jquery",
            "mean": 1.03628093366,
            "median": 0.99642666076,
            "max": 1.1433791422600001,
            "min": 0.96739604826,
            "user": 0.422775795,
            "stddev": 0.07300518231391538,
            "system": 0.048648844999999996,
            "commit": "fae5093d96e0a0819f477c8e3d52edfb70810d86",
            "version": "5.7.0"
        }
    ]
}