{
    "results": [
        {
            "command": "npm info jquery",
            "mean": 1.0876172518899998,
            "median": 1.08165432199,
            "max": 1.13227075849,
            "min": 1.04098803249,
            "user": 0.5250694799999999,
            "stddev": 0.03395617587839931,
            "system": 0.050476019999999996,
            "commit": "73e6863426497b61ff1b3e61b577909b70cf683d",
            "version": "4.12.1"
        }
    ]
}