{
    "results": [
        {
            "command": "npm info jquery",
            "mean": 1.0835433995800001,
            "median": 1.09513934458,
            "max": 1.20561690608,
            "min": 0.97990033008,
            "user": 0.43010038999999994,
            "stddev": 0.087353001921759,
            "system": 0.049017265,
            "commit": "128cd6898def9c0879c4f687f4067b2cf9191482",
            "version": "3.13.1"
        }
    ]
}