{
    "results": [
        {
            "command": "npm install jquery",
            "mean": 16.668527143905,
            "median": 15.984942066704999,
            "max": 22.733205052705,
            "min": 15.591742897704998,
            "user": 16.146239795,
            "stddev": 2.1562361433908768,
            "system": 0.79459092,
            "commit": "b261741ef692a6348ec86cd0e0811db08376c312",
            "version": "3.13.1"
        }
    ]
}