{
    "results": [
        {
            "command": null,
            "mean": 1.308814175385,
            "median": 1.315607784685,
            "max": 1.400650820185,
            "min": 1.248590855185
        }
    ]
}