{
    "results": [
        {
            "command": "npm install jquery",
            "mean": 13.145206491775,
            "median": 12.566282813975,
            "max": 17.484006188975,
            "min": 12.130481838975,
            "user": 12.606960359999999,
            "stddev": 1.5727011092562202,
            "system": 0.6875356499999999,
            "commit": "b261741ef692a6348ec86cd0e0811db08376c312",
            "version": "5.1.3"
        }
    ]
}