{
    "results": [
        {
            "command": null,
            "mean": 15.051662293615,
            "median": 14.918520587315,
            "max": 16.135218979315002,
            "min": 14.131682862315
        }
    ]
}