{
    "results": [
        {
            "command": "npm install jquery",
            "mean": 15.051662293615,
            "median": 14.918520587315,
            "max": 16.135218979315002,
            "min": 14.131682862315,
            "user": 14.319243105000002,
            "stddev": 0.6305638132520395,
            "system": 0.689433235,
            "commit": "b261741ef692a6348ec86cd0e0811db08376c312",
            "version": "6.0.0-6-next.24"
        }
    ]
}