{
    "results": [
        {
            "command": null,
            "mean": 0.9359755640150003,
            "median": 0.887939212015,
            "max": 1.0730308975149998,
            "min": 0.866694297515
        }
    ]
}