{
    "results": [
        {
            "command": "npm info jquery",
            "mean": 1.308814175385,
            "median": 1.315607784685,
            "max": 1.400650820185,
            "min": 1.248590855185,
            "user": 0.5668723299999998,
            "stddev": 0.04165830699471999,
            "system": 0.06520084000000001,
            "commit": "b261741ef692a6348ec86cd0e0811db08376c312",
            "version": "5.1.3"
        }
    ]
}