{
    "results": [
        {
            "command": null,
            "mean": 17.373744814080005,
            "median": 17.455976540480002,
            "max": 18.060819814480002,
            "min": 16.801965304480003
        }
    ]
}