{
    "results": [
        {
            "command": "npm info jquery",
            "mean": 0.893422339405,
            "median": 0.8479343237050001,
            "max": 1.134129999705,
            "min": 0.8122776297050001,
            "user": 0.426917945,
            "stddev": 0.1064337973690443,
            "system": 0.05002917,
            "commit": "b261741ef692a6348ec86cd0e0811db08376c312",
            "version": "4.12.2"
        }
    ]
}