{
    "results": [
        {
            "command": "npm install jquery",
            "mean": 14.318727669074999,
            "median": 14.110808247875,
            "max": 15.832018858875,
            "min": 13.920866535875,
            "user": 13.346765009999999,
            "stddev": 0.5649005851428569,
            "system": 0.7876427300000001,
            "commit": "a15c915b171517c69bbb1198b1b0d5367feac923",
            "version": "4.12.2"
        }
    ]
}