{
    "results": [
        {
            "command": "npm info jquery",
            "mean": 1.04127793133,
            "median": 0.97106941893,
            "max": 1.4053379399300001,
            "min": 0.90164981993,
            "user": 0.4933366599999999,
            "stddev": 0.1685419410865101,
            "system": 0.056703815000000005,
            "commit": "4cd71c64091e8788b858b212b86d5286de160fe3",
            "version": "4.12.2"
        }
    ]
}