{
    "results": [
        {
            "command": "npm install jquery",
            "mean": 9.877179698700001,
            "median": 9.7922912852,
            "max": 10.962488045699999,
            "min": 9.480452615699999,
            "user": 8.793659020000002,
            "stddev": 0.40080743371974825,
            "system": 0.493923185,
            "commit": "5983625ff78b968c86f902a118328e98dc4e76b1",
            "version": "4.12.2"
        }
    ]
}