{
    "results": [
        {
            "command": "npm install jquery",
            "mean": 11.462272268364998,
            "median": 11.291254658965,
            "max": 12.614380042465,
            "min": 11.174757124465,
            "user": 10.956967939999998,
            "stddev": 0.43570252365422835,
            "system": 0.54660015,
            "commit": "1042f9bf76d86b582bd779111487e193a2d731ab",
            "version": "5.1.3"
        }
    ]
}