{
    "results": [
        {
            "command": "npm install jquery",
            "mean": 14.348608121789999,
            "median": 14.15229662459,
            "max": 15.50104761059,
            "min": 13.42175097659,
            "user": 13.263042770000002,
            "stddev": 0.6453446204749427,
            "system": 0.704878755,
            "commit": "90b8bc242c9f801b1b91c7f31d10348ab860c677",
            "version": "4.12.2"
        }
    ]
}