{
    "results": [
        {
            "command": "npm info jquery",
            "mean": 1.2780571352549999,
            "median": 1.240759440355,
            "max": 1.473603625855,
            "min": 1.203990975855,
            "user": 0.554461165,
            "stddev": 0.08143955094125112,
            "system": 0.05839577,
            "commit": "95ed3db43ce681824c9b40fa7eb8b09039d053ea",
            "version": "5.1.0"
        }
    ]
}