{
    "results": [
        {
            "command": "npm install jquery",
            "mean": 12.719456140690003,
            "median": 12.60112604259,
            "max": 13.55764215009,
            "min": 12.38265478709,
            "user": 12.353698765,
            "stddev": 0.34570891028368234,
            "system": 0.6218542749999999,
            "commit": "b261741ef692a6348ec86cd0e0811db08376c312",
            "version": "4.12.2"
        }
    ]
}