{
    "results": [
        {
            "command": "npm info jquery",
            "mean": 1.2189599261850002,
            "median": 1.179211412685,
            "max": 1.3672815471850002,
            "min": 1.138695450185,
            "user": 0.48289177499999997,
            "stddev": 0.07943637136629748,
            "system": 0.04287526000000001,
            "commit": "b970102bfc79742dc3f637927ba00a74159101ec",
            "version": "3.13.1"
        }
    ]
}