{
    "results": [
        {
            "command": "npm install jquery",
            "mean": 15.881963740945,
            "median": 15.883203600344999,
            "max": 16.394270148345,
            "min": 15.547991969344999,
            "user": 15.376852594999997,
            "stddev": 0.27397034957829874,
            "system": 0.76601756,
            "commit": "b970102bfc79742dc3f637927ba00a74159101ec",
            "version": "5.1.3"
        }
    ]
}