{
    "results": [
        {
            "command": null,
            "mean": 1.0308579994850002,
            "median": 1.002388480885,
            "max": 1.2089045653850001,
            "min": 0.977296610385
        }
    ]
}