{
    "results": [
        {
            "command": "npm info jquery",
            "mean": 1.0440979592300001,
            "median": 1.0295672418300001,
            "max": 1.18419954033,
            "min": 0.94328321133,
            "user": 0.427473195,
            "stddev": 0.08441776988227769,
            "system": 0.051144480000000006,
            "commit": "b970102bfc79742dc3f637927ba00a74159101ec",
            "version": "5.1.3"
        }
    ]
}