{
    "results": [
        {
            "command": null,
            "mean": 15.881963740945,
            "median": 15.883203600344999,
            "max": 16.394270148345,
            "min": 15.547991969344999
        }
    ]
}