{
    "results": [
        {
            "command": null,
            "mean": 1.2189599261850002,
            "median": 1.179211412685,
            "max": 1.3672815471850002,
            "min": 1.138695450185
        }
    ]
}