{
    "results": [
        {
            "command": null,
            "mean": 13.940714989915,
            "median": 13.792778823115,
            "max": 14.914354448615,
            "min": 13.194643107615
        }
    ]
}