{
    "results": [
        {
            "command": null,
            "mean": 1.0440979592300001,
            "median": 1.0295672418300001,
            "max": 1.18419954033,
            "min": 0.94328321133
        }
    ]
}