{
    "results": [
        {
            "command": null,
            "mean": 11.43146009634,
            "median": 11.348117508040001,
            "max": 12.34637432004,
            "min": 11.07793821904
        }
    ]
}