{
    "results": [
        {
            "command": "npm info jquery",
            "mean": 1.3885361545200001,
            "median": 1.3395875076200001,
            "max": 1.7317074536200001,
            "min": 1.1444599286200001,
            "user": 0.5381800300000001,
            "stddev": 0.21045828310830447,
            "system": 0.052913854999999996,
            "commit": "b56d5cec39bc19828fd67dd476d72dcf983c107f",
            "version": "4.12.2"
        }
    ]
}