{
    "results": [
        {
            "command": "npm install jquery",
            "mean": 12.754724040595002,
            "median": 12.683816377294999,
            "max": 13.410392383295,
            "min": 12.405144678294999,
            "user": 11.881739425000001,
            "stddev": 0.31343873224207297,
            "system": 0.6363822050000001,
            "commit": "91fff48cb1978310403ac05a493a84da5e003baa",
            "version": "5.3.0"
        }
    ]
}