{
    "results": [
        {
            "command": "npm install jquery",
            "mean": 10.339559898825,
            "median": 10.240277835325,
            "max": 11.565338133325,
            "min": 9.897043186325,
            "user": 9.510306255,
            "stddev": 0.4671970383519727,
            "system": 0.5155710649999998,
            "commit": "937bbd045450864b909f14ef900601cc297c33b3",
            "version": "5.3.0"
        }
    ]
}