{
    "results": [
        {
            "command": null,
            "mean": 1.095417270995,
            "median": 1.0830076903950001,
            "max": 1.196394485395,
            "min": 1.0481431243950001
        }
    ]
}