{
    "results": [
        {
            "command": "npm info jquery",
            "mean": 1.095417270995,
            "median": 1.0830076903950001,
            "max": 1.196394485395,
            "min": 1.0481431243950001,
            "user": 0.513998215,
            "stddev": 0.042076560033385266,
            "system": 0.06985907,
            "commit": "937bbd045450864b909f14ef900601cc297c33b3",
            "version": "4.12.2"
        }
    ]
}