{
    "results": [
        {
            "command": "npm info jquery",
            "mean": 1.0259806670949998,
            "median": 1.0172152786950002,
            "max": 1.0870411556950001,
            "min": 0.9869042716950001,
            "user": 0.5700591450000001,
            "stddev": 0.032593205875329476,
            "system": 0.064395625,
            "commit": "95ed3db43ce681824c9b40fa7eb8b09039d053ea",
            "version": "4.12.1"
        }
    ]
}