{
    "results": [
        {
            "command": "npm info jquery",
            "mean": 0.9068933985700001,
            "median": 0.86939379927,
            "max": 1.08702167127,
            "min": 0.8316025772700001,
            "user": 0.42827114499999996,
            "stddev": 0.08323473616116517,
            "system": 0.052618664999999995,
            "commit": "d04153a8e5323d2fa6512f7b4e11f03eab6448f0",
            "version": "5.2.2"
        }
    ]
}