{
    "results": [
        {
            "command": "npm info jquery",
            "mean": 1.0561319846850001,
            "median": 1.0235236037850002,
            "max": 1.304590054785,
            "min": 0.9977703357850001,
            "user": 0.5777197999999999,
            "stddev": 0.09162440214134848,
            "system": 0.06064183499999999,
            "commit": "82cb0f2bff899df3c35f7637f3b5c1067b160b60",
            "version": "5.7.0"
        }
    ]
}