{
    "results": [
        {
            "command": "npm install jquery",
            "mean": 11.539510963409999,
            "median": 10.93650964391,
            "max": 17.18320824291,
            "min": 10.55696848491,
            "user": 10.665915429999998,
            "stddev": 1.9913189813759233,
            "system": 0.6084149400000001,
            "commit": "d04153a8e5323d2fa6512f7b4e11f03eab6448f0",
            "version": "4.12.2"
        }
    ]
}