{
    "results": [
        {
            "command": "npm install jquery",
            "mean": 16.29111977938,
            "median": 15.66743167558,
            "max": 21.339764380080002,
            "min": 15.16455940708,
            "user": 15.403308325000001,
            "stddev": 1.8653730617759499,
            "system": 0.7403226549999999,
            "commit": "1042f9bf76d86b582bd779111487e193a2d731ab",
            "version": "6.0.0-6-next.23"
        }
    ]
}