{
    "results": [
        {
            "command": "npm info jquery",
            "mean": 0.9857675540949999,
            "median": 0.9098424437950001,
            "max": 1.385192440795,
            "min": 0.8387076417950001,
            "user": 0.42776773500000004,
            "stddev": 0.16955280508624987,
            "system": 0.044369615,
            "commit": "4fc14eab0231a9c65391005d42dd899c6308896d",
            "version": "5.7.0"
        }
    ]
}