{
    "results": [
        {
            "command": "npm info jquery",
            "mean": 0.8772530191150002,
            "median": 0.852520620615,
            "max": 0.9744957511150001,
            "min": 0.8263128111150001,
            "user": 0.43233098,
            "stddev": 0.0569046136751699,
            "system": 0.040719174999999996,
            "commit": "2197d08e425086d721b5da8f7dfe03130ab140df",
            "version": "3.13.1"
        }
    ]
}