{
    "results": [
        {
            "command": "npm info jquery",
            "mean": 0.8600347471950001,
            "median": 0.8492144296949999,
            "max": 0.962287644195,
            "min": 0.832175258195,
            "user": 0.41453266,
            "stddev": 0.03876716328669176,
            "system": 0.04346473499999999,
            "commit": "95ed3db43ce681824c9b40fa7eb8b09039d053ea",
            "version": "3.13.1"
        }
    ]
}