{
    "results": [
        {
            "command": "npm install jquery",
            "mean": 12.7522965022,
            "median": 12.642660556300001,
            "max": 13.608525697800001,
            "min": 12.371352699800001,
            "user": 14.054349269999998,
            "stddev": 0.3516639427325904,
            "system": 0.78126333,
            "commit": "136771eb393d0a6a9f0b0738c0554d1085c44081",
            "version": "6.0.0-6-next.24"
        }
    ]
}