{
    "results": [
        {
            "command": "npm info jquery",
            "mean": 1.0768022134900002,
            "median": 1.09202684959,
            "max": 1.14464991059,
            "min": 1.00554810859,
            "user": 0.4957413,
            "stddev": 0.05095974307164335,
            "system": 0.05836725499999999,
            "commit": "73d34bf9c4d9e3318d1519e02f3ba24975c4c867",
            "version": "5.1.0"
        }
    ]
}