{
    "results": [
        {
            "command": null,
            "mean": 10.5213669364,
            "median": 10.3243960058,
            "max": 11.4674428308,
            "min": 9.6940073818
        }
    ]
}