{
    "results": [
        {
            "command": null,
            "mean": 1.11907017895,
            "median": 1.04416940735,
            "max": 1.5457671403500002,
            "min": 0.97021788435
        }
    ]
}