{
    "results": [
        {
            "command": "npm info jquery",
            "mean": 1.252596751535,
            "median": 1.009042411635,
            "max": 2.271330234135,
            "min": 0.8984148651350001,
            "user": 0.46028711499999997,
            "stddev": 0.4877804729178169,
            "system": 0.05530779500000001,
            "commit": "a049eaa38f5f830681d035fd013dedd0dfde54b6",
            "version": "3.13.1"
        }
    ]
}