{
    "results": [
        {
            "command": null,
            "mean": 1.252596751535,
            "median": 1.009042411635,
            "max": 2.271330234135,
            "min": 0.8984148651350001
        }
    ]
}