{
    "results": [
        {
            "command": null,
            "mean": 1.344321017935,
            "median": 1.204005113435,
            "max": 2.254852204935,
            "min": 0.987018039935
        }
    ]
}