{
    "results": [
        {
            "command": null,
            "mean": 11.914887410825,
            "median": 11.902877699825,
            "max": 12.249613572325,
            "min": 11.623992152325
        }
    ]
}