{
    "results": [
        {
            "command": null,
            "mean": 10.789344025505,
            "median": 10.714670032805,
            "max": 11.406959413805,
            "min": 10.533622730805
        }
    ]
}