{
    "results": [
        {
            "command": "npm install jquery",
            "mean": 11.650681186345,
            "median": 11.496035387145,
            "max": 13.379397180145,
            "min": 11.129071382145002,
            "user": 10.751196919999998,
            "stddev": 0.6622944716660684,
            "system": 0.6169331699999999,
            "commit": "02be97fc3a2c641ada1a3b48818156338b74313f",
            "version": "6.0.0-6-next.27"
        }
    ]
}