{
    "results": [
        {
            "command": "npm install jquery",
            "mean": 13.06891845542,
            "median": 13.01516144892,
            "max": 14.15993215392,
            "min": 12.51879038792,
            "user": 12.442411920000001,
            "stddev": 0.46574232118282677,
            "system": 0.658853415,
            "commit": "c168b4e47a600d56f786a380d652478d7763153b",
            "version": "6.0.0-6-next.24"
        }
    ]
}