{
    "results": [
        {
            "command": null,
            "mean": 1.1052083107700001,
            "median": 1.08290710787,
            "max": 1.31723465737,
            "min": 1.0377370803700001
        }
    ]
}