{
    "results": [
        {
            "command": null,
            "mean": 13.06891845542,
            "median": 13.01516144892,
            "max": 14.15993215392,
            "min": 12.51879038792
        }
    ]
}