{
    "results": [
        {
            "command": "npm install jquery",
            "mean": 16.20972604402,
            "median": 15.545013216420001,
            "max": 21.33970383242,
            "min": 15.08328295942,
            "user": 15.643374805000002,
            "stddev": 1.896077977286162,
            "system": 0.80265265,
            "commit": "c168b4e47a600d56f786a380d652478d7763153b",
            "version": "3.13.1"
        }
    ]
}