{
    "results": [
        {
            "command": "npm info jquery",
            "mean": 1.2933668261200002,
            "median": 1.27996852472,
            "max": 1.43766965172,
            "min": 1.18048107672,
            "user": 0.6761892850000001,
            "stddev": 0.07694169696882447,
            "system": 0.065014525,
            "commit": "c168b4e47a600d56f786a380d652478d7763153b",
            "version": "5.1.3"
        }
    ]
}