{
    "results": [
        {
            "command": null,
            "mean": 1.2976291224999998,
            "median": 1.2709792277,
            "max": 1.4374290127,
            "min": 1.2304630387000002
        }
    ]
}