{
    "results": [
        {
            "command": "npm info jquery",
            "mean": 1.1052083107700001,
            "median": 1.08290710787,
            "max": 1.31723465737,
            "min": 1.0377370803700001,
            "user": 0.5086997799999999,
            "stddev": 0.08210425395781519,
            "system": 0.05050718499999999,
            "commit": "c168b4e47a600d56f786a380d652478d7763153b",
            "version": "3.13.1"
        }
    ]
}