{
    "results": [
        {
            "command": null,
            "mean": 1.2933668261200002,
            "median": 1.27996852472,
            "max": 1.43766965172,
            "min": 1.18048107672
        }
    ]
}