{
    "results": [
        {
            "command": null,
            "mean": 1.185035674235,
            "median": 1.177002630135,
            "max": 1.323977145635,
            "min": 1.093538875635
        }
    ]
}