{
    "results": [
        {
            "command": "npm info jquery",
            "mean": 1.2712446075500003,
            "median": 1.24075301425,
            "max": 1.48830604475,
            "min": 1.17554682775,
            "user": 0.49584991,
            "stddev": 0.09782972654206784,
            "system": 0.05251367999999999,
            "commit": "8a8f2b6774d50c12ce8d0e87e3e4f847478a0e10",
            "version": "5.1.2"
        }
    ]
}