{
    "results": [
        {
            "command": null,
            "mean": 12.242153022715,
            "median": 12.054853721714998,
            "max": 13.736361101715,
            "min": 11.885385766715
        }
    ]
}