{
    "results": [
        {
            "command": null,
            "mean": 1.07272895501,
            "median": 1.0210066906100002,
            "max": 1.5885616046100002,
            "min": 0.9925084566100001
        }
    ]
}