{
    "results": [
        {
            "command": null,
            "mean": 12.24068378966,
            "median": 12.19612851856,
            "max": 13.336774505060001,
            "min": 11.41216674306
        }
    ]
}