{
    "results": [
        {
            "command": null,
            "mean": 13.907106713355,
            "median": 14.000833131855,
            "max": 15.892393947855,
            "min": 12.298636499855
        }
    ]
}