{
    "results": [
        {
            "command": "npm info jquery",
            "mean": 1.084369814845,
            "median": 1.083202936545,
            "max": 1.172575604045,
            "min": 1.028117785045,
            "user": 0.498764485,
            "stddev": 0.04724358324340753,
            "system": 0.05150685999999999,
            "commit": "1042f9bf76d86b582bd779111487e193a2d731ab",
            "version": "6.0.0-6-next.23"
        }
    ]
}