{
    "results": [
        {
            "command": "npm install jquery",
            "mean": 10.263059912695002,
            "median": 10.121285906795,
            "max": 10.992936555795001,
            "min": 9.935654917795,
            "user": 9.510512254999998,
            "stddev": 0.3622401544513683,
            "system": 0.5366706200000001,
            "commit": "4cd71c64091e8788b858b212b86d5286de160fe3",
            "version": "6.0.0-6-next.31"
        }
    ]
}