{
    "results": [
        {
            "command": "npm install jquery",
            "mean": 11.998803187625,
            "median": 11.941915611025,
            "max": 13.323957165525,
            "min": 11.577870368525,
            "user": 11.007637830000002,
            "stddev": 0.49898993592128404,
            "system": 0.571314425,
            "commit": "54b17f4442f9ed8255656a66209476a220e94eea",
            "version": "5.1.0"
        }
    ]
}