{
    "results": [
        {
            "command": "npm info jquery",
            "mean": 1.0280466993400001,
            "median": 1.0221266630399999,
            "max": 1.13128822104,
            "min": 0.95574252804,
            "user": 0.41944222,
            "stddev": 0.056759870711638544,
            "system": 0.051482070000000005,
            "commit": "4cd71c64091e8788b858b212b86d5286de160fe3",
            "version": "3.13.1"
        }
    ]
}