{
    "results": [
        {
            "command": "npm install jquery",
            "mean": 11.810322281150002,
            "median": 11.53569605905,
            "max": 13.768540196050001,
            "min": 11.300111764050001,
            "user": 10.982871524999998,
            "stddev": 0.7403408770395932,
            "system": 0.5692652099999999,
            "commit": "2645ae2e48e2e7feb7cba414c83991269b169870",
            "version": "3.13.1"
        }
    ]
}