{
    "results": [
        {
            "command": "npm info jquery",
            "mean": 1.4749803451250003,
            "median": 1.457807480125,
            "max": 1.6482181551250001,
            "min": 1.345822882125,
            "user": 0.649311395,
            "stddev": 0.10616932912890094,
            "system": 0.07715662,
            "commit": "c168b4e47a600d56f786a380d652478d7763153b",
            "version": "4.12.2"
        }
    ]
}