{
    "results": [
        {
            "command": null,
            "mean": 20.094261075035,
            "median": 20.089701694935002,
            "max": 20.475011469435,
            "min": 19.730054275435002
        }
    ]
}