{
    "results": [
        {
            "command": null,
            "mean": 0.967611373095,
            "median": 0.9518627000950001,
            "max": 1.110389390095,
            "min": 0.936247268095
        }
    ]
}