{
    "results": [
        {
            "command": null,
            "mean": 27.460487127759997,
            "median": 26.14090318596,
            "max": 40.62119135396,
            "min": 25.04219568596
        }
    ]
}