{
    "results": [
        {
            "command": null,
            "mean": 0.8255664975450001,
            "median": 0.8080191839450002,
            "max": 0.925326678445,
            "min": 0.794535196445
        }
    ]
}