{
    "results": [
        {
            "command": "npm info jquery",
            "mean": 1.026114497315,
            "median": 1.0082345231149998,
            "max": 1.134523399615,
            "min": 0.9738380176150001,
            "user": 0.4368947649999999,
            "stddev": 0.05774447379583122,
            "system": 0.05212182,
            "commit": "c40eae41dee2fe7c5826738b86b318cd86ca268f",
            "version": "5.7.0"
        }
    ]
}