{
    "results": [
        {
            "command": "npm info jquery",
            "mean": 1.074338547905,
            "median": 0.9740711829049999,
            "max": 1.621817003405,
            "min": 0.9563547114050001,
            "user": 0.5416057049999999,
            "stddev": 0.20780889302089212,
            "system": 0.053807434999999994,
            "commit": "c40eae41dee2fe7c5826738b86b318cd86ca268f",
            "version": "3.13.1"
        }
    ]
}