{
    "results": [
        {
            "command": null,
            "mean": 1.04905126588,
            "median": 1.0421700145800001,
            "max": 1.1409246835800002,
            "min": 0.9855471435800001
        }
    ]
}