{
    "results": [
        {
            "command": null,
            "mean": 9.990545060010001,
            "median": 9.85778573431,
            "max": 10.63072051481,
            "min": 9.59565550281
        }
    ]
}