{
    "results": [
        {
            "command": null,
            "mean": 12.282661484880002,
            "median": 12.23481804378,
            "max": 12.84483460078,
            "min": 11.87864691778
        }
    ]
}