{
    "results": [
        {
            "command": "npm info jquery",
            "mean": 1.01749161994,
            "median": 0.99730336914,
            "max": 1.14303339064,
            "min": 0.9721664076400001,
            "user": 0.555062055,
            "stddev": 0.05302787109529135,
            "system": 0.070989715,
            "commit": "136771eb393d0a6a9f0b0738c0554d1085c44081",
            "version": "4.12.2"
        }
    ]
}