{
    "results": [
        {
            "command": "npm install jquery",
            "mean": 11.570866026055,
            "median": 11.469141873755,
            "max": 13.143023823255,
            "min": 11.106621462255001,
            "user": 12.307655275,
            "stddev": 0.5809980734066315,
            "system": 0.6882735649999999,
            "commit": "136771eb393d0a6a9f0b0738c0554d1085c44081",
            "version": "3.13.1"
        }
    ]
}