{
    "results": [
        {
            "command": null,
            "mean": 1.2512373740700002,
            "median": 1.2217416598700002,
            "max": 1.41049678687,
            "min": 1.17789305087
        }
    ]
}