{
    "results": [
        {
            "command": null,
            "mean": 10.071238935984999,
            "median": 9.598625309185,
            "max": 12.387243429185,
            "min": 9.040637498185001
        }
    ]
}