{
    "results": [
        {
            "command": "npm info jquery",
            "mean": 1.2512373740700002,
            "median": 1.2217416598700002,
            "max": 1.41049678687,
            "min": 1.17789305087,
            "user": 0.4595927099999999,
            "stddev": 0.0778974544919856,
            "system": 0.06093224500000001,
            "commit": "136771eb393d0a6a9f0b0738c0554d1085c44081",
            "version": "5.1.3"
        }
    ]
}