{
    "results": [
        {
            "command": "npm info jquery",
            "mean": 1.1498512650400001,
            "median": 1.09561371014,
            "max": 1.4289049121400001,
            "min": 1.0617383631400001,
            "user": 0.5115465349999999,
            "stddev": 0.13508421798368417,
            "system": 0.048128569999999996,
            "commit": "586f1b06845b2c43e0f308915ab0a3c2c68999c2",
            "version": "3.13.1"
        }
    ]
}