{
    "results": [
        {
            "command": "npm install jquery",
            "mean": 16.23417368306,
            "median": 16.12860965636,
            "max": 17.74033308536,
            "min": 15.76613713236,
            "user": 15.336369285,
            "stddev": 0.555758966022664,
            "system": 0.788016735,
            "commit": "09a7cf345658047a85d44d0b85594c58270cdf26",
            "version": "3.13.1"
        }
    ]
}