{
    "results": [
        {
            "command": "npm install jquery",
            "mean": 12.683079421685001,
            "median": 12.544465905385,
            "max": 14.356468900885,
            "min": 12.030900522885,
            "user": 11.411837764999998,
            "stddev": 0.718845582947141,
            "system": 0.609436175,
            "commit": "4cd71c64091e8788b858b212b86d5286de160fe3",
            "version": "4.12.2"
        }
    ]
}