{
    "results": [
        {
            "command": "npm install jquery",
            "mean": 16.339046306344997,
            "median": 16.231923264445,
            "max": 18.131685483945,
            "min": 15.740077561945,
            "user": 15.680732270000002,
            "stddev": 0.6923711544886925,
            "system": 0.7417871549999999,
            "commit": "95ed3db43ce681824c9b40fa7eb8b09039d053ea",
            "version": "5.1.0"
        }
    ]
}