{
    "results": [
        {
            "command": "npm info jquery",
            "mean": 1.18215463066,
            "median": 1.10905037166,
            "max": 1.59172274566,
            "min": 1.06867041566,
            "user": 0.5448733750000001,
            "stddev": 0.17642505581791948,
            "system": 0.052921465,
            "commit": "a2877ab03c84790029ea89cc676567e1f625c52f",
            "version": "5.1.2"
        }
    ]
}