{
    "results": [
        {
            "command": null,
            "mean": 16.551426752824998,
            "median": 16.473007581925,
            "max": 17.833098005425,
            "min": 16.035015637425
        }
    ]
}