{
    "results": [
        {
            "command": "npm install jquery",
            "mean": 15.256012310485,
            "median": 15.142681300385,
            "max": 16.654708585885,
            "min": 14.759724233885,
            "user": 14.74193176,
            "stddev": 0.5307061167350389,
            "system": 0.676336895,
            "commit": "7c75776c84033f8ae7222d34462d9c4d472b6497",
            "version": "3.13.1"
        }
    ]
}