{
    "results": [
        {
            "command": "npm info jquery",
            "mean": 1.2275395255700003,
            "median": 1.21261336867,
            "max": 1.6639955666700001,
            "min": 1.0717078586700002,
            "user": 0.5344404349999999,
            "stddev": 0.1769071429673624,
            "system": 0.06371372499999997,
            "commit": "7c75776c84033f8ae7222d34462d9c4d472b6497",
            "version": "4.12.2"
        }
    ]
}