{
    "results": [
        {
            "command": "npm info jquery",
            "mean": 1.1299088223500002,
            "median": 1.06597822715,
            "max": 1.53604923365,
            "min": 0.9877664356500001,
            "user": 0.560789375,
            "stddev": 0.18627013340459495,
            "system": 0.06412433000000001,
            "commit": "7c75776c84033f8ae7222d34462d9c4d472b6497",
            "version": "5.1.2"
        }
    ]
}