{
    "results": [
        {
            "command": null,
            "mean": 15.256012310485,
            "median": 15.142681300385,
            "max": 16.654708585885,
            "min": 14.759724233885
        }
    ]
}