{
    "results": [
        {
            "command": "npm info jquery",
            "mean": 0.9373127897050001,
            "median": 0.907232238505,
            "max": 1.086289400005,
            "min": 0.881210174005,
            "user": 0.48085036499999995,
            "stddev": 0.06658927298072885,
            "system": 0.04926054999999999,
            "commit": "7c75776c84033f8ae7222d34462d9c4d472b6497",
            "version": "3.13.1"
        }
    ]
}