{
    "results": [
        {
            "command": null,
            "mean": 0.9373127897050001,
            "median": 0.907232238505,
            "max": 1.086289400005,
            "min": 0.881210174005
        }
    ]
}