{
    "results": [
        {
            "command": null,
            "mean": 12.1421465407,
            "median": 11.0587713886,
            "max": 17.2459412536,
            "min": 10.7124783066
        }
    ]
}