{
    "results": [
        {
            "command": null,
            "mean": 13.111696103805002,
            "median": 12.577353239505001,
            "max": 18.624011003505,
            "min": 12.326443201505
        }
    ]
}