{
    "results": [
        {
            "command": "npm install jquery",
            "mean": 15.449022057434998,
            "median": 11.752962009234999,
            "max": 39.445618385235,
            "min": 11.329210323235,
            "user": 14.730596084999998,
            "stddev": 8.683632367552084,
            "system": 0.743067285,
            "commit": "1042f9bf76d86b582bd779111487e193a2d731ab",
            "version": "5.1.3"
        }
    ]
}