{
    "results": [
        {
            "command": null,
            "mean": 1.011080457285,
            "median": 0.951331422485,
            "max": 1.324715215985,
            "min": 0.941890740985
        }
    ]
}