{
    "results": [
        {
            "command": null,
            "mean": 1.0014243097600002,
            "median": 0.99828747106,
            "max": 1.10082842606,
            "min": 0.9394011230600001
        }
    ]
}