{
    "results": [
        {
            "command": "npm info jquery",
            "mean": 1.0014243097600002,
            "median": 0.99828747106,
            "max": 1.10082842606,
            "min": 0.9394011230600001,
            "user": 0.4366091200000001,
            "stddev": 0.04333054149525242,
            "system": 0.041495815,
            "commit": "1042f9bf76d86b582bd779111487e193a2d731ab",
            "version": "5.1.3"
        }
    ]
}