{
    "results": [
        {
            "command": null,
            "mean": 1.1389772609799997,
            "median": 1.11458680028,
            "max": 1.34502597728,
            "min": 1.0488908612799999
        }
    ]
}