{
    "results": [
        {
            "command": null,
            "mean": 14.438615918954998,
            "median": 13.865526825555001,
            "max": 19.279451872554997,
            "min": 13.101589615555
        }
    ]
}