{
    "results": [
        {
            "command": "npm info jquery",
            "mean": 0.9620776059450001,
            "median": 0.837496558445,
            "max": 1.7143889674450001,
            "min": 0.783276232445,
            "user": 0.41268238499999993,
            "stddev": 0.28235939672196964,
            "system": 0.045819395,
            "commit": "8a8f2b6774d50c12ce8d0e87e3e4f847478a0e10",
            "version": "4.12.2"
        }
    ]
}