{
    "results": [
        {
            "command": null,
            "mean": 12.34359160906,
            "median": 12.255449034960002,
            "max": 13.84771114646,
            "min": 11.786520965460001
        }
    ]
}