{
    "results": [
        {
            "command": null,
            "mean": 1.2712446075500003,
            "median": 1.24075301425,
            "max": 1.48830604475,
            "min": 1.17554682775
        }
    ]
}