{
    "results": [
        {
            "command": null,
            "mean": 0.9620776059450001,
            "median": 0.837496558445,
            "max": 1.7143889674450001,
            "min": 0.783276232445
        }
    ]
}