{
    "results": [
        {
            "command": null,
            "mean": 16.331219721800004,
            "median": 15.6466638115,
            "max": 21.521301708000003,
            "min": 15.405262337
        }
    ]
}