{
    "results": [
        {
            "command": "npm install jquery",
            "mean": 14.605272897654999,
            "median": 14.536558923854999,
            "max": 15.282085824354999,
            "min": 14.186225763354999,
            "user": 14.055971679999999,
            "stddev": 0.376653632700873,
            "system": 0.7367329899999999,
            "commit": "a049eaa38f5f830681d035fd013dedd0dfde54b6",
            "version": "5.7.0"
        }
    ]
}