{
    "results": [
        {
            "command": "npm install jquery",
            "mean": 13.440178931744999,
            "median": 13.365706734645,
            "max": 14.616055476645,
            "min": 13.068496263645,
            "user": 12.980486029999998,
            "stddev": 0.4521942764557442,
            "system": 0.6604132149999999,
            "commit": "54b17f4442f9ed8255656a66209476a220e94eea",
            "version": "3.13.1"
        }
    ]
}