{
    "results": [
        {
            "command": "npm install jquery",
            "mean": 16.005537191789998,
            "median": 15.887717444389999,
            "max": 16.52422822739,
            "min": 15.59180833339,
            "user": 15.192590504999998,
            "stddev": 0.3125789864998673,
            "system": 0.819505425,
            "commit": "d78c8b51539f8c0e6dc87ad273d1138927a14bb6",
            "version": "5.7.0"
        }
    ]
}