{
    "results": [
        {
            "command": null,
            "mean": 12.22281509713,
            "median": 12.14509369883,
            "max": 13.32023241233,
            "min": 11.741526059329999
        }
    ]
}