{
    "results": [
        {
            "command": null,
            "mean": 12.08125603398,
            "median": 12.00573384418,
            "max": 12.97673331368,
            "min": 11.72782187368
        }
    ]
}