{
    "results": [
        {
            "command": "npm install jquery",
            "mean": 12.22281509713,
            "median": 12.14509369883,
            "max": 13.32023241233,
            "min": 11.741526059329999,
            "user": 11.59205662,
            "stddev": 0.4888340065547049,
            "system": 0.6620201049999999,
            "commit": "4cd71c64091e8788b858b212b86d5286de160fe3",
            "version": "4.12.2"
        }
    ]
}