{
    "results": [
        {
            "command": null,
            "mean": 1.3751672302250004,
            "median": 1.254266172625,
            "max": 1.777085161125,
            "min": 1.205058213125
        }
    ]
}