{
    "results": [
        {
            "command": "npm install jquery",
            "mean": 15.909937005574998,
            "median": 15.157648709775,
            "max": 21.186457399275,
            "min": 14.814985846275,
            "user": 15.353064095000002,
            "stddev": 1.955995603376732,
            "system": 0.7571360850000001,
            "commit": "586f1b06845b2c43e0f308915ab0a3c2c68999c2",
            "version": "3.13.1"
        }
    ]
}