{
    "results": [
        {
            "command": "npm install jquery",
            "mean": 11.764354589249999,
            "median": 11.66012658085,
            "max": 12.86162322235,
            "min": 11.08844509935,
            "user": 11.103524199999999,
            "stddev": 0.4604926525722844,
            "system": 0.5845225499999998,
            "commit": "586f1b06845b2c43e0f308915ab0a3c2c68999c2",
            "version": "4.12.2"
        }
    ]
}