{
    "results": [
        {
            "command": "npm info jquery",
            "mean": 1.2703309512749998,
            "median": 1.227767159175,
            "max": 1.514113965675,
            "min": 1.187355837675,
            "user": 0.4969409099999999,
            "stddev": 0.10444814715044638,
            "system": 0.05033971,
            "commit": "586f1b06845b2c43e0f308915ab0a3c2c68999c2",
            "version": "4.12.2"
        }
    ]
}