{
    "results": [
        {
            "command": null,
            "mean": 15.909937005574998,
            "median": 15.157648709775,
            "max": 21.186457399275,
            "min": 14.814985846275
        }
    ]
}