{
    "results": [
        {
            "command": null,
            "mean": 1.2703309512749998,
            "median": 1.227767159175,
            "max": 1.514113965675,
            "min": 1.187355837675
        }
    ]
}