{
    "results": [
        {
            "command": "npm info jquery",
            "mean": 1.3751672302250004,
            "median": 1.254266172625,
            "max": 1.777085161125,
            "min": 1.205058213125,
            "user": 0.521944875,
            "stddev": 0.22220315754900416,
            "system": 0.054666885,
            "commit": "586f1b06845b2c43e0f308915ab0a3c2c68999c2",
            "version": "5.1.2"
        }
    ]
}