{
    "results": [
        {
            "command": "npm info jquery",
            "mean": 0.9309077852500002,
            "median": 0.8861314352500002,
            "max": 1.07349518725,
            "min": 0.8653648342500001,
            "user": 0.43483053499999996,
            "stddev": 0.08548564646097105,
            "system": 0.048172919999999994,
            "commit": "91fff48cb1978310403ac05a493a84da5e003baa",
            "version": "5.3.0"
        }
    ]
}