{
    "results": [
        {
            "command": "npm info jquery",
            "mean": 1.086834309165,
            "median": 1.026276025365,
            "max": 1.4412363348650001,
            "min": 0.965928552865,
            "user": 0.432554725,
            "stddev": 0.14660982705330838,
            "system": 0.0505339,
            "commit": "b261741ef692a6348ec86cd0e0811db08376c312",
            "version": "5.1.3"
        }
    ]
}