{
    "results": [
        {
            "command": "npm install jquery",
            "mean": 15.035383427695004,
            "median": 14.929662268595001,
            "max": 16.106202028095,
            "min": 14.653266492095002,
            "user": 14.381403174999997,
            "stddev": 0.4047683367632366,
            "system": 0.8704634200000001,
            "commit": "6021d05f416de16d80c216177770f24fcedbca93",
            "version": "3.13.1"
        }
    ]
}