{
    "results": [
        {
            "command": "npm info jquery",
            "mean": 0.9790500327250001,
            "median": 0.903577480125,
            "max": 1.220929692125,
            "min": 0.8615359491250001,
            "user": 0.47549831,
            "stddev": 0.13079853746646278,
            "system": 0.044710765,
            "commit": "d04153a8e5323d2fa6512f7b4e11f03eab6448f0",
            "version": "4.12.2"
        }
    ]
}