{
    "results": [
        {
            "command": "npm info jquery",
            "mean": 0.961185852455,
            "median": 0.937109980055,
            "max": 1.0950428835550001,
            "min": 0.9102972165550001,
            "user": 0.492243355,
            "stddev": 0.05632257801951873,
            "system": 0.05864012499999999,
            "commit": "f625c114bb5078200503bd165a495f4cd52a6e44",
            "version": "4.12.2"
        }
    ]
}