{
    "results": [
        {
            "command": "npm info jquery",
            "mean": 1.027026306295,
            "median": 1.0227210284950001,
            "max": 1.0762907614950001,
            "min": 0.9733678264950001,
            "user": 0.46143343000000003,
            "stddev": 0.03988015363584303,
            "system": 0.050963435,
            "commit": "9e29bf88909c14e71ca0547ac6026186cc19edc0",
            "version": "5.1.3"
        }
    ]
}