{
    "results": [
        {
            "command": "npm info jquery",
            "mean": 0.8804408555850001,
            "median": 0.856227874585,
            "max": 0.994635313585,
            "min": 0.8437113445850001,
            "user": 0.424165715,
            "stddev": 0.052832359755910226,
            "system": 0.05337215500000001,
            "commit": "2b4f8a1b63e0d2980fb5f0589ca09aac22d3859a",
            "version": "4.12.2"
        }
    ]
}