{
    "results": [
        {
            "command": "npm info jquery",
            "mean": 0.870041486465,
            "median": 0.8704979795650001,
            "max": 0.9024981350650001,
            "min": 0.8208946630650001,
            "user": 0.440669005,
            "stddev": 0.022398011850571605,
            "system": 0.05029109999999999,
            "commit": "2b4f8a1b63e0d2980fb5f0589ca09aac22d3859a",
            "version": "5.2.2"
        }
    ]
}