{
    "results": [
        {
            "command": null,
            "mean": 0.9410410518500001,
            "median": 0.92385624995,
            "max": 1.00391784595,
            "min": 0.90828191995
        }
    ]
}