{
    "results": [
        {
            "command": null,
            "mean": 1.03754914712,
            "median": 0.99237136652,
            "max": 1.2643385090200001,
            "min": 0.95104459802
        }
    ]
}