{
    "results": [
        {
            "command": null,
            "mean": 9.588111228239999,
            "median": 9.51708109574,
            "max": 10.66967587424,
            "min": 9.07301602724
        }
    ]
}