{
    "results": [
        {
            "command": null,
            "mean": 10.621753117805001,
            "median": 10.464387361404999,
            "max": 12.066412455405,
            "min": 10.320726931405
        }
    ]
}