{
    "results": [
        {
            "command": null,
            "mean": 13.377160979934999,
            "median": 13.275562527635,
            "max": 14.947501643135,
            "min": 12.993493649134999
        }
    ]
}