{
    "results": [
        {
            "command": "npm info jquery",
            "mean": 1.0721691707250003,
            "median": 1.072964139925,
            "max": 1.1784237344250001,
            "min": 1.000819095425,
            "user": 0.49094102,
            "stddev": 0.052689207458647545,
            "system": 0.05033989499999999,
            "commit": "20a5e571d16f45ca7ef0d2b6000181359784264c",
            "version": "3.13.1"
        }
    ]
}