{
    "results": [
        {
            "command": "npm info jquery",
            "mean": 0.8962107371499999,
            "median": 0.88602721025,
            "max": 1.0138459932500001,
            "min": 0.8650419342500001,
            "user": 0.4467159399999999,
            "stddev": 0.04363687333319241,
            "system": 0.055424184999999994,
            "commit": "418bf0d8fa0f5153cd16e07b0ca2db8762f8e707",
            "version": "4.12.2"
        }
    ]
}