{
    "results": [
        {
            "command": "npm install jquery",
            "mean": 17.422590132405,
            "median": 17.238802819405,
            "max": 19.489603434404998,
            "min": 16.876343047404998,
            "user": 16.576734714999997,
            "stddev": 0.7442183851213949,
            "system": 0.8209828800000001,
            "commit": "625f529fe9d6ce2364b811ffca904fe9876a0050",
            "version": "4.12.2"
        }
    ]
}