{
    "results": [
        {
            "command": "npm info jquery",
            "mean": 1.023254176555,
            "median": 0.985067386755,
            "max": 1.270559206755,
            "min": 0.9255839597550001,
            "user": 0.5236266799999999,
            "stddev": 0.10262459563442043,
            "system": 0.05351486000000001,
            "commit": "2b4f8a1b63e0d2980fb5f0589ca09aac22d3859a",
            "version": "4.12.2"
        }
    ]
}