{
    "results": [
        {
            "command": "npm info jquery",
            "mean": 1.0719270132750003,
            "median": 1.013344778375,
            "max": 1.475576123375,
            "min": 0.8506789973750001,
            "user": 0.43256729,
            "stddev": 0.20454186748431785,
            "system": 0.05035290499999999,
            "commit": "9fb5429d1865e7ccfe9e021332863baf596638b6",
            "version": "6.0.0-6-next.35"
        }
    ]
}