{
    "results": [
        {
            "command": null,
            "mean": 11.420800275115,
            "median": 11.327764020615,
            "max": 12.142218534615,
            "min": 11.001637168615
        }
    ]
}