{
    "results": [
        {
            "command": null,
            "mean": 9.903831103059998,
            "median": 9.80196041846,
            "max": 10.84549831446,
            "min": 9.59303568946
        }
    ]
}