{
    "results": [
        {
            "command": "npm info jquery",
            "mean": 1.1771482646949998,
            "median": 1.116643124995,
            "max": 1.628179216995,
            "min": 1.0791284799949998,
            "user": 0.5396021900000001,
            "stddev": 0.16493053380074596,
            "system": 0.05405289,
            "commit": "418bf0d8fa0f5153cd16e07b0ca2db8762f8e707",
            "version": "5.2.2"
        }
    ]
}