{
    "results": [
        {
            "command": null,
            "mean": 0.91709408381,
            "median": 0.8784205843100001,
            "max": 1.05804229781,
            "min": 0.86328631181
        }
    ]
}