{
    "results": [
        {
            "command": null,
            "mean": 0.8962107371499999,
            "median": 0.88602721025,
            "max": 1.0138459932500001,
            "min": 0.8650419342500001
        }
    ]
}