{
    "results": [
        {
            "command": null,
            "mean": 1.1771482646949998,
            "median": 1.116643124995,
            "max": 1.628179216995,
            "min": 1.0791284799949998
        }
    ]
}