{
    "results": [
        {
            "command": "npm install jquery",
            "mean": 11.703872613820002,
            "median": 11.325118708920002,
            "max": 14.59262161642,
            "min": 11.04563409542,
            "user": 12.124878435000001,
            "stddev": 1.0769605394813402,
            "system": 0.603041775,
            "commit": "14d973c552b6cda3a463c3b51ee0b6183f50107f",
            "version": "4.12.2"
        }
    ]
}