{
    "results": [
        {
            "command": "npm info jquery",
            "mean": 1.307169769005,
            "median": 1.265603225105,
            "max": 1.514011695605,
            "min": 1.230251900605,
            "user": 0.5227220399999999,
            "stddev": 0.09560890252041647,
            "system": 0.05050492500000001,
            "commit": "2645ae2e48e2e7feb7cba414c83991269b169870",
            "version": "5.1.2"
        }
    ]
}