{
    "results": [
        {
            "command": "npm info jquery",
            "mean": 1.01349464609,
            "median": 0.8857719796900001,
            "max": 1.72981091569,
            "min": 0.8521546896900001,
            "user": 0.4177558099999999,
            "stddev": 0.26988470141475424,
            "system": 0.04195324999999999,
            "commit": "2645ae2e48e2e7feb7cba414c83991269b169870",
            "version": "3.13.1"
        }
    ]
}