{
    "results": [
        {
            "command": null,
            "mean": 11.518090969454999,
            "median": 11.045538962155,
            "max": 13.590317568155,
            "min": 10.886298237155
        }
    ]
}