{
    "results": [
        {
            "command": null,
            "mean": 1.307169769005,
            "median": 1.265603225105,
            "max": 1.514011695605,
            "min": 1.230251900605
        }
    ]
}