{
    "results": [
        {
            "command": "npm install jquery",
            "mean": 13.81545871165,
            "median": 12.35963765675,
            "max": 19.653682412250003,
            "min": 11.68895248525,
            "user": 14.563803355,
            "stddev": 2.8725050033492683,
            "system": 0.7024831999999999,
            "commit": "2645ae2e48e2e7feb7cba414c83991269b169870",
            "version": "5.1.2"
        }
    ]
}