{
    "results": [
        {
            "command": null,
            "mean": 13.81545871165,
            "median": 12.35963765675,
            "max": 19.653682412250003,
            "min": 11.68895248525
        }
    ]
}