{
    "results": [
        {
            "command": "npm install jquery",
            "mean": 10.595287461595001,
            "median": 10.132552745195,
            "max": 13.752569573695,
            "min": 9.444623864695,
            "user": 10.613236814999999,
            "stddev": 1.3386084175339246,
            "system": 0.5466853650000001,
            "commit": "2645ae2e48e2e7feb7cba414c83991269b169870",
            "version": "3.13.1"
        }
    ]
}