{
    "results": [
        {
            "command": "npm install jquery",
            "mean": 12.026000689580002,
            "median": 11.86628017548,
            "max": 13.26452547198,
            "min": 11.29046562998,
            "user": 10.764670495,
            "stddev": 0.6836653572414871,
            "system": 0.5523940049999999,
            "commit": "95ed3db43ce681824c9b40fa7eb8b09039d053ea",
            "version": "4.12.1"
        }
    ]
}