{
    "results": [
        {
            "command": null,
            "mean": 19.903022284035,
            "median": 19.881381124934997,
            "max": 20.238229533934998,
            "min": 19.705255691934997
        }
    ]
}