{
    "results": [
        {
            "command": null,
            "mean": 19.491531944765,
            "median": 19.474608795765,
            "max": 19.793619510765,
            "min": 19.191502713765
        }
    ]
}