{
    "results": [
        {
            "command": null,
            "mean": 1.5004372699700002,
            "median": 1.16287880477,
            "max": 2.8311395572699998,
            "min": 1.12568840627
        }
    ]
}