{
    "results": [
        {
            "command": null,
            "mean": 19.080082181725,
            "median": 19.038523303924997,
            "max": 19.669031652424998,
            "min": 18.670815230425
        }
    ]
}