{
    "results": [
        {
            "command": "npm info jquery",
            "mean": 0.8808554181849999,
            "median": 0.850758132085,
            "max": 1.0059562175849999,
            "min": 0.8328415475850001,
            "user": 0.4183699799999999,
            "stddev": 0.06078516198217759,
            "system": 0.051949235,
            "commit": "d65db96ff0ea8fadaa07cf590af6b6099e2917aa",
            "version": "6.0.0-6-next.35"
        }
    ]
}