{
    "results": [
        {
            "command": null,
            "mean": 19.772852685254996,
            "median": 19.670465825755,
            "max": 20.350649573254998,
            "min": 19.398764448254997
        }
    ]
}