{
    "results": [
        {
            "command": null,
            "mean": 0.88055691635,
            "median": 0.89956447225,
            "max": 1.12168435925,
            "min": 0.7454683242500001
        }
    ]
}