{
    "results": [
        {
            "command": "npm info jquery",
            "mean": 1.2353894324799999,
            "median": 1.1807182805799998,
            "max": 1.49452228458,
            "min": 1.14039759458,
            "user": 0.458964885,
            "stddev": 0.12910352088244992,
            "system": 0.057929089999999996,
            "commit": "e0d639a1a6c9db97eea51882723ad253f3aa3a85",
            "version": "3.13.1"
        }
    ]
}