{
    "results": [
        {
            "command": "npm info jquery",
            "mean": 1.1386669999249999,
            "median": 1.122863598625,
            "max": 1.2558518346249998,
            "min": 1.048455249625,
            "user": 0.49654169000000004,
            "stddev": 0.07284958747693918,
            "system": 0.049851954999999996,
            "commit": "3d45cecf04827712eb724a113e415dbda8ea2d90",
            "version": "4.12.2"
        }
    ]
}