{
    "results": [
        {
            "command": "npm install jquery",
            "mean": 12.821230041465004,
            "median": 12.784573661365,
            "max": 13.751735928865001,
            "min": 12.158611040865,
            "user": 12.122187985,
            "stddev": 0.45109915840071557,
            "system": 0.6191909,
            "commit": "95ed3db43ce681824c9b40fa7eb8b09039d053ea",
            "version": "3.13.1"
        }
    ]
}