{
    "results": [
        {
            "command": "npm install jquery",
            "mean": 10.531944737199998,
            "median": 10.444942401999999,
            "max": 11.0983847215,
            "min": 10.285446948499999,
            "user": 9.90658122,
            "stddev": 0.23458495862940595,
            "system": 0.581894985,
            "commit": "4fc14eab0231a9c65391005d42dd899c6308896d",
            "version": "5.7.0"
        }
    ]
}