{
    "results": [
        {
            "command": null,
            "mean": 1.21116341464,
            "median": 1.20239320084,
            "max": 1.34453445984,
            "min": 1.1487061848400002
        }
    ]
}