{
    "results": [
        {
            "command": null,
            "mean": 12.740537280535001,
            "median": 12.817388496835001,
            "max": 13.179143072335,
            "min": 12.090142977335
        }
    ]
}