{
    "results": [
        {
            "command": "npm info jquery",
            "mean": 1.21116341464,
            "median": 1.20239320084,
            "max": 1.34453445984,
            "min": 1.1487061848400002,
            "user": 0.52383887,
            "stddev": 0.055556310292903074,
            "system": 0.04921664,
            "commit": "0f0cbf2b2f86d576807e3298d736b09c1c02f524",
            "version": "5.1.0"
        }
    ]
}