{
    "results": [
        {
            "command": "npm install jquery",
            "mean": 11.798336951815001,
            "median": 11.735904326715001,
            "max": 12.938369545715,
            "min": 11.294987794715,
            "user": 11.26169063,
            "stddev": 0.44237196066317375,
            "system": 0.618673845,
            "commit": "0f0cbf2b2f86d576807e3298d736b09c1c02f524",
            "version": "4.12.2"
        }
    ]
}