{
    "results": [
        {
            "command": null,
            "mean": 1.24204176609,
            "median": 1.1812493062900002,
            "max": 1.4781180422900002,
            "min": 1.1058938062900001
        }
    ]
}