{
    "results": [
        {
            "command": "npm info jquery",
            "mean": 1.24204176609,
            "median": 1.1812493062900002,
            "max": 1.4781180422900002,
            "min": 1.1058938062900001,
            "user": 0.577903815,
            "stddev": 0.15154569832660725,
            "system": 0.054516854999999996,
            "commit": "0f0cbf2b2f86d576807e3298d736b09c1c02f524",
            "version": "4.12.2"
        }
    ]
}