{
    "results": [
        {
            "command": "npm install jquery",
            "mean": 11.753604215875,
            "median": 11.667182580675,
            "max": 12.693348239175,
            "min": 11.297695330175,
            "user": 11.053738220000001,
            "stddev": 0.41158355676029984,
            "system": 0.5820194550000001,
            "commit": "0f0cbf2b2f86d576807e3298d736b09c1c02f524",
            "version": "5.1.0"
        }
    ]
}