{
    "results": [
        {
            "command": "npm info jquery",
            "mean": 1.1967590160249997,
            "median": 1.178619634325,
            "max": 1.424819545825,
            "min": 1.137044334825,
            "user": 0.5662093450000001,
            "stddev": 0.08455585873368104,
            "system": 0.06595876,
            "commit": "7aff3dcb9c67247594ec54c507852a58caa10a17",
            "version": "4.12.1"
        }
    ]
}