{
    "results": [
        {
            "command": null,
            "mean": 8.873679639365,
            "median": 8.706180402465,
            "max": 10.494868709965,
            "min": 8.373631415965
        }
    ]
}