{
    "results": [
        {
            "command": null,
            "mean": 10.801604099734998,
            "median": 10.777808828935,
            "max": 11.622201408435,
            "min": 10.406162181434999
        }
    ]
}