{
    "results": [
        {
            "command": "npm info jquery",
            "mean": 1.4379633410250001,
            "median": 1.402701687425,
            "max": 1.834005573925,
            "min": 1.257934256925,
            "user": 0.5434533450000001,
            "stddev": 0.1932305389863336,
            "system": 0.07280337999999999,
            "commit": "cf4489abb1625a8bc0a4c86d7e874c9e51204d37",
            "version": "3.13.1"
        }
    ]
}