{
    "results": [
        {
            "command": "npm info jquery",
            "mean": 1.4305596557050002,
            "median": 1.327252834105,
            "max": 2.069330119105,
            "min": 1.1122245191050002,
            "user": 0.5517048200000001,
            "stddev": 0.3028313482406038,
            "system": 0.06167612499999999,
            "commit": "cf4489abb1625a8bc0a4c86d7e874c9e51204d37",
            "version": "4.12.2"
        }
    ]
}