{
    "results": [
        {
            "command": null,
            "mean": 1.4305596557050002,
            "median": 1.327252834105,
            "max": 2.069330119105,
            "min": 1.1122245191050002
        }
    ]
}