{
    "results": [
        {
            "command": null,
            "mean": 1.320751101465,
            "median": 1.290789324365,
            "max": 1.717807634865,
            "min": 1.033818931865
        }
    ]
}