{
    "results": [
        {
            "command": "npm info jquery",
            "mean": 1.2656851425599998,
            "median": 1.24784711616,
            "max": 1.4647154441599999,
            "min": 1.1968276201599999,
            "user": 0.5187338899999999,
            "stddev": 0.07543042687044442,
            "system": 0.06961310999999999,
            "commit": "b261741ef692a6348ec86cd0e0811db08376c312",
            "version": "5.1.3"
        }
    ]
}