{
    "results": [
        {
            "command": "npm info jquery",
            "mean": 1.0862085153749999,
            "median": 1.060498468675,
            "max": 1.3568081926750002,
            "min": 1.020073672675,
            "user": 0.5931619149999999,
            "stddev": 0.09851352767780518,
            "system": 0.06897293500000001,
            "commit": "2def2ca635f81d9a3808a9a68cc0b686dc4324da",
            "version": "5.3.0"
        }
    ]
}