{
    "results": [
        {
            "command": "npm info jquery",
            "mean": 1.144256818485,
            "median": 1.1612975526850002,
            "max": 1.225881752685,
            "min": 1.045887552685,
            "user": 0.5998254249999999,
            "stddev": 0.06935904287033512,
            "system": 0.06620946999999999,
            "commit": "453bfadba09266442b4a540bcb535009fc7d6562",
            "version": "3.13.1"
        }
    ]
}