{
    "results": [
        {
            "command": "npm info jquery",
            "mean": 1.0125185926350002,
            "median": 0.976855626635,
            "max": 1.218484151635,
            "min": 0.8932537836350001,
            "user": 0.5225281799999999,
            "stddev": 0.10359086655947226,
            "system": 0.05315645,
            "commit": "453bfadba09266442b4a540bcb535009fc7d6562",
            "version": "6.0.0-6-next.24"
        }
    ]
}