{
    "results": [
        {
            "command": null,
            "mean": 12.905125956525001,
            "median": 12.300040687325,
            "max": 17.052631928825,
            "min": 11.980255914825
        }
    ]
}