{
    "results": [
        {
            "command": null,
            "mean": 1.144256818485,
            "median": 1.1612975526850002,
            "max": 1.225881752685,
            "min": 1.045887552685
        }
    ]
}