{
    "results": [
        {
            "command": "npm install jquery",
            "mean": 13.080757982944998,
            "median": 12.884440387545002,
            "max": 14.631848715545,
            "min": 12.732134949545001,
            "user": 14.014127734999999,
            "stddev": 0.5602035392943377,
            "system": 0.751414145,
            "commit": "453bfadba09266442b4a540bcb535009fc7d6562",
            "version": "6.0.0-6-next.24"
        }
    ]
}