{
    "results": [
        {
            "command": "npm info jquery",
            "mean": 1.0180606511249999,
            "median": 1.017870061625,
            "max": 1.062565792625,
            "min": 0.9715081106250001,
            "user": 0.5595909600000001,
            "stddev": 0.027249686855171092,
            "system": 0.06787146,
            "commit": "453bfadba09266442b4a540bcb535009fc7d6562",
            "version": "5.1.3"
        }
    ]
}