{
    "results": [
        {
            "command": "npm install jquery",
            "mean": 9.176927179355001,
            "median": 8.816795320955002,
            "max": 11.376456712955001,
            "min": 8.704983284955,
            "user": 9.482209395,
            "stddev": 0.8268629311638999,
            "system": 0.5034390449999999,
            "commit": "453bfadba09266442b4a540bcb535009fc7d6562",
            "version": "4.12.2"
        }
    ]
}