{
    "results": [
        {
            "command": null,
            "mean": 1.0125185926350002,
            "median": 0.976855626635,
            "max": 1.218484151635,
            "min": 0.8932537836350001
        }
    ]
}