{
    "results": [
        {
            "command": "npm install jquery",
            "mean": 15.980564628324998,
            "median": 15.744277098624998,
            "max": 17.369522553124998,
            "min": 15.237113423124999,
            "user": 14.859308065000002,
            "stddev": 0.7480110085111948,
            "system": 0.7270329099999999,
            "commit": "625f529fe9d6ce2364b811ffca904fe9876a0050",
            "version": "5.1.0"
        }
    ]
}