{
    "results": [
        {
            "command": null,
            "mean": 17.422590132405,
            "median": 17.238802819405,
            "max": 19.489603434404998,
            "min": 16.876343047404998
        }
    ]
}