{
    "results": [
        {
            "command": null,
            "mean": 0.86900559092,
            "median": 0.8416416097200001,
            "max": 0.9903039022200001,
            "min": 0.81853470922
        }
    ]
}