{
    "results": [
        {
            "command": null,
            "mean": 1.2531794158200003,
            "median": 1.2371435023200001,
            "max": 1.4461931488200002,
            "min": 1.1806598588200001
        }
    ]
}