{
    "results": [
        {
            "command": "npm info jquery",
            "mean": 1.18964633912,
            "median": 1.18696192162,
            "max": 1.23303657812,
            "min": 1.16412518312,
            "user": 0.480488975,
            "stddev": 0.021078534898709356,
            "system": 0.05035427000000001,
            "commit": "3f984485663477492172960dbf65d89603597de0",
            "version": "4.12.2"
        }
    ]
}