{
    "results": [
        {
            "command": "npm install jquery",
            "mean": 12.965418772085002,
            "median": 12.460012693485,
            "max": 17.350823970485003,
            "min": 12.031051339485,
            "user": 12.3835024,
            "stddev": 1.5988867524582813,
            "system": 0.638558805,
            "commit": "b261741ef692a6348ec86cd0e0811db08376c312",
            "version": "5.1.3"
        }
    ]
}