{
    "results": [
        {
            "command": "npm info jquery",
            "mean": 1.090556200085,
            "median": 0.974715066285,
            "max": 1.7404059957850002,
            "min": 0.928961457785,
            "user": 0.5090115199999999,
            "stddev": 0.25365964838605326,
            "system": 0.05499536999999999,
            "commit": "d778f2cd18478410a5722fafb40713f7ea0baef7",
            "version": "3.13.1"
        }
    ]
}