{
    "results": [
        {
            "command": null,
            "mean": 1.2030444933099997,
            "median": 1.17814292611,
            "max": 1.46521860461,
            "min": 1.14273179961
        }
    ]
}