{
    "results": [
        {
            "command": null,
            "mean": 1.14541487675,
            "median": 1.14487530005,
            "max": 1.20462096905,
            "min": 1.08021727205
        }
    ]
}