{
    "results": [
        {
            "command": null,
            "mean": 13.957797776185,
            "median": 13.365844456985,
            "max": 19.312159590985,
            "min": 13.095041756985
        }
    ]
}