{
    "results": [
        {
            "command": null,
            "mean": 0.9436439320650001,
            "median": 0.929964509965,
            "max": 1.0757061099649998,
            "min": 0.9131547279650001
        }
    ]
}