{
    "results": [
        {
            "command": "npm info jquery",
            "mean": 0.9436439320650001,
            "median": 0.929964509965,
            "max": 1.0757061099649998,
            "min": 0.9131547279650001,
            "user": 0.48130825,
            "stddev": 0.04784055098913197,
            "system": 0.053174929999999995,
            "commit": "3d45cecf04827712eb724a113e415dbda8ea2d90",
            "version": "3.13.1"
        }
    ]
}