{
    "results": [
        {
            "command": null,
            "mean": 12.095263495405,
            "median": 11.603038111705,
            "max": 16.001271361205003,
            "min": 11.412381684205
        }
    ]
}