{
    "results": [
        {
            "command": "npm info jquery",
            "mean": 1.05609368323,
            "median": 1.01030301463,
            "max": 1.22395769263,
            "min": 0.9918105846300002,
            "user": 0.5752504399999999,
            "stddev": 0.08386758365197042,
            "system": 0.06167594499999999,
            "commit": "3d45cecf04827712eb724a113e415dbda8ea2d90",
            "version": "5.1.0"
        }
    ]
}