{
    "results": [
        {
            "command": null,
            "mean": 1.05609368323,
            "median": 1.01030301463,
            "max": 1.22395769263,
            "min": 0.9918105846300002
        }
    ]
}