{
    "results": [
        {
            "command": "npm info jquery",
            "mean": 1.01938649385,
            "median": 1.01801877395,
            "max": 1.10814510245,
            "min": 0.9594353974500001,
            "user": 0.45690043499999994,
            "stddev": 0.04100928233364188,
            "system": 0.04069004,
            "commit": "b8c7b771ad635f55c928b94cca19b68d9535c9a0",
            "version": "3.13.1"
        }
    ]
}