{
    "results": [
        {
            "command": null,
            "mean": 1.08137456611,
            "median": 1.07150180341,
            "max": 1.29296738991,
            "min": 0.97491175091
        }
    ]
}