{
    "results": [
        {
            "command": null,
            "mean": 1.125826805685,
            "median": 1.020738280285,
            "max": 1.5620621107850001,
            "min": 0.9697944757850001
        }
    ]
}