{
    "results": [
        {
            "command": "npm install jquery",
            "mean": 9.058834744840002,
            "median": 8.956070245940001,
            "max": 10.01451918194,
            "min": 8.867072248940001,
            "user": 9.550794155,
            "stddev": 0.3439140370141837,
            "system": 0.552947875,
            "commit": "d390a661582c67d4f7b2c8247a6247d7704984d3",
            "version": "6.0.0-6-next.24"
        }
    ]
}