{
    "results": [
        {
            "command": null,
            "mean": 10.080409263300002,
            "median": 9.8889194496,
            "max": 11.6129242201,
            "min": 9.6646171741
        }
    ]
}