{
    "results": [
        {
            "command": "npm info jquery",
            "mean": 0.9982891540749999,
            "median": 0.952580112975,
            "max": 1.299686523975,
            "min": 0.9069185239750001,
            "user": 0.47704457499999997,
            "stddev": 0.1255129164376156,
            "system": 0.062269410000000004,
            "commit": "d390a661582c67d4f7b2c8247a6247d7704984d3",
            "version": "5.1.3"
        }
    ]
}