{
    "results": [
        {
            "command": null,
            "mean": 1.05413068506,
            "median": 1.0255000120600002,
            "max": 1.16497244956,
            "min": 0.98423762556
        }
    ]
}