{
    "results": [
        {
            "command": "npm info jquery",
            "mean": 1.08137456611,
            "median": 1.07150180341,
            "max": 1.29296738991,
            "min": 0.97491175091,
            "user": 0.541833435,
            "stddev": 0.09343780438193709,
            "system": 0.06304878,
            "commit": "d390a661582c67d4f7b2c8247a6247d7704984d3",
            "version": "3.13.1"
        }
    ]
}