{
    "results": [
        {
            "command": "npm info jquery",
            "mean": 1.05413068506,
            "median": 1.0255000120600002,
            "max": 1.16497244956,
            "min": 0.98423762556,
            "user": 0.436017895,
            "stddev": 0.07155371734950904,
            "system": 0.04708636499999999,
            "commit": "d390a661582c67d4f7b2c8247a6247d7704984d3",
            "version": "4.12.2"
        }
    ]
}