{
    "results": [
        {
            "command": null,
            "mean": 0.9982891540749999,
            "median": 0.952580112975,
            "max": 1.299686523975,
            "min": 0.9069185239750001
        }
    ]
}