{
    "results": [
        {
            "command": "npm install jquery",
            "mean": 10.138054702385,
            "median": 10.051094975584999,
            "max": 11.139555154584999,
            "min": 9.871916634584998,
            "user": 9.361807179999998,
            "stddev": 0.3686418343974013,
            "system": 0.5365938199999999,
            "commit": "e0d639a1a6c9db97eea51882723ad253f3aa3a85",
            "version": "4.12.2"
        }
    ]
}