{
    "results": [
        {
            "command": null,
            "mean": 0.9833224583550001,
            "median": 0.978559834555,
            "max": 1.042783894055,
            "min": 0.930598479055
        }
    ]
}