{
    "results": [
        {
            "command": null,
            "mean": 0.91526686636,
            "median": 0.8936213820600001,
            "max": 1.04286298606,
            "min": 0.85671804106
        }
    ]
}