{
    "results": [
        {
            "command": "npm info jquery",
            "mean": 0.9833224583550001,
            "median": 0.978559834555,
            "max": 1.042783894055,
            "min": 0.930598479055,
            "user": 0.5303213899999999,
            "stddev": 0.038493415772769234,
            "system": 0.044875534999999994,
            "commit": "960ebc67a5aa85ffa7db9bcf6f0393a41cff7547",
            "version": "5.1.0"
        }
    ]
}