{
    "results": [
        {
            "command": "npm info jquery",
            "mean": 1.267575624435,
            "median": 1.2779617501349998,
            "max": 1.410797929135,
            "min": 1.1144440841349998,
            "user": 0.5787625650000001,
            "stddev": 0.11314686930134438,
            "system": 0.06389821,
            "commit": "c2a1f4a73ad04c3f2d2bc784a9f3c33d036eeff9",
            "version": "5.1.3"
        }
    ]
}