{
    "results": [
        {
            "command": "npm info jquery",
            "mean": 1.0552674011399998,
            "median": 1.04100876194,
            "max": 1.1332301249399999,
            "min": 1.02079017294,
            "user": 0.494193205,
            "stddev": 0.03799126142087764,
            "system": 0.048937685,
            "commit": "09a7cf345658047a85d44d0b85594c58270cdf26",
            "version": "4.12.1"
        }
    ]
}