{
    "results": [
        {
            "command": "npm info jquery",
            "mean": 1.213016848405,
            "median": 1.207899656205,
            "max": 1.3198322467049999,
            "min": 1.1359804897049999,
            "user": 0.52691383,
            "stddev": 0.06300799389163562,
            "system": 0.046217394999999994,
            "commit": "95ed3db43ce681824c9b40fa7eb8b09039d053ea",
            "version": "3.13.1"
        }
    ]
}