{
    "results": [
        {
            "command": "npm info jquery",
            "mean": 0.8269448284750001,
            "median": 0.812288961975,
            "max": 0.973834311975,
            "min": 0.7724858409750001,
            "user": 0.3427907699999999,
            "stddev": 0.06268883907014428,
            "system": 0.039887805,
            "commit": "4afb06347abe1b433c4367b35a9e35b58484e1a0",
            "version": "6.0.0-6-next.40"
        }
    ]
}