{
    "results": [
        {
            "command": "npm info jquery",
            "mean": 0.9562520090700002,
            "median": 0.9582627031700001,
            "max": 0.9857206096700001,
            "min": 0.91265064767,
            "user": 0.50625605,
            "stddev": 0.024290209043241005,
            "system": 0.051592585,
            "commit": "95ed3db43ce681824c9b40fa7eb8b09039d053ea",
            "version": "5.1.0"
        }
    ]
}