{
    "results": [
        {
            "command": "npm install jquery",
            "mean": 15.085116690980001,
            "median": 14.16042393698,
            "max": 19.20362271148,
            "min": 13.92534175948,
            "user": 14.52643669,
            "stddev": 1.9524784165404083,
            "system": 0.7376973099999999,
            "commit": "20a5e571d16f45ca7ef0d2b6000181359784264c",
            "version": "3.13.1"
        }
    ]
}