{
    "results": [
        {
            "command": null,
            "mean": 1.05418402805,
            "median": 0.88229723785,
            "max": 1.55474479835,
            "min": 0.83201892035
        }
    ]
}