{
    "results": [
        {
            "command": null,
            "mean": 3.34723348742,
            "median": 1.38213428232,
            "max": 12.14334472832,
            "min": 1.25157858432
        }
    ]
}