{
    "results": [
        {
            "command": null,
            "mean": 14.654387526659999,
            "median": 14.72540062216,
            "max": 15.21431273766,
            "min": 13.81123229166
        }
    ]
}