{
    "results": [
        {
            "command": null,
            "mean": 1.17090576308,
            "median": 1.08360345678,
            "max": 1.62289674328,
            "min": 1.03590770428
        }
    ]
}