{
    "results": [
        {
            "command": "npm install jquery",
            "mean": 14.43296907137,
            "median": 14.04825382007,
            "max": 18.22119423057,
            "min": 13.30940779057,
            "user": 13.458470805000001,
            "stddev": 1.4041238335106268,
            "system": 0.70008001,
            "commit": "20a5e571d16f45ca7ef0d2b6000181359784264c",
            "version": "4.12.2"
        }
    ]
}