{
    "results": [
        {
            "command": "npm info jquery",
            "mean": 1.05418402805,
            "median": 0.88229723785,
            "max": 1.55474479835,
            "min": 0.83201892035,
            "user": 0.42713877499999997,
            "stddev": 0.30654133843920284,
            "system": 0.03804983,
            "commit": "20a5e571d16f45ca7ef0d2b6000181359784264c",
            "version": "6.0.0-6-next.35"
        }
    ]
}