{
    "results": [
        {
            "command": "npm info jquery",
            "mean": 0.9788940348049999,
            "median": 0.9515825656050001,
            "max": 1.1249276956049998,
            "min": 0.9223105046050001,
            "user": 0.4946132,
            "stddev": 0.07349337099419108,
            "system": 0.06055012,
            "commit": "1042f9bf76d86b582bd779111487e193a2d731ab",
            "version": "4.12.2"
        }
    ]
}