{
    "results": [
        {
            "command": "npm install jquery",
            "mean": 14.092377285325004,
            "median": 14.070348469025001,
            "max": 15.027105800525002,
            "min": 13.595179810525002,
            "user": 13.662106310000002,
            "stddev": 0.37208345691003086,
            "system": 0.7494116799999999,
            "commit": "1042f9bf76d86b582bd779111487e193a2d731ab",
            "version": "3.13.1"
        }
    ]
}