{
    "results": [
        {
            "command": "npm info jquery",
            "mean": 1.076758138295,
            "median": 1.050520741295,
            "max": 1.2044258527949998,
            "min": 1.028331217795,
            "user": 0.48267093,
            "stddev": 0.06686238882552156,
            "system": 0.05281156,
            "commit": "1042f9bf76d86b582bd779111487e193a2d731ab",
            "version": "3.13.1"
        }
    ]
}