{
    "results": [
        {
            "command": null,
            "mean": 0.9788940348049999,
            "median": 0.9515825656050001,
            "max": 1.1249276956049998,
            "min": 0.9223105046050001
        }
    ]
}