{
    "results": [
        {
            "command": "npm install jquery",
            "mean": 13.278643145290001,
            "median": 13.222730855190001,
            "max": 14.30363774719,
            "min": 12.72886667919,
            "user": 12.760453565,
            "stddev": 0.4027913918668709,
            "system": 0.7016521799999998,
            "commit": "1042f9bf76d86b582bd779111487e193a2d731ab",
            "version": "5.1.3"
        }
    ]
}