{
    "results": [
        {
            "command": null,
            "mean": 1.076758138295,
            "median": 1.050520741295,
            "max": 1.2044258527949998,
            "min": 1.028331217795
        }
    ]
}