{
    "results": [
        {
            "command": "npm info jquery",
            "mean": 1.315713250255,
            "median": 1.266856004055,
            "max": 1.542082108055,
            "min": 1.2019888840550002,
            "user": 0.55721937,
            "stddev": 0.1096825375680013,
            "system": 0.057415169999999995,
            "commit": "1042f9bf76d86b582bd779111487e193a2d731ab",
            "version": "5.1.3"
        }
    ]
}