{
    "results": [
        {
            "command": "npm info jquery",
            "mean": 1.083832759755,
            "median": 1.072969576855,
            "max": 1.216047987355,
            "min": 1.0243863073550001,
            "user": 0.492451635,
            "stddev": 0.06243166968632602,
            "system": 0.05586707499999999,
            "commit": "3d45cecf04827712eb724a113e415dbda8ea2d90",
            "version": "3.13.1"
        }
    ]
}