{
    "results": [
        {
            "command": "npm info jquery",
            "mean": 0.9080982552600002,
            "median": 0.8812961182600001,
            "max": 1.02611121376,
            "min": 0.86482095276,
            "user": 0.4481469400000001,
            "stddev": 0.05664428792711353,
            "system": 0.044656474999999994,
            "commit": "5983625ff78b968c86f902a118328e98dc4e76b1",
            "version": "6.0.0-6-next.27"
        }
    ]
}