{
    "results": [
        {
            "command": "npm install jquery",
            "mean": 13.162825747934999,
            "median": 13.093094377735,
            "max": 14.423726700735001,
            "min": 12.697065037735001,
            "user": 12.485457064999999,
            "stddev": 0.47086522567517625,
            "system": 0.6445462299999999,
            "commit": "3d45cecf04827712eb724a113e415dbda8ea2d90",
            "version": "3.13.1"
        }
    ]
}