{
    "results": [
        {
            "command": null,
            "mean": 1.1797768907800001,
            "median": 1.15528119658,
            "max": 1.33914868158,
            "min": 1.1205262815800001
        }
    ]
}