{
    "results": [
        {
            "command": null,
            "mean": 12.145193699415,
            "median": 12.099892990314999,
            "max": 12.998492040815,
            "min": 11.770926874815
        }
    ]
}