{
    "results": [
        {
            "command": "npm install jquery",
            "mean": 12.145193699415,
            "median": 12.099892990314999,
            "max": 12.998492040815,
            "min": 11.770926874815,
            "user": 11.716528555,
            "stddev": 0.3558826513755945,
            "system": 0.5904588999999999,
            "commit": "09a7cf345658047a85d44d0b85594c58270cdf26",
            "version": "5.1.0"
        }
    ]
}