{
    "results": [
        {
            "command": "npm info jquery",
            "mean": 1.1797768907800001,
            "median": 1.15528119658,
            "max": 1.33914868158,
            "min": 1.1205262815800001,
            "user": 0.5833212600000001,
            "stddev": 0.06661585836497746,
            "system": 0.06585469,
            "commit": "09a7cf345658047a85d44d0b85594c58270cdf26",
            "version": "3.13.1"
        }
    ]
}