{
    "results": [
        {
            "command": null,
            "mean": 11.601408215000001,
            "median": 11.491498917600001,
            "max": 12.590434096100001,
            "min": 11.2384798891
        }
    ]
}