{
    "results": [
        {
            "command": "npm install jquery",
            "mean": 13.287526704335002,
            "median": 12.655954255935,
            "max": 17.554517827435,
            "min": 12.433180798435,
            "user": 12.831970369999999,
            "stddev": 1.5787133557426682,
            "system": 0.6231765999999999,
            "commit": "3d45cecf04827712eb724a113e415dbda8ea2d90",
            "version": "5.1.0"
        }
    ]
}