{
    "results": [
        {
            "command": "npm install jquery",
            "mean": 11.848575364339997,
            "median": 11.86084591284,
            "max": 12.47088718884,
            "min": 11.37125135784,
            "user": 11.302679845,
            "stddev": 0.3291840326309932,
            "system": 0.554766235,
            "commit": "95ed3db43ce681824c9b40fa7eb8b09039d053ea",
            "version": "3.13.1"
        }
    ]
}