{
    "results": [
        {
            "command": "npm info jquery",
            "mean": 1.03300036634,
            "median": 1.02597424004,
            "max": 1.0733496825400002,
            "min": 1.0025447095400002,
            "user": 0.5530637749999999,
            "stddev": 0.026672893439429714,
            "system": 0.06355925999999999,
            "commit": "b6495d5b6c028fc7184912deaa1e7848846241a5",
            "version": "3.13.1"
        }
    ]
}