{
    "results": [
        {
            "command": null,
            "mean": 17.52555733244,
            "median": 16.741479939839998,
            "max": 24.92928862634,
            "min": 16.335354050339998
        }
    ]
}