{
    "results": [
        {
            "command": "npm info jquery",
            "mean": 1.21191840726,
            "median": 1.18246682076,
            "max": 1.46884468976,
            "min": 1.09518087676,
            "user": 0.579092545,
            "stddev": 0.11070106371153438,
            "system": 0.05362986999999999,
            "commit": "0f0cbf2b2f86d576807e3298d736b09c1c02f524",
            "version": "4.12.2"
        }
    ]
}