{
    "results": [
        {
            "command": null,
            "mean": 11.567666245979998,
            "median": 11.48731316848,
            "max": 12.76297317498,
            "min": 11.17052999398
        }
    ]
}