{
    "results": [
        {
            "command": null,
            "mean": 0.858566316795,
            "median": 0.837884049595,
            "max": 1.0561471065949999,
            "min": 0.817434152595
        }
    ]
}