{
    "results": [
        {
            "command": "npm install jquery",
            "mean": 11.567666245979998,
            "median": 11.48731316848,
            "max": 12.76297317498,
            "min": 11.17052999398,
            "user": 11.012917325,
            "stddev": 0.44881852057200755,
            "system": 0.5517647199999999,
            "commit": "0f0cbf2b2f86d576807e3298d736b09c1c02f524",
            "version": "5.1.0"
        }
    ]
}