{
    "results": [
        {
            "command": null,
            "mean": 16.476676253935,
            "median": 16.285023505435,
            "max": 17.715536812435,
            "min": 15.997636195435
        }
    ]
}