{
    "results": [
        {
            "command": null,
            "mean": 1.1718597794199999,
            "median": 1.13548981632,
            "max": 1.37361574632,
            "min": 1.10194822132
        }
    ]
}