{
    "results": [
        {
            "command": null,
            "mean": 14.318727669074999,
            "median": 14.110808247875,
            "max": 15.832018858875,
            "min": 13.920866535875
        }
    ]
}