{
    "results": [
        {
            "command": "npm info jquery",
            "mean": 1.03517383924,
            "median": 0.99821880414,
            "max": 1.22311723364,
            "min": 0.9726656336400001,
            "user": 0.42783283499999997,
            "stddev": 0.08419867380001973,
            "system": 0.04834695499999999,
            "commit": "a15c915b171517c69bbb1198b1b0d5367feac923",
            "version": "5.2.2"
        }
    ]
}