{
    "results": [
        {
            "command": null,
            "mean": 10.130457253340001,
            "median": 10.08588976394,
            "max": 11.03421808394,
            "min": 9.73158024594
        }
    ]
}