{
    "results": [
        {
            "command": null,
            "mean": 1.03517383924,
            "median": 0.99821880414,
            "max": 1.22311723364,
            "min": 0.9726656336400001
        }
    ]
}