{
    "results": [
        {
            "command": "npm info jquery",
            "mean": 0.94054786694,
            "median": 0.93359068534,
            "max": 1.02361745334,
            "min": 0.9022103573400001,
            "user": 0.388846225,
            "stddev": 0.034845065392598074,
            "system": 0.043128755,
            "commit": "a15c915b171517c69bbb1198b1b0d5367feac923",
            "version": "4.12.2"
        }
    ]
}