{
    "results": [
        {
            "command": "npm install jquery",
            "mean": 18.569678039899998,
            "median": 18.6490340254,
            "max": 19.0899830549,
            "min": 17.802818948899997,
            "user": 18.048640295000002,
            "stddev": 0.4321295170757817,
            "system": 0.86819788,
            "commit": "f75ddf8231cf9694774641685a5d8d895df4df6f",
            "version": "5.10.2"
        }
    ]
}