{
    "results": [
        {
            "command": "npm info jquery",
            "mean": 1.08229834548,
            "median": 1.04542204048,
            "max": 1.25147831148,
            "min": 0.98088215548,
            "user": 0.55434107,
            "stddev": 0.09972592644925755,
            "system": 0.064204075,
            "commit": "b261741ef692a6348ec86cd0e0811db08376c312",
            "version": "4.12.2"
        }
    ]
}