{
    "results": [
        {
            "command": null,
            "mean": 13.18058576641,
            "median": 13.06159990211,
            "max": 14.31526219461,
            "min": 12.709656219609998
        }
    ]
}