{
    "results": [
        {
            "command": null,
            "mean": 1.08229834548,
            "median": 1.04542204048,
            "max": 1.25147831148,
            "min": 0.98088215548
        }
    ]
}