{
    "results": [
        {
            "command": "npm info jquery",
            "mean": 0.9837153805750001,
            "median": 0.9419557994750001,
            "max": 1.497101763975,
            "min": 0.856056566975,
            "user": 0.44300929999999994,
            "stddev": 0.1867522657600348,
            "system": 0.04393819,
            "commit": "b261741ef692a6348ec86cd0e0811db08376c312",
            "version": "3.13.1"
        }
    ]
}