{
    "results": [
        {
            "command": "npm install jquery",
            "mean": 18.74490233058,
            "median": 18.54948312288,
            "max": 20.852223406380002,
            "min": 17.58111983138,
            "user": 18.17809518,
            "stddev": 1.0318977765981527,
            "system": 0.9450474950000001,
            "commit": "b261741ef692a6348ec86cd0e0811db08376c312",
            "version": "6.0.0-6-next.24"
        }
    ]
}