{
    "results": [
        {
            "command": "npm info jquery",
            "mean": 1.1415234110649999,
            "median": 1.126005235665,
            "max": 1.326222335665,
            "min": 1.030279777665,
            "user": 0.592805145,
            "stddev": 0.1019982100305651,
            "system": 0.07829430999999999,
            "commit": "b261741ef692a6348ec86cd0e0811db08376c312",
            "version": "6.0.0-6-next.24"
        }
    ]
}