{
    "results": [
        {
            "command": null,
            "mean": 1.086834309165,
            "median": 1.026276025365,
            "max": 1.4412363348650001,
            "min": 0.965928552865
        }
    ]
}