{
    "results": [
        {
            "command": null,
            "mean": 18.74490233058,
            "median": 18.54948312288,
            "max": 20.852223406380002,
            "min": 17.58111983138
        }
    ]
}