{
    "results": [
        {
            "command": "npm install jquery",
            "mean": 13.18058576641,
            "median": 13.06159990211,
            "max": 14.31526219461,
            "min": 12.709656219609998,
            "user": 12.221224825,
            "stddev": 0.48449040510032204,
            "system": 0.65080781,
            "commit": "b261741ef692a6348ec86cd0e0811db08376c312",
            "version": "3.13.1"
        }
    ]
}