{
    "results": [
        {
            "command": "npm install jquery",
            "mean": 10.080409263300002,
            "median": 9.8889194496,
            "max": 11.6129242201,
            "min": 9.6646171741,
            "user": 11.151826045,
            "stddev": 0.5565423053160863,
            "system": 0.6344572850000001,
            "commit": "d390a661582c67d4f7b2c8247a6247d7704984d3",
            "version": "5.1.3"
        }
    ]
}