{
    "results": [
        {
            "command": "npm install jquery",
            "mean": 13.11948317272,
            "median": 13.03041668002,
            "max": 14.33722432802,
            "min": 12.66987340302,
            "user": 12.655826215000001,
            "stddev": 0.4566347002047083,
            "system": 0.64725292,
            "commit": "09a7cf345658047a85d44d0b85594c58270cdf26",
            "version": "4.12.1"
        }
    ]
}