{
    "results": [
        {
            "command": "npm info jquery",
            "mean": 1.13875315017,
            "median": 1.14248171977,
            "max": 1.26124989727,
            "min": 1.0512541222699998,
            "user": 0.5204242,
            "stddev": 0.06299957382810613,
            "system": 0.05337658499999999,
            "commit": "54b17f4442f9ed8255656a66209476a220e94eea",
            "version": "3.13.1"
        }
    ]
}