{
    "results": [
        {
            "command": "npm info jquery",
            "mean": 1.3075412838850002,
            "median": 1.241795871385,
            "max": 1.701596387385,
            "min": 1.174850033385,
            "user": 0.5120429649999999,
            "stddev": 0.16081364716823232,
            "system": 0.05165558499999999,
            "commit": "54b17f4442f9ed8255656a66209476a220e94eea",
            "version": "3.13.1"
        }
    ]
}