{
    "results": [
        {
            "command": "npm install jquery",
            "mean": 17.84131774751,
            "median": 17.08214591881,
            "max": 24.98701135181,
            "min": 16.520080531810002,
            "user": 17.176364940000003,
            "stddev": 2.5739469128220347,
            "system": 0.85634096,
            "commit": "586f1b06845b2c43e0f308915ab0a3c2c68999c2",
            "version": "5.1.2"
        }
    ]
}