{
    "results": [
        {
            "command": null,
            "mean": 17.570684926250003,
            "median": 15.29844426995,
            "max": 23.292571294450003,
            "min": 14.81202115945
        }
    ]
}