{
    "results": [
        {
            "command": null,
            "mean": 1.3922184185200002,
            "median": 1.27790349112,
            "max": 1.91272479162,
            "min": 1.21714226662
        }
    ]
}