{
    "results": [
        {
            "command": null,
            "mean": 0.9822501519250002,
            "median": 0.9560557603250002,
            "max": 1.238806222825,
            "min": 0.921095625825
        }
    ]
}