{
    "results": [
        {
            "command": null,
            "mean": 17.470417135275,
            "median": 16.143366763574996,
            "max": 22.650290368575,
            "min": 15.565906037575001
        }
    ]
}