{
    "results": [
        {
            "command": "npm info jquery",
            "mean": 0.9822501519250002,
            "median": 0.9560557603250002,
            "max": 1.238806222825,
            "min": 0.921095625825,
            "user": 0.52472833,
            "stddev": 0.09205854618759036,
            "system": 0.05683619499999999,
            "commit": "8a8f2b6774d50c12ce8d0e87e3e4f847478a0e10",
            "version": "5.1.2"
        }
    ]
}