{
    "results": [
        {
            "command": "npm install jquery",
            "mean": 17.470417135275,
            "median": 16.143366763574996,
            "max": 22.650290368575,
            "min": 15.565906037575001,
            "user": 16.72832537,
            "stddev": 2.7908472089066656,
            "system": 0.7496962049999999,
            "commit": "8a8f2b6774d50c12ce8d0e87e3e4f847478a0e10",
            "version": "3.13.1"
        }
    ]
}