{
    "results": [
        {
            "command": "npm info jquery",
            "mean": 1.3922184185200002,
            "median": 1.27790349112,
            "max": 1.91272479162,
            "min": 1.21714226662,
            "user": 0.555771475,
            "stddev": 0.23941443030722298,
            "system": 0.05215466499999999,
            "commit": "8a8f2b6774d50c12ce8d0e87e3e4f847478a0e10",
            "version": "4.12.2"
        }
    ]
}