{
    "results": [
        {
            "command": "npm install jquery",
            "mean": 11.925924165229999,
            "median": 11.885840580230001,
            "max": 12.296543542230001,
            "min": 11.664465024230001,
            "user": 11.263344559999998,
            "stddev": 0.19812395075700373,
            "system": 0.6208523699999999,
            "commit": "82cb0f2bff899df3c35f7637f3b5c1067b160b60",
            "version": "5.7.0"
        }
    ]
}