{
    "results": [
        {
            "command": "npm install jquery",
            "mean": 12.957651380535001,
            "median": 12.950931251235,
            "max": 13.724216366735,
            "min": 12.221807552735,
            "user": 12.198264199999999,
            "stddev": 0.5093035333464271,
            "system": 0.668474095,
            "commit": "73e6863426497b61ff1b3e61b577909b70cf683d",
            "version": "3.13.1"
        }
    ]
}