{
    "results": [
        {
            "command": "npm install jquery",
            "mean": 15.603037465309999,
            "median": 15.48109673651,
            "max": 16.74623656651,
            "min": 15.184123244510001,
            "user": 14.873690725,
            "stddev": 0.44303064298717637,
            "system": 0.7468685649999999,
            "commit": "7aff3dcb9c67247594ec54c507852a58caa10a17",
            "version": "5.1.0"
        }
    ]
}