{
    "results": [
        {
            "command": "npm info jquery",
            "mean": 0.8887353100800001,
            "median": 0.89558932278,
            "max": 0.95761066328,
            "min": 0.82127369928,
            "user": 0.36121058500000003,
            "stddev": 0.056382355344835065,
            "system": 0.05476028000000001,
            "commit": "4afb06347abe1b433c4367b35a9e35b58484e1a0",
            "version": "5.10.2"
        }
    ]
}