{
    "results": [
        {
            "command": "npm info jquery",
            "mean": 0.99329984011,
            "median": 0.9713797903100001,
            "max": 1.0955167943100002,
            "min": 0.9567446993100001,
            "user": 0.425672405,
            "stddev": 0.04507697046888926,
            "system": 0.046903455000000004,
            "commit": "586f1b06845b2c43e0f308915ab0a3c2c68999c2",
            "version": "4.12.2"
        }
    ]
}