{
    "results": [
        {
            "command": "npm install jquery",
            "mean": 13.341841937715,
            "median": 13.275268063215,
            "max": 14.387618521715,
            "min": 12.926091112715,
            "user": 12.859378694999998,
            "stddev": 0.4454265647520758,
            "system": 0.6922118549999999,
            "commit": "625f529fe9d6ce2364b811ffca904fe9876a0050",
            "version": "4.12.2"
        }
    ]
}