{
    "results": [
        {
            "command": null,
            "mean": 1.17021277203,
            "median": 1.07048482763,
            "max": 1.46909205913,
            "min": 1.02680427913
        }
    ]
}