{
    "results": [
        {
            "command": null,
            "mean": 12.10742358776,
            "median": 11.620387112259998,
            "max": 16.16098709476,
            "min": 11.32457772776
        }
    ]
}