{
    "results": [
        {
            "command": null,
            "mean": 11.851829105924999,
            "median": 11.800074260025,
            "max": 12.572038305525,
            "min": 11.637962159525
        }
    ]
}