{
    "results": [
        {
            "command": null,
            "mean": 0.93180832316,
            "median": 0.89111762616,
            "max": 1.09075971066,
            "min": 0.83901694666
        }
    ]
}