{
    "results": [
        {
            "command": "npm install jquery",
            "mean": 11.907589079554999,
            "median": 11.664363134755,
            "max": 13.550521002255001,
            "min": 11.311919567255,
            "user": 12.76954442,
            "stddev": 0.6992851289190612,
            "system": 0.66946585,
            "commit": "57d26af66175042c8c780edfa6e25c0cf259a653",
            "version": "6.0.0-6-next.24"
        }
    ]
}