{
    "results": [
        {
            "command": "npm info jquery",
            "mean": 1.0248630079349998,
            "median": 0.9090199760350001,
            "max": 1.577148465035,
            "min": 0.8333485430350001,
            "user": 0.43491841,
            "stddev": 0.2569606412556292,
            "system": 0.045168155,
            "commit": "57d26af66175042c8c780edfa6e25c0cf259a653",
            "version": "6.0.0-6-next.24"
        }
    ]
}