{
    "results": [
        {
            "command": "npm info jquery",
            "mean": 0.93180832316,
            "median": 0.89111762616,
            "max": 1.09075971066,
            "min": 0.83901694666,
            "user": 0.42676811500000006,
            "stddev": 0.09631270212911419,
            "system": 0.039120140000000005,
            "commit": "57d26af66175042c8c780edfa6e25c0cf259a653",
            "version": "3.13.1"
        }
    ]
}