{
    "results": [
        {
            "command": "npm info jquery",
            "mean": 1.170026424745,
            "median": 1.1661072248450002,
            "max": 1.2000481288450002,
            "min": 1.1540689808450002,
            "user": 0.46982186499999995,
            "stddev": 0.013521302520465746,
            "system": 0.05364935,
            "commit": "57d26af66175042c8c780edfa6e25c0cf259a653",
            "version": "4.12.2"
        }
    ]
}