{
    "results": [
        {
            "command": null,
            "mean": 8.743367409080001,
            "median": 8.228418520480002,
            "max": 11.00818984948,
            "min": 7.90183268648
        }
    ]
}