{
    "results": [
        {
            "command": "npm install jquery",
            "mean": 13.983765277885002,
            "median": 13.895885410485,
            "max": 14.973020922485,
            "min": 13.564233669485,
            "user": 13.47959748,
            "stddev": 0.4284962660856232,
            "system": 0.6999452199999998,
            "commit": "b6495d5b6c028fc7184912deaa1e7848846241a5",
            "version": "3.13.1"
        }
    ]
}