{
    "results": [
        {
            "command": null,
            "mean": 0.9745221705350001,
            "median": 0.947171822035,
            "max": 1.049455106035,
            "min": 0.933430108035
        }
    ]
}