{
    "results": [
        {
            "command": "npm info jquery",
            "mean": 0.9745221705350001,
            "median": 0.947171822035,
            "max": 1.049455106035,
            "min": 0.933430108035,
            "user": 0.51172584,
            "stddev": 0.04599240290511505,
            "system": 0.046340525,
            "commit": "b6495d5b6c028fc7184912deaa1e7848846241a5",
            "version": "3.13.1"
        }
    ]
}