{
    "results": [
        {
            "command": "npm install jquery",
            "mean": 12.283303426790003,
            "median": 11.728298179990002,
            "max": 16.51741122599,
            "min": 11.492635627990001,
            "user": 11.548159314999998,
            "stddev": 1.5353024030056501,
            "system": 0.5854918999999998,
            "commit": "b6495d5b6c028fc7184912deaa1e7848846241a5",
            "version": "4.12.2"
        }
    ]
}