{
    "results": [
        {
            "command": "npm info jquery",
            "mean": 1.1448099285200002,
            "median": 1.10044775092,
            "max": 1.3515580844200001,
            "min": 1.0608478804200001,
            "user": 0.5423971599999999,
            "stddev": 0.09111496396764936,
            "system": 0.057179429999999996,
            "commit": "b6495d5b6c028fc7184912deaa1e7848846241a5",
            "version": "5.1.2"
        }
    ]
}