{
    "results": [
        {
            "command": null,
            "mean": 17.485416392555003,
            "median": 16.597105333055,
            "max": 23.884439159055,
            "min": 16.328517789055
        }
    ]
}