{
    "results": [
        {
            "command": "npm install jquery",
            "mean": 16.850286054175005,
            "median": 16.514885167875,
            "max": 19.260304404875,
            "min": 16.206543146875,
            "user": 15.86223953,
            "stddev": 0.9122998566037147,
            "system": 0.8084713499999998,
            "commit": "b6495d5b6c028fc7184912deaa1e7848846241a5",
            "version": "3.13.1"
        }
    ]
}