{
    "results": [
        {
            "command": "npm install jquery",
            "mean": 13.908837040575003,
            "median": 12.896103157975,
            "max": 18.017538576975,
            "min": 12.674240067975,
            "user": 13.058373974999999,
            "stddev": 2.10529239476743,
            "system": 0.6124191649999998,
            "commit": "586f1b06845b2c43e0f308915ab0a3c2c68999c2",
            "version": "5.1.2"
        }
    ]
}