{
    "results": [
        {
            "command": null,
            "mean": 13.954436176745,
            "median": 13.853191893544999,
            "max": 14.558177641544999,
            "min": 13.542723287545
        }
    ]
}