{
    "results": [
        {
            "command": null,
            "mean": 1.129289848305,
            "median": 1.102601124205,
            "max": 1.294409900205,
            "min": 1.042094675205
        }
    ]
}