{
    "results": [
        {
            "command": null,
            "mean": 14.168384887715002,
            "median": 13.841349743315,
            "max": 17.066601865815,
            "min": 13.438659254815
        }
    ]
}