{
    "results": [
        {
            "command": null,
            "mean": 0.8730214458100001,
            "median": 0.85708375961,
            "max": 0.9321936981100001,
            "min": 0.84902779311
        }
    ]
}