{
    "results": [
        {
            "command": null,
            "mean": 16.03953677661,
            "median": 16.00488988171,
            "max": 16.980609917709998,
            "min": 15.30917861771
        }
    ]
}