{
    "results": [
        {
            "command": "npm info jquery",
            "mean": 1.2610378956,
            "median": 1.2400505165999998,
            "max": 1.3854883600999999,
            "min": 1.1949540601,
            "user": 0.511891645,
            "stddev": 0.062031085221218155,
            "system": 0.06703429999999999,
            "commit": "d04153a8e5323d2fa6512f7b4e11f03eab6448f0",
            "version": "3.13.1"
        }
    ]
}