{
    "results": [
        {
            "command": null,
            "mean": 10.452768245925,
            "median": 10.280327378225,
            "max": 11.580607803225,
            "min": 10.108319622225
        }
    ]
}