{
    "results": [
        {
            "command": "npm info jquery",
            "mean": 1.0706993990050002,
            "median": 1.024549236205,
            "max": 1.3590047977050002,
            "min": 0.967977856705,
            "user": 0.42103224999999994,
            "stddev": 0.13205866910385375,
            "system": 0.05515470499999999,
            "commit": "02c5e76eec873685a6a96f62517e3f77ab488103",
            "version": "6.0.0-6-next.27"
        }
    ]
}