{
    "results": [
        {
            "command": null,
            "mean": 1.0706993990050002,
            "median": 1.024549236205,
            "max": 1.3590047977050002,
            "min": 0.967977856705
        }
    ]
}