{
    "results": [
        {
            "command": null,
            "mean": 10.690680909894999,
            "median": 10.547607616095,
            "max": 11.931465039095,
            "min": 10.362997081095
        }
    ]
}