{
    "results": [
        {
            "command": null,
            "mean": 12.383615603700001,
            "median": 12.249441775400001,
            "max": 13.7607806949,
            "min": 12.0884744709
        }
    ]
}