{
    "results": [
        {
            "command": "npm info jquery",
            "mean": 1.024301220755,
            "median": 1.0151450952549999,
            "max": 1.098915100755,
            "min": 0.9561409207550001,
            "user": 0.42495487500000007,
            "stddev": 0.04958245796220698,
            "system": 0.046889799999999995,
            "commit": "02c5e76eec873685a6a96f62517e3f77ab488103",
            "version": "4.12.2"
        }
    ]
}