{
    "results": [
        {
            "command": null,
            "mean": 0.9257328853000001,
            "median": 0.9170528902000001,
            "max": 1.0446529867,
            "min": 0.8790425347
        }
    ]
}