{
    "results": [
        {
            "command": null,
            "mean": 15.160057271404998,
            "median": 15.156659933204999,
            "max": 16.120742344205,
            "min": 14.445573140205001
        }
    ]
}