{
    "results": [
        {
            "command": null,
            "mean": 0.8817981086250002,
            "median": 0.8722198390250001,
            "max": 0.9924687845250001,
            "min": 0.8537947975250001
        }
    ]
}