{
    "results": [
        {
            "command": "npm info jquery",
            "mean": 0.897803736975,
            "median": 0.882834382575,
            "max": 1.010706006575,
            "min": 0.8605006405750001,
            "user": 0.4711831649999999,
            "stddev": 0.044422059298240814,
            "system": 0.04450299,
            "commit": "b6495d5b6c028fc7184912deaa1e7848846241a5",
            "version": "5.1.2"
        }
    ]
}