{
    "results": [
        {
            "command": "npm install jquery",
            "mean": 11.549692369609998,
            "median": 11.365934916809998,
            "max": 12.51150470481,
            "min": 10.96495056981,
            "user": 10.924006944999999,
            "stddev": 0.4412229330856623,
            "system": 0.56574762,
            "commit": "90b8bc242c9f801b1b91c7f31d10348ab860c677",
            "version": "3.13.1"
        }
    ]
}