{
    "results": [
        {
            "command": "npm info jquery",
            "mean": 1.2153523998650002,
            "median": 1.206832624065,
            "max": 1.2739590865650001,
            "min": 1.188435380565,
            "user": 0.5069039999999999,
            "stddev": 0.027637422312399774,
            "system": 0.056875159999999994,
            "commit": "4cd71c64091e8788b858b212b86d5286de160fe3",
            "version": "5.5.2"
        }
    ]
}