{
    "results": [
        {
            "command": "npm install jquery",
            "mean": 14.193585745574998,
            "median": 14.078611560075,
            "max": 15.582045481575,
            "min": 13.839557168574999,
            "user": 13.746268910000001,
            "stddev": 0.49789081212083774,
            "system": 0.6682738699999998,
            "commit": "2197d08e425086d721b5da8f7dfe03130ab140df",
            "version": "3.13.1"
        }
    ]
}