{
    "results": [
        {
            "command": "npm info jquery",
            "mean": 0.9849628328849999,
            "median": 0.9638041244850001,
            "max": 1.0940435279849998,
            "min": 0.9443991229850001,
            "user": 0.53289177,
            "stddev": 0.056081079394718236,
            "system": 0.05544950499999999,
            "commit": "09a7cf345658047a85d44d0b85594c58270cdf26",
            "version": "5.1.0"
        }
    ]
}