{
    "results": [
        {
            "command": "npm install jquery",
            "mean": 10.801982448605001,
            "median": 10.787800399505002,
            "max": 12.095307138505001,
            "min": 9.745552667505,
            "user": 10.958561790000001,
            "stddev": 0.8886457116312435,
            "system": 0.5664920800000001,
            "commit": "b8c7b771ad635f55c928b94cca19b68d9535c9a0",
            "version": "5.1.2"
        }
    ]
}