{
    "results": [
        {
            "command": null,
            "mean": 14.593180447129999,
            "median": 14.33645391193,
            "max": 16.34897411693,
            "min": 14.06251240393
        }
    ]
}