{
    "results": [
        {
            "command": "npm install jquery",
            "mean": 12.740537280535001,
            "median": 12.817388496835001,
            "max": 13.179143072335,
            "min": 12.090142977335,
            "user": 11.877662699999998,
            "stddev": 0.3247819272099534,
            "system": 0.6045096849999999,
            "commit": "0f0cbf2b2f86d576807e3298d736b09c1c02f524",
            "version": "3.13.1"
        }
    ]
}