{
    "results": [
        {
            "command": "npm info jquery",
            "mean": 1.10063151819,
            "median": 1.02626462819,
            "max": 1.63158430169,
            "min": 0.8799448776900001,
            "user": 0.42789851,
            "stddev": 0.24770808221104734,
            "system": 0.049370189999999994,
            "commit": "9fb5429d1865e7ccfe9e021332863baf596638b6",
            "version": "6.0.0-6-next.35"
        }
    ]
}