{
    "results": [
        {
            "command": "npm info jquery",
            "mean": 0.931509204895,
            "median": 0.9097964136950001,
            "max": 1.1793258671950002,
            "min": 0.8889261121950001,
            "user": 0.490470645,
            "stddev": 0.0877830278286537,
            "system": 0.04514945499999999,
            "commit": "f625c114bb5078200503bd165a495f4cd52a6e44",
            "version": "3.13.1"
        }
    ]
}