{
    "results": [
        {
            "command": null,
            "mean": 0.88556611523,
            "median": 0.8432778725300001,
            "max": 1.10127984953,
            "min": 0.79326566153
        }
    ]
}