{
    "results": [
        {
            "command": null,
            "mean": 13.106598732239998,
            "median": 13.02525715614,
            "max": 14.09837419414,
            "min": 12.82098482114
        }
    ]
}