{
    "results": [
        {
            "command": null,
            "mean": 1.0155400153199998,
            "median": 0.9988329459199999,
            "max": 1.14993946642,
            "min": 0.95115738842
        }
    ]
}