{
    "results": [
        {
            "command": null,
            "mean": 12.915399289615001,
            "median": 12.758266532415,
            "max": 14.006030022415,
            "min": 12.587658190415
        }
    ]
}