{
    "results": [
        {
            "command": "npm info jquery",
            "mean": 0.8443938895350002,
            "median": 0.846976588935,
            "max": 0.8554013979350001,
            "min": 0.8318617779350002,
            "user": 0.41254434,
            "stddev": 0.008387462660233413,
            "system": 0.04130529,
            "commit": "7aff3dcb9c67247594ec54c507852a58caa10a17",
            "version": "5.1.0"
        }
    ]
}