{
    "results": [
        {
            "command": "npm info jquery",
            "mean": 1.0155400153199998,
            "median": 0.9988329459199999,
            "max": 1.14993946642,
            "min": 0.95115738842,
            "user": 0.56090254,
            "stddev": 0.05622123345754357,
            "system": 0.050061539999999995,
            "commit": "7aff3dcb9c67247594ec54c507852a58caa10a17",
            "version": "4.12.1"
        }
    ]
}