{
    "results": [
        {
            "command": null,
            "mean": 11.33186383876,
            "median": 11.20760609286,
            "max": 12.18067041936,
            "min": 11.04549688036
        }
    ]
}