{
    "results": [
        {
            "command": "npm info jquery",
            "mean": 0.83777481233,
            "median": 0.83502568363,
            "max": 0.86819252963,
            "min": 0.81966016063,
            "user": 0.418723305,
            "stddev": 0.014280777932561727,
            "system": 0.04055555,
            "commit": "54b17f4442f9ed8255656a66209476a220e94eea",
            "version": "3.13.1"
        }
    ]
}