{
    "results": [
        {
            "command": "npm info jquery",
            "mean": 1.0617681392,
            "median": 1.055868513,
            "max": 1.107988068,
            "min": 1.023996784,
            "user": 0.472362185,
            "stddev": 0.031692341756048154,
            "system": 0.05631741999999999,
            "commit": "a2c3fa9ea756163efb40f9c1e66d43b9ab0d2b2c",
            "version": "3.13.1"
        }
    ]
}