{
    "results": [
        {
            "command": null,
            "mean": 1.1848002337599999,
            "median": 1.1562642423599998,
            "max": 1.35197251836,
            "min": 1.0945743133599999
        }
    ]
}