{
    "results": [
        {
            "command": null,
            "mean": 11.27732652893,
            "median": 11.247199241530002,
            "max": 12.042160980030001,
            "min": 10.613350044030001
        }
    ]
}