{
    "results": [
        {
            "command": null,
            "mean": 10.668716387940002,
            "median": 10.63875264654,
            "max": 11.095895890040001,
            "min": 10.43034957304
        }
    ]
}