{
    "results": [
        {
            "command": null,
            "mean": 1.0617681392,
            "median": 1.055868513,
            "max": 1.107988068,
            "min": 1.023996784
        }
    ]
}