{
    "results": [
        {
            "command": "npm info jquery",
            "mean": 1.0490635841600002,
            "median": 1.02892266196,
            "max": 1.20000772946,
            "min": 1.01424491946,
            "user": 0.57764304,
            "stddev": 0.054695710435128386,
            "system": 0.06375487999999999,
            "commit": "c168b4e47a600d56f786a380d652478d7763153b",
            "version": "3.13.1"
        }
    ]
}