{
    "results": [
        {
            "command": "npm info jquery",
            "mean": 1.10831733379,
            "median": 1.11422901159,
            "max": 1.20451293659,
            "min": 1.0165406245900002,
            "user": 0.468302265,
            "stddev": 0.06576246333756688,
            "system": 0.05745467,
            "commit": "a73b0a9d1cd3c7bd02e614124564274de98014c3",
            "version": "3.13.1"
        }
    ]
}