{
    "results": [
        {
            "command": "npm info jquery",
            "mean": 1.056330580385,
            "median": 1.0190679342850002,
            "max": 1.3842142237850001,
            "min": 0.9524290277850002,
            "user": 0.5337408849999999,
            "stddev": 0.1326846515088529,
            "system": 0.05619920500000001,
            "commit": "2091f268d39654b175500e1962ed783effbb57f6",
            "version": "3.13.1"
        }
    ]
}