{
    "results": [
        {
            "command": "npm info jquery",
            "mean": 3.34723348742,
            "median": 1.38213428232,
            "max": 12.14334472832,
            "min": 1.25157858432,
            "user": 0.5571671749999999,
            "stddev": 3.44126086276862,
            "system": 0.05559897500000001,
            "commit": "20a5e571d16f45ca7ef0d2b6000181359784264c",
            "version": "4.12.2"
        }
    ]
}