{
    "results": [
        {
            "command": "npm info jquery",
            "mean": 0.96583532172,
            "median": 0.97328826172,
            "max": 0.99623175972,
            "min": 0.9351098277200001,
            "user": 0.42187193,
            "stddev": 0.020401725494249685,
            "system": 0.0423644,
            "commit": "1042f9bf76d86b582bd779111487e193a2d731ab",
            "version": "4.12.2"
        }
    ]
}