{
    "results": [
        {
            "command": "npm install jquery",
            "mean": 10.15032377159,
            "median": 10.07259859329,
            "max": 11.16074909179,
            "min": 9.787800465790001,
            "user": 9.507803325,
            "stddev": 0.38184682983986656,
            "system": 0.5363683949999999,
            "commit": "8c8f0e1600f089de6e3b69bbbc84833b2996e777",
            "version": "4.12.2"
        }
    ]
}