{
    "results": [
        {
            "command": "npm install jquery",
            "mean": 16.165019428630007,
            "median": 16.042771891130002,
            "max": 16.99151159363,
            "min": 15.90565352363,
            "user": 15.566924449999998,
            "stddev": 0.329783076796651,
            "system": 0.8094249499999998,
            "commit": "b970102bfc79742dc3f637927ba00a74159101ec",
            "version": "4.12.2"
        }
    ]
}