{
    "results": [
        {
            "command": null,
            "mean": 12.125214797685,
            "median": 12.066547937385002,
            "max": 13.607425106885001,
            "min": 11.414717672885
        }
    ]
}