{
    "results": [
        {
            "command": null,
            "mean": 10.68529332442,
            "median": 10.592856605320002,
            "max": 11.305686167320001,
            "min": 10.33640396032
        }
    ]
}