{
    "results": [
        {
            "command": null,
            "mean": 9.885698549625001,
            "median": 9.967130801025,
            "max": 10.353947115525001,
            "min": 9.435694559525
        }
    ]
}