{
    "results": [
        {
            "command": null,
            "mean": 14.143491244355,
            "median": 14.046023498155,
            "max": 14.749487316155,
            "min": 13.730531454155
        }
    ]
}