{
    "results": [
        {
            "command": "npm info jquery",
            "mean": 1.337838366135,
            "median": 1.338896826835,
            "max": 1.5141100998350001,
            "min": 1.205450824835,
            "user": 0.500544615,
            "stddev": 0.12306256216821744,
            "system": 0.05787115,
            "commit": "d2f9013ece8fc3b37e16e9748d03bce2acd7aba5",
            "version": "3.13.1"
        }
    ]
}