{
    "results": [
        {
            "command": null,
            "mean": 1.337838366135,
            "median": 1.338896826835,
            "max": 1.5141100998350001,
            "min": 1.205450824835
        }
    ]
}