{
    "results": [
        {
            "command": "npm info jquery",
            "mean": 1.080474240585,
            "median": 1.016216775985,
            "max": 1.422485247985,
            "min": 0.9210637889850001,
            "user": 0.41029265000000004,
            "stddev": 0.14958399388552535,
            "system": 0.050936815,
            "commit": "d2f9013ece8fc3b37e16e9748d03bce2acd7aba5",
            "version": "4.12.2"
        }
    ]
}