{
    "results": [
        {
            "command": null,
            "mean": 10.38278359245,
            "median": 10.35020577965,
            "max": 11.05961654565,
            "min": 9.97806958765
        }
    ]
}