{
    "results": [
        {
            "command": "npm install jquery",
            "mean": 13.107632569135001,
            "median": 13.075249168734999,
            "max": 14.029826648735,
            "min": 12.391755571735,
            "user": 12.484129259999998,
            "stddev": 0.4840593496322277,
            "system": 0.6744789550000001,
            "commit": "9ae112e1295d5b533673be164c380c983959741b",
            "version": "4.12.2"
        }
    ]
}