{
    "results": [
        {
            "command": "npm info jquery",
            "mean": 1.1188778904150003,
            "median": 1.001488223515,
            "max": 2.2472888490150003,
            "min": 0.868980738015,
            "user": 0.44726636500000005,
            "stddev": 0.41418353134070846,
            "system": 0.0412412,
            "commit": "06e400cb34094f00e05d3593d2a62ea827a7e0be",
            "version": "4.12.2"
        }
    ]
}