{
    "results": [
        {
            "command": null,
            "mean": 13.03026676704,
            "median": 12.75406250094,
            "max": 14.22699579444,
            "min": 12.14854288244
        }
    ]
}