{
    "results": [
        {
            "command": null,
            "mean": 1.1188778904150003,
            "median": 1.001488223515,
            "max": 2.2472888490150003,
            "min": 0.868980738015
        }
    ]
}