{
    "results": [
        {
            "command": null,
            "mean": 13.879091265190002,
            "median": 13.707169680789999,
            "max": 15.44500148379,
            "min": 13.537408436789999
        }
    ]
}