{
    "results": [
        {
            "command": "npm info jquery",
            "mean": 1.015118329335,
            "median": 0.8676184766350001,
            "max": 2.062365707635,
            "min": 0.8353454806350001,
            "user": 0.43142117499999993,
            "stddev": 0.38355830858151774,
            "system": 0.043579509999999995,
            "commit": "06e400cb34094f00e05d3593d2a62ea827a7e0be",
            "version": "5.5.0"
        }
    ]
}