{
    "results": [
        {
            "command": null,
            "mean": 12.053062353240001,
            "median": 11.94959292434,
            "max": 12.86828392784,
            "min": 11.71075164084
        }
    ]
}