{
    "results": [
        {
            "command": null,
            "mean": 11.452892035755,
            "median": 11.204753548554999,
            "max": 13.680416563055,
            "min": 10.881721304054999
        }
    ]
}