{
    "results": [
        {
            "command": "npm install jquery",
            "mean": 11.452892035755,
            "median": 11.204753548554999,
            "max": 13.680416563055,
            "min": 10.881721304054999,
            "user": 10.576483410000002,
            "stddev": 0.8390934270076138,
            "system": 0.6139379499999998,
            "commit": "06e400cb34094f00e05d3593d2a62ea827a7e0be",
            "version": "6.0.0-6-next.30"
        }
    ]
}