{
    "results": [
        {
            "command": "npm install jquery",
            "mean": 14.051882451175,
            "median": 13.009844101475,
            "max": 23.931854150475,
            "min": 12.530401084475,
            "user": 12.127422274999999,
            "stddev": 3.4863658571202585,
            "system": 0.6159077349999998,
            "commit": "95ed3db43ce681824c9b40fa7eb8b09039d053ea",
            "version": "4.12.1"
        }
    ]
}