{
    "results": [
        {
            "command": "npm install jquery",
            "mean": 13.799090956110001,
            "median": 13.758303669110001,
            "max": 14.81170169361,
            "min": 13.34802967361,
            "user": 13.299441089999998,
            "stddev": 0.4455242378919578,
            "system": 0.657550955,
            "commit": "54b17f4442f9ed8255656a66209476a220e94eea",
            "version": "5.1.0"
        }
    ]
}