{
    "results": [
        {
            "command": "npm info jquery",
            "mean": 1.29794045548,
            "median": 1.2579114308800001,
            "max": 1.53339178238,
            "min": 1.2255589373800002,
            "user": 0.53003026,
            "stddev": 0.0943544554061054,
            "system": 0.065316515,
            "commit": "2cf0371c0ef348036e0c121d8ab22a777bd295a3",
            "version": "4.12.2"
        }
    ]
}