{
    "results": [
        {
            "command": null,
            "mean": 11.555090831845,
            "median": 11.516412786444999,
            "max": 12.350989158945,
            "min": 11.215115003945
        }
    ]
}