{
    "results": [
        {
            "command": null,
            "mean": 0.999442645015,
            "median": 0.9851464187150001,
            "max": 1.177623036715,
            "min": 0.9576481087150001
        }
    ]
}