{
    "results": [
        {
            "command": "npm info jquery",
            "mean": 1.2906926481099998,
            "median": 1.28140736391,
            "max": 1.33576185291,
            "min": 1.2728573969099999,
            "user": 0.5730432699999999,
            "stddev": 0.020823414856105747,
            "system": 0.06099015,
            "commit": "2cf0371c0ef348036e0c121d8ab22a777bd295a3",
            "version": "6.0.0-6-next.27"
        }
    ]
}