{
    "results": [
        {
            "command": null,
            "mean": 13.395984277975,
            "median": 13.270369472775002,
            "max": 14.350590999775001,
            "min": 13.001289836775001
        }
    ]
}