{
    "results": [
        {
            "command": null,
            "mean": 15.045947538475,
            "median": 14.768707372375001,
            "max": 17.096778451875,
            "min": 14.336230810875001
        }
    ]
}