{
    "results": [
        {
            "command": null,
            "mean": 1.29794045548,
            "median": 1.2579114308800001,
            "max": 1.53339178238,
            "min": 1.2255589373800002
        }
    ]
}