{
    "results": [
        {
            "command": "npm install jquery",
            "mean": 15.045947538475,
            "median": 14.768707372375001,
            "max": 17.096778451875,
            "min": 14.336230810875001,
            "user": 14.078228364999998,
            "stddev": 0.8079206274006104,
            "system": 0.730216255,
            "commit": "2cf0371c0ef348036e0c121d8ab22a777bd295a3",
            "version": "5.3.0"
        }
    ]
}