{
    "results": [
        {
            "command": null,
            "mean": 10.37713872522,
            "median": 10.28210688822,
            "max": 11.123548769720001,
            "min": 10.06378567472
        }
    ]
}