{
    "results": [
        {
            "command": "npm info jquery",
            "mean": 0.91639498605,
            "median": 0.91305724655,
            "max": 0.9522011460500001,
            "min": 0.88611222505,
            "user": 0.48180657,
            "stddev": 0.019228723690380492,
            "system": 0.057706204999999997,
            "commit": "a15c915b171517c69bbb1198b1b0d5367feac923",
            "version": "3.13.1"
        }
    ]
}