{
    "results": [
        {
            "command": "npm install jquery",
            "mean": 13.111696103805002,
            "median": 12.577353239505001,
            "max": 18.624011003505,
            "min": 12.326443201505,
            "user": 12.709261804999999,
            "stddev": 1.9409756244945169,
            "system": 0.65116732,
            "commit": "1042f9bf76d86b582bd779111487e193a2d731ab",
            "version": "3.13.1"
        }
    ]
}