{
    "results": [
        {
            "command": null,
            "mean": 19.779535096065,
            "median": 19.676407952065002,
            "max": 20.826649544565,
            "min": 18.952136863565002
        }
    ]
}