{
    "results": [
        {
            "command": null,
            "mean": 22.745122923065,
            "median": 22.778266389665,
            "max": 23.216116002165002,
            "min": 22.188312351165
        }
    ]
}