{
    "results": [
        {
            "command": null,
            "mean": 1.22038125343,
            "median": 1.1983134523299999,
            "max": 1.33563461983,
            "min": 1.15582219383
        }
    ]
}