{
    "results": [
        {
            "command": null,
            "mean": 20.414890189590004,
            "median": 20.408443061790003,
            "max": 20.656787741290003,
            "min": 20.074237062290003
        }
    ]
}