{
    "results": [
        {
            "command": null,
            "mean": 0.7871806101750001,
            "median": 0.791989061675,
            "max": 0.8061520391750001,
            "min": 0.745723111175
        }
    ]
}