{
    "results": [
        {
            "command": "npm install jquery",
            "mean": 10.631047732525,
            "median": 10.566289973425,
            "max": 11.930157772425,
            "min": 9.907961195424999,
            "user": 9.771656794999998,
            "stddev": 0.562466727309039,
            "system": 0.5443732500000001,
            "commit": "52d3442856ecfe521642f41976c2dbed731f7749",
            "version": "3.13.1"
        }
    ]
}