{
    "results": [
        {
            "command": "npm info jquery",
            "mean": 1.162867589755,
            "median": 1.1691145450550002,
            "max": 1.263521807555,
            "min": 1.088353482555,
            "user": 0.5638641899999999,
            "stddev": 0.053537809408409034,
            "system": 0.054286249999999994,
            "commit": "7aff3dcb9c67247594ec54c507852a58caa10a17",
            "version": "3.13.1"
        }
    ]
}