{
    "results": [
        {
            "command": "npm info jquery",
            "mean": 1.04401892198,
            "median": 1.0107927456799999,
            "max": 1.36564052968,
            "min": 0.97521890168,
            "user": 0.551458775,
            "stddev": 0.11442567384517138,
            "system": 0.06109790999999999,
            "commit": "d78c8b51539f8c0e6dc87ad273d1138927a14bb6",
            "version": "3.13.1"
        }
    ]
}