{
    "results": [
        {
            "command": "npm install jquery",
            "mean": 13.168238323325,
            "median": 13.125998434425,
            "max": 13.835613266925002,
            "min": 12.831166460925001,
            "user": 12.712956179999999,
            "stddev": 0.2799617592555924,
            "system": 0.7117498299999998,
            "commit": "b261741ef692a6348ec86cd0e0811db08376c312",
            "version": "3.13.1"
        }
    ]
}