{
    "results": [
        {
            "command": "npm install jquery",
            "mean": 16.181879143384997,
            "median": 15.109331489585,
            "max": 20.780646107585,
            "min": 14.633657469585,
            "user": 16.94137238,
            "stddev": 2.318616342805738,
            "system": 0.7889878899999998,
            "commit": "2645ae2e48e2e7feb7cba414c83991269b169870",
            "version": "5.1.2"
        }
    ]
}