{
    "results": [
        {
            "command": "npm info jquery",
            "mean": 1.5023496973000001,
            "median": 1.4748617690999999,
            "max": 1.8163234936000001,
            "min": 1.2410692736,
            "user": 0.5457887749999999,
            "stddev": 0.20367958624540716,
            "system": 0.05763862999999999,
            "commit": "c2a1f4a73ad04c3f2d2bc784a9f3c33d036eeff9",
            "version": "4.12.2"
        }
    ]
}