{
    "results": [
        {
            "command": "npm info jquery",
            "mean": 0.9675583729800001,
            "median": 0.94479052868,
            "max": 1.13875089868,
            "min": 0.9293009576800001,
            "user": 0.51712219,
            "stddev": 0.062282308095073895,
            "system": 0.04630842499999999,
            "commit": "54b17f4442f9ed8255656a66209476a220e94eea",
            "version": "3.13.1"
        }
    ]
}