{
    "results": [
        {
            "command": "npm install jquery",
            "mean": 16.114883113465,
            "median": 15.839020492965,
            "max": 17.951922256465,
            "min": 15.643693053465,
            "user": 15.464679094999997,
            "stddev": 0.676726096120127,
            "system": 0.8023469950000001,
            "commit": "b261741ef692a6348ec86cd0e0811db08376c312",
            "version": "6.0.0-6-next.24"
        }
    ]
}