{
    "results": [
        {
            "command": null,
            "mean": 18.086379119685,
            "median": 17.129689037585,
            "max": 27.144730943085,
            "min": 16.675567463085
        }
    ]
}