{
    "results": [
        {
            "command": null,
            "mean": 1.1026945546049998,
            "median": 0.9970392886049999,
            "max": 1.522222893105,
            "min": 0.9611772941050001
        }
    ]
}