{
    "results": [
        {
            "command": "npm install jquery",
            "mean": 14.189133404394997,
            "median": 14.148535860594999,
            "max": 15.148409668094999,
            "min": 13.875813369094999,
            "user": 13.761410004999998,
            "stddev": 0.3585656117909519,
            "system": 0.713628465,
            "commit": "b6495d5b6c028fc7184912deaa1e7848846241a5",
            "version": "4.12.2"
        }
    ]
}