{
    "results": [
        {
            "command": "npm info jquery",
            "mean": 1.156434631855,
            "median": 1.147806263055,
            "max": 1.308925809055,
            "min": 1.078059901055,
            "user": 0.550820855,
            "stddev": 0.07625828524378096,
            "system": 0.05529732499999999,
            "commit": "b6495d5b6c028fc7184912deaa1e7848846241a5",
            "version": "4.12.2"
        }
    ]
}