{
    "results": [
        {
            "command": null,
            "mean": 14.189133404394997,
            "median": 14.148535860594999,
            "max": 15.148409668094999,
            "min": 13.875813369094999
        }
    ]
}