{
    "results": [
        {
            "command": "npm info jquery",
            "mean": 1.01477393926,
            "median": 0.93753879216,
            "max": 1.39854479316,
            "min": 0.8943312541600001,
            "user": 0.48112663499999997,
            "stddev": 0.1767206700508929,
            "system": 0.049745595000000004,
            "commit": "b6495d5b6c028fc7184912deaa1e7848846241a5",
            "version": "5.1.2"
        }
    ]
}