{
    "results": [
        {
            "command": "npm info jquery",
            "mean": 0.833624552715,
            "median": 0.830770831015,
            "max": 0.857423438015,
            "min": 0.821127525015,
            "user": 0.41486671499999994,
            "stddev": 0.01038956817603779,
            "system": 0.043833594999999996,
            "commit": "95ed3db43ce681824c9b40fa7eb8b09039d053ea",
            "version": "3.13.1"
        }
    ]
}