{
    "results": [
        {
            "command": "npm install jquery",
            "mean": 11.803998670955,
            "median": 11.785069117055,
            "max": 12.541851993055,
            "min": 11.402032638055001,
            "user": 11.240657735,
            "stddev": 0.3154680298077571,
            "system": 0.5746356100000001,
            "commit": "54b17f4442f9ed8255656a66209476a220e94eea",
            "version": "5.1.0"
        }
    ]
}