{
    "results": [
        {
            "command": "npm info jquery",
            "mean": 0.7760128979600001,
            "median": 0.7602583671600001,
            "max": 0.9359804141600001,
            "min": 0.7333748841600001,
            "user": 0.34836451000000007,
            "stddev": 0.05830516046107009,
            "system": 0.03291891500000001,
            "commit": "3f984485663477492172960dbf65d89603597de0",
            "version": "5.10.2"
        }
    ]
}