{
    "results": [
        {
            "command": "npm install jquery",
            "mean": 11.736914292835001,
            "median": 11.584473510035,
            "max": 12.782841437535001,
            "min": 11.498458260535001,
            "user": 10.65776878,
            "stddev": 0.38994794330512,
            "system": 0.6069915000000001,
            "commit": "e0d639a1a6c9db97eea51882723ad253f3aa3a85",
            "version": "6.0.0-6-next.30"
        }
    ]
}