{
    "results": [
        {
            "command": null,
            "mean": 13.571144696400001,
            "median": 13.4392485236,
            "max": 15.0547564086,
            "min": 13.0668149096
        }
    ]
}