{
    "results": [
        {
            "command": "npm info jquery",
            "mean": 1.03573792566,
            "median": 1.01626611396,
            "max": 1.2532842874599999,
            "min": 0.97832272046,
            "user": 0.5643318999999998,
            "stddev": 0.07855303831628133,
            "system": 0.06206720499999999,
            "commit": "b6495d5b6c028fc7184912deaa1e7848846241a5",
            "version": "5.1.2"
        }
    ]
}