{
    "results": [
        {
            "command": null,
            "mean": 16.569479638105,
            "median": 16.444869112305,
            "max": 17.929034770305,
            "min": 15.962103419305
        }
    ]
}