{
    "results": [
        {
            "command": null,
            "mean": 1.03573792566,
            "median": 1.01626611396,
            "max": 1.2532842874599999,
            "min": 0.97832272046
        }
    ]
}