{
    "results": [
        {
            "command": "npm install jquery",
            "mean": 16.569479638105,
            "median": 16.444869112305,
            "max": 17.929034770305,
            "min": 15.962103419305,
            "user": 15.893081694999998,
            "stddev": 0.5748934108489804,
            "system": 0.85972315,
            "commit": "b6495d5b6c028fc7184912deaa1e7848846241a5",
            "version": "4.12.2"
        }
    ]
}