{
    "results": [
        {
            "command": "npm install jquery",
            "mean": 16.84545850205,
            "median": 15.77000468855,
            "max": 21.03707813805,
            "min": 15.21593810605,
            "user": 15.939333845000002,
            "stddev": 2.2152751848924446,
            "system": 0.7370923899999999,
            "commit": "b6495d5b6c028fc7184912deaa1e7848846241a5",
            "version": "3.13.1"
        }
    ]
}