{
    "results": [
        {
            "command": "npm install jquery",
            "mean": 13.571144696400001,
            "median": 13.4392485236,
            "max": 15.0547564086,
            "min": 13.0668149096,
            "user": 12.846324114999998,
            "stddev": 0.5584130246460278,
            "system": 0.6662762149999999,
            "commit": "b6495d5b6c028fc7184912deaa1e7848846241a5",
            "version": "5.1.2"
        }
    ]
}