{
    "results": [
        {
            "command": "npm info jquery",
            "mean": 1.11658948174,
            "median": 1.10863048594,
            "max": 1.2424549369400002,
            "min": 1.02117637294,
            "user": 0.516070975,
            "stddev": 0.07624780289187237,
            "system": 0.056645295,
            "commit": "b6495d5b6c028fc7184912deaa1e7848846241a5",
            "version": "3.13.1"
        }
    ]
}