{
    "results": [
        {
            "command": null,
            "mean": 16.84545850205,
            "median": 15.77000468855,
            "max": 21.03707813805,
            "min": 15.21593810605
        }
    ]
}