{
    "results": [
        {
            "command": "npm info jquery",
            "mean": 1.00844784853,
            "median": 0.99850165823,
            "max": 1.15048941673,
            "min": 0.9272873327300001,
            "user": 0.4223957199999999,
            "stddev": 0.05769556908192665,
            "system": 0.04313100499999999,
            "commit": "8ea24df16ad114430feb85827b7effb0cd2f5bc3",
            "version": "4.12.2"
        }
    ]
}