{
    "results": [
        {
            "command": "npm install jquery",
            "mean": 13.012592845005003,
            "median": 12.915779272105,
            "max": 14.550895813605,
            "min": 12.508691749605001,
            "user": 12.057523735,
            "stddev": 0.5889845703797878,
            "system": 0.631532855,
            "commit": "02be97fc3a2c641ada1a3b48818156338b74313f",
            "version": "3.13.1"
        }
    ]
}