{
    "results": [
        {
            "command": "npm info jquery",
            "mean": 1.3869089515350002,
            "median": 1.271516081535,
            "max": 1.904466452035,
            "min": 1.211285237035,
            "user": 0.5420571149999999,
            "stddev": 0.24876945756547827,
            "system": 0.058000595,
            "commit": "8a8f2b6774d50c12ce8d0e87e3e4f847478a0e10",
            "version": "3.13.1"
        }
    ]
}