{
    "results": [
        {
            "command": "npm info jquery",
            "mean": 1.22564849645,
            "median": 1.2044946782500001,
            "max": 1.35247239975,
            "min": 1.13957745075,
            "user": 0.48390363999999997,
            "stddev": 0.062202023596977664,
            "system": 0.05857559,
            "commit": "b261741ef692a6348ec86cd0e0811db08376c312",
            "version": "4.12.2"
        }
    ]
}