{
    "results": [
        {
            "command": null,
            "mean": 0.986634753425,
            "median": 0.962366712625,
            "max": 1.096684027125,
            "min": 0.933601126125
        }
    ]
}