{
    "results": [
        {
            "command": "npm info jquery",
            "mean": 1.0439961102850002,
            "median": 1.038585390785,
            "max": 1.211846090785,
            "min": 0.927728982785,
            "user": 0.39954604,
            "stddev": 0.08847882817929721,
            "system": 0.051646445,
            "commit": "d6febce1d9fc4e52d9db43fc393ab6232ef59f12",
            "version": "3.13.1"
        }
    ]
}