{
    "results": [
        {
            "command": null,
            "mean": 10.21722366208,
            "median": 10.111763101480001,
            "max": 10.93868406598,
            "min": 9.92726115998
        }
    ]
}