{
    "results": [
        {
            "command": null,
            "mean": 1.03287966728,
            "median": 1.01091680028,
            "max": 1.16861833128,
            "min": 0.98072535128
        }
    ]
}