{
    "results": [
        {
            "command": null,
            "mean": 9.839346948830002,
            "median": 9.799650335430002,
            "max": 10.49156871893,
            "min": 9.31206707093
        }
    ]
}