{
    "results": [
        {
            "command": null,
            "mean": 1.0439961102850002,
            "median": 1.038585390785,
            "max": 1.211846090785,
            "min": 0.927728982785
        }
    ]
}