{
    "results": [
        {
            "command": null,
            "mean": 11.93246588278,
            "median": 11.524528050279999,
            "max": 15.08571133778,
            "min": 11.26998954778
        }
    ]
}