{
    "results": [
        {
            "command": null,
            "mean": 0.99254841963,
            "median": 0.99624198003,
            "max": 1.09779136503,
            "min": 0.9098029580300001
        }
    ]
}