{
    "results": [
        {
            "command": "npm info jquery",
            "mean": 1.28298512718,
            "median": 1.22605284358,
            "max": 1.7766058415800001,
            "min": 0.9971293235800001,
            "user": 0.48595439999999995,
            "stddev": 0.2685917295516734,
            "system": 0.04713213499999999,
            "commit": "31050ee369f6811de2012e3a55db1a6880965bc3",
            "version": "4.12.2"
        }
    ]
}