{
    "results": [
        {
            "command": null,
            "mean": 12.592739772285,
            "median": 12.066866172485,
            "max": 16.940427145485,
            "min": 11.811026760485
        }
    ]
}