{
    "results": [
        {
            "command": "npm info jquery",
            "mean": 1.12846149568,
            "median": 1.03013514548,
            "max": 1.5132166164799998,
            "min": 0.9368823754800001,
            "user": 0.39527788499999994,
            "stddev": 0.20853449008242744,
            "system": 0.0437946,
            "commit": "4088cdef6ddf1aba074f00071ec40bbec4e1fda0",
            "version": "5.7.0"
        }
    ]
}