{
    "results": [
        {
            "command": null,
            "mean": 11.577627430655,
            "median": 11.486938171855002,
            "max": 12.157497894855,
            "min": 11.167786602855001
        }
    ]
}