{
    "results": [
        {
            "command": "npm info jquery",
            "mean": 1.2615288809199998,
            "median": 1.10239549842,
            "max": 1.7060398519200002,
            "min": 1.01648854192,
            "user": 0.42105567499999996,
            "stddev": 0.27840970383369906,
            "system": 0.04967690500000001,
            "commit": "4088cdef6ddf1aba074f00071ec40bbec4e1fda0",
            "version": "3.13.1"
        }
    ]
}