{
    "results": [
        {
            "command": "npm info jquery",
            "mean": 1.10870211522,
            "median": 1.08828878772,
            "max": 1.23158403522,
            "min": 1.03274517622,
            "user": 0.48194855499999995,
            "stddev": 0.07529854170826732,
            "system": 0.05564252999999999,
            "commit": "73b3479a3aa36ed295b39ecd45585ac57c320955",
            "version": "6.0.0-6-next.30"
        }
    ]
}