{
    "results": [
        {
            "command": "npm info jquery",
            "mean": 1.0340064476550002,
            "median": 1.002601569055,
            "max": 1.252595771555,
            "min": 0.9247684135550001,
            "user": 0.4931582,
            "stddev": 0.10881887249231577,
            "system": 0.06086841499999999,
            "commit": "9ae112e1295d5b533673be164c380c983959741b",
            "version": "4.12.2"
        }
    ]
}