{
    "results": [
        {
            "command": "npm info jquery",
            "mean": 0.948270523585,
            "median": 0.9402697309850001,
            "max": 1.023099696985,
            "min": 0.8997297099850001,
            "user": 0.49505494,
            "stddev": 0.034446199349235554,
            "system": 0.04634020999999999,
            "commit": "c45711ade518d4779047735153d7d964ae3e7a19",
            "version": "3.13.1"
        }
    ]
}