{
    "results": [
        {
            "command": "npm info jquery",
            "mean": 0.858566316795,
            "median": 0.837884049595,
            "max": 1.0561471065949999,
            "min": 0.817434152595,
            "user": 0.426635835,
            "stddev": 0.07103932138533989,
            "system": 0.037252675,
            "commit": "0f0cbf2b2f86d576807e3298d736b09c1c02f524",
            "version": "3.13.1"
        }
    ]
}