{
    "results": [
        {
            "command": null,
            "mean": 15.252292718585,
            "median": 15.135760093085,
            "max": 16.012810301585,
            "min": 14.645504355585
        }
    ]
}