{
    "results": [
        {
            "command": "npm install jquery",
            "mean": 14.714777826350002,
            "median": 14.22935228205,
            "max": 18.27378504955,
            "min": 13.50851201955,
            "user": 14.026696065,
            "stddev": 1.4180902655647307,
            "system": 0.711583265,
            "commit": "c168b4e47a600d56f786a380d652478d7763153b",
            "version": "6.0.0-6-next.24"
        }
    ]
}