{
    "results": [
        {
            "command": null,
            "mean": 15.573335486314997,
            "median": 15.501737952515,
            "max": 16.100779304015,
            "min": 15.015804720015
        }
    ]
}