{
    "results": [
        {
            "command": "npm info jquery",
            "mean": 1.16181161472,
            "median": 1.1822929589199997,
            "max": 1.44301088342,
            "min": 1.00734549142,
            "user": 0.5944915849999999,
            "stddev": 0.14034864512414755,
            "system": 0.06244685999999999,
            "commit": "c168b4e47a600d56f786a380d652478d7763153b",
            "version": "3.13.1"
        }
    ]
}