{
    "results": [
        {
            "command": null,
            "mean": 14.714777826350002,
            "median": 14.22935228205,
            "max": 18.27378504955,
            "min": 13.50851201955
        }
    ]
}