{
    "results": [
        {
            "command": "npm info jquery",
            "mean": 1.1285199144500002,
            "median": 1.11625396225,
            "max": 1.21806908625,
            "min": 1.0312266942500001,
            "user": 0.629268485,
            "stddev": 0.07096359020870796,
            "system": 0.07274017,
            "commit": "c168b4e47a600d56f786a380d652478d7763153b",
            "version": "5.1.3"
        }
    ]
}