{
    "results": [
        {
            "command": null,
            "mean": 1.1946789957,
            "median": 1.1472639092999999,
            "max": 1.4565989293,
            "min": 1.1195073682999999
        }
    ]
}