{
    "results": [
        {
            "command": null,
            "mean": 1.4749803451250003,
            "median": 1.457807480125,
            "max": 1.6482181551250001,
            "min": 1.345822882125
        }
    ]
}