{
    "results": [
        {
            "command": "npm install jquery",
            "mean": 15.573335486314997,
            "median": 15.501737952515,
            "max": 16.100779304015,
            "min": 15.015804720015,
            "user": 15.050563454999997,
            "stddev": 0.3124732238758618,
            "system": 0.7909731149999999,
            "commit": "c168b4e47a600d56f786a380d652478d7763153b",
            "version": "3.13.1"
        }
    ]
}