{
    "results": [
        {
            "command": "npm install jquery",
            "mean": 13.95864305375,
            "median": 13.97079247585,
            "max": 14.75895745885,
            "min": 12.93836184685,
            "user": 13.443283865000001,
            "stddev": 0.5264450019015078,
            "system": 0.6855896299999998,
            "commit": "c168b4e47a600d56f786a380d652478d7763153b",
            "version": "5.1.3"
        }
    ]
}