{
    "results": [
        {
            "command": null,
            "mean": 1.16181161472,
            "median": 1.1822929589199997,
            "max": 1.44301088342,
            "min": 1.00734549142
        }
    ]
}