{
    "results": [
        {
            "command": "npm info jquery",
            "mean": 1.520575507845,
            "median": 1.011346481545,
            "max": 5.781240645545,
            "min": 0.857098213545,
            "user": 0.43717322999999997,
            "stddev": 1.5196000264265874,
            "system": 0.040295059999999994,
            "commit": "b56d5cec39bc19828fd67dd476d72dcf983c107f",
            "version": "3.13.1"
        }
    ]
}