{
    "results": [
        {
            "command": "npm install jquery",
            "mean": 15.429060962755003,
            "median": 15.403148466754999,
            "max": 15.723925148255,
            "min": 15.199438696255,
            "user": 14.83239547,
            "stddev": 0.18679752477118453,
            "system": 0.8272792249999998,
            "commit": "f1308178282f5fa31c3e52b728ddeb86e5c29367",
            "version": "4.12.2"
        }
    ]
}