{
    "results": [
        {
            "command": "npm info jquery",
            "mean": 1.125826805685,
            "median": 1.020738280285,
            "max": 1.5620621107850001,
            "min": 0.9697944757850001,
            "user": 0.4454330349999999,
            "stddev": 0.2303297910372505,
            "system": 0.0431099,
            "commit": "d390a661582c67d4f7b2c8247a6247d7704984d3",
            "version": "6.0.0-6-next.24"
        }
    ]
}