{
    "results": [
        {
            "command": "npm info jquery",
            "mean": 0.910155710885,
            "median": 0.8508654402850001,
            "max": 1.149640138785,
            "min": 0.8351140997850001,
            "user": 0.40687196499999995,
            "stddev": 0.11425228439270847,
            "system": 0.042192934999999994,
            "commit": "f625c114bb5078200503bd165a495f4cd52a6e44",
            "version": "3.13.1"
        }
    ]
}