{
    "results": [
        {
            "command": null,
            "mean": 1.049448605325,
            "median": 1.000423897925,
            "max": 1.293811141925,
            "min": 0.9476963439250001
        }
    ]
}