{
    "results": [
        {
            "command": "npm info jquery",
            "mean": 0.89633533409,
            "median": 0.84306793639,
            "max": 1.31218854639,
            "min": 0.82361732739,
            "user": 0.4175592,
            "stddev": 0.1490175337761442,
            "system": 0.042518484999999995,
            "commit": "f625c114bb5078200503bd165a495f4cd52a6e44",
            "version": "5.1.2"
        }
    ]
}