{
    "results": [
        {
            "command": null,
            "mean": 0.910155710885,
            "median": 0.8508654402850001,
            "max": 1.149640138785,
            "min": 0.8351140997850001
        }
    ]
}