{
    "results": [
        {
            "command": null,
            "mean": 11.454897077770001,
            "median": 11.39151609497,
            "max": 12.22400215747,
            "min": 11.07655448747
        }
    ]
}