{
    "results": [
        {
            "command": "npm info jquery",
            "mean": 1.049448605325,
            "median": 1.000423897925,
            "max": 1.293811141925,
            "min": 0.9476963439250001,
            "user": 0.5451148849999999,
            "stddev": 0.11750889741592543,
            "system": 0.049941585,
            "commit": "f625c114bb5078200503bd165a495f4cd52a6e44",
            "version": "4.12.2"
        }
    ]
}