{
    "results": [
        {
            "command": null,
            "mean": 16.82564883512,
            "median": 15.989505052119998,
            "max": 24.54818080012,
            "min": 15.51987639312
        }
    ]
}