{
    "results": [
        {
            "command": null,
            "mean": 13.973654560579998,
            "median": 13.87890123468,
            "max": 14.94868011018,
            "min": 13.57076161818
        }
    ]
}