{
    "results": [
        {
            "command": null,
            "mean": 0.89633533409,
            "median": 0.84306793639,
            "max": 1.31218854639,
            "min": 0.82361732739
        }
    ]
}