{
    "results": [
        {
            "command": "npm install jquery",
            "mean": 12.80571304978,
            "median": 12.74343117838,
            "max": 13.71639782588,
            "min": 12.382428381879999,
            "user": 12.344240845,
            "stddev": 0.3745058533615386,
            "system": 0.6238010700000001,
            "commit": "7aff3dcb9c67247594ec54c507852a58caa10a17",
            "version": "5.1.0"
        }
    ]
}