{
    "results": [
        {
            "command": "npm info jquery",
            "mean": 0.779567464635,
            "median": 0.7779315040350001,
            "max": 0.805550301035,
            "min": 0.7551248770350001,
            "user": 0.36267626499999994,
            "stddev": 0.016145565043482427,
            "system": 0.03492915499999999,
            "commit": "9fea291ebc5613df9cbd062d5ba4aa61279aa5be",
            "version": "6.0.0-6-next.40"
        }
    ]
}