{
    "results": [
        {
            "command": "npm info jquery",
            "mean": 0.86737063765,
            "median": 0.8522457668500001,
            "max": 0.9497429483500001,
            "min": 0.8290673443500001,
            "user": 0.41584001499999995,
            "stddev": 0.0422441236967629,
            "system": 0.04766288,
            "commit": "b6495d5b6c028fc7184912deaa1e7848846241a5",
            "version": "4.12.2"
        }
    ]
}