{
    "results": [
        {
            "command": "npm install jquery",
            "mean": 13.08144358673,
            "median": 13.05733903543,
            "max": 14.12674557093,
            "min": 12.61155641593,
            "user": 12.577727710000001,
            "stddev": 0.42010819343108086,
            "system": 0.6334157650000001,
            "commit": "8a8f2b6774d50c12ce8d0e87e3e4f847478a0e10",
            "version": "5.1.2"
        }
    ]
}