{
    "results": [
        {
            "command": null,
            "mean": 10.466879039494998,
            "median": 10.263223588695,
            "max": 11.785241055195,
            "min": 10.090248214195
        }
    ]
}