{
    "results": [
        {
            "command": "npm info jquery",
            "mean": 0.9976413724350002,
            "median": 0.9686321712350001,
            "max": 1.1660348812349999,
            "min": 0.9340493392350001,
            "user": 0.527520405,
            "stddev": 0.06722756642667431,
            "system": 0.050207365000000004,
            "commit": "d6febce1d9fc4e52d9db43fc393ab6232ef59f12",
            "version": "3.13.1"
        }
    ]
}