{
    "results": [
        {
            "command": null,
            "mean": 12.98189903201,
            "median": 12.90281791391,
            "max": 14.31211701891,
            "min": 12.41493907491
        }
    ]
}