{
    "results": [
        {
            "command": null,
            "mean": 0.8619483778850002,
            "median": 0.8632319102850001,
            "max": 0.8830333957850001,
            "min": 0.8374394917850001
        }
    ]
}