{
    "results": [
        {
            "command": null,
            "mean": 1.0815633815150003,
            "median": 1.0701734797150002,
            "max": 1.254642351215,
            "min": 0.9761968292150001
        }
    ]
}