{
    "results": [
        {
            "command": null,
            "mean": 1.337301378565,
            "median": 1.184144930365,
            "max": 2.1434289663649997,
            "min": 1.111616447365
        }
    ]
}