{
    "results": [
        {
            "command": null,
            "mean": 1.18183425729,
            "median": 1.01974799039,
            "max": 1.7933239568900001,
            "min": 0.91335414789
        }
    ]
}