{
    "results": [
        {
            "command": null,
            "mean": 10.047787768609998,
            "median": 9.94382068881,
            "max": 11.30754931231,
            "min": 9.658123666309999
        }
    ]
}