{
    "results": [
        {
            "command": null,
            "mean": 1.088523646855,
            "median": 1.018724126455,
            "max": 1.515715909955,
            "min": 0.946793940955
        }
    ]
}