{
    "results": [
        {
            "command": null,
            "mean": 11.54719254709,
            "median": 11.48199804719,
            "max": 12.49511463969,
            "min": 11.23744897869
        }
    ]
}