{
    "results": [
        {
            "command": "npm info jquery",
            "mean": 0.89068464115,
            "median": 0.84507755485,
            "max": 1.02637551735,
            "min": 0.8314983903500001,
            "user": 0.41411631500000007,
            "stddev": 0.07265985273841488,
            "system": 0.05123242,
            "commit": "955c93e2c95e8e0b1ef998c9c9714454c9ec28db",
            "version": "5.3.0"
        }
    ]
}