{
    "results": [
        {
            "command": "npm install jquery",
            "mean": 12.240215296585001,
            "median": 12.133253911985001,
            "max": 12.730672964485,
            "min": 11.889993142485,
            "user": 11.50535314,
            "stddev": 0.2899223385584052,
            "system": 0.6346922150000001,
            "commit": "82cb0f2bff899df3c35f7637f3b5c1067b160b60",
            "version": "4.12.2"
        }
    ]
}