{
    "results": [
        {
            "command": "npm install jquery",
            "mean": 13.876399234774999,
            "median": 13.815380682475,
            "max": 14.848387018975,
            "min": 13.570129218975,
            "user": 13.160926795,
            "stddev": 0.3588354694237986,
            "system": 0.6350873999999999,
            "commit": "95ed3db43ce681824c9b40fa7eb8b09039d053ea",
            "version": "5.1.0"
        }
    ]
}