{
    "results": [
        {
            "command": "npm info jquery",
            "mean": 0.945633392505,
            "median": 0.9157111679050001,
            "max": 1.245045781905,
            "min": 0.876336059905,
            "user": 0.48874944499999995,
            "stddev": 0.10710796599122104,
            "system": 0.04370895,
            "commit": "8a8f2b6774d50c12ce8d0e87e3e4f847478a0e10",
            "version": "3.13.1"
        }
    ]
}