{
    "results": [
        {
            "command": "npm install jquery",
            "mean": 12.604442626444998,
            "median": 12.539253973945,
            "max": 13.808223796444999,
            "min": 12.207042366445,
            "user": 12.023137200000003,
            "stddev": 0.4726243279893191,
            "system": 0.61796229,
            "commit": "90b8bc242c9f801b1b91c7f31d10348ab860c677",
            "version": "5.1.2"
        }
    ]
}