{
    "results": [
        {
            "command": "npm info jquery",
            "mean": 1.08924919159,
            "median": 1.0691829418899998,
            "max": 1.23975700639,
            "min": 1.01598137239,
            "user": 0.493384285,
            "stddev": 0.07529049731527183,
            "system": 0.04820730499999999,
            "commit": "54b17f4442f9ed8255656a66209476a220e94eea",
            "version": "5.1.0"
        }
    ]
}