{
    "results": [
        {
            "command": "npm info jquery",
            "mean": 1.04380750865,
            "median": 1.0345018020499999,
            "max": 1.20176200055,
            "min": 0.9765907945500001,
            "user": 0.558756655,
            "stddev": 0.07251774120812694,
            "system": 0.06146839,
            "commit": "a15c915b171517c69bbb1198b1b0d5367feac923",
            "version": "3.13.1"
        }
    ]
}