{
    "results": [
        {
            "command": null,
            "mean": 13.99164404473,
            "median": 14.02357814043,
            "max": 14.64699582393,
            "min": 13.27372000293
        }
    ]
}