{
    "results": [
        {
            "command": "npm info jquery",
            "mean": 1.356503772335,
            "median": 1.2489516081349998,
            "max": 1.809878092635,
            "min": 1.208096476635,
            "user": 0.533236015,
            "stddev": 0.197958539050726,
            "system": 0.06071454,
            "commit": "736e7de600c556861f8f255f01e203d901d643db",
            "version": "4.12.2"
        }
    ]
}