{
    "results": [
        {
            "command": "npm install jquery",
            "mean": 10.240808359764998,
            "median": 10.150904232464999,
            "max": 10.983113096964999,
            "min": 9.979585586965,
            "user": 9.559004405,
            "stddev": 0.3136768536995547,
            "system": 0.54760657,
            "commit": "736e7de600c556861f8f255f01e203d901d643db",
            "version": "3.13.1"
        }
    ]
}