{
    "results": [
        {
            "command": "npm info jquery",
            "mean": 1.1371092169600003,
            "median": 1.07899805066,
            "max": 1.5111002296600002,
            "min": 1.02333069766,
            "user": 0.582382255,
            "stddev": 0.15093454460245342,
            "system": 0.073121375,
            "commit": "736e7de600c556861f8f255f01e203d901d643db",
            "version": "3.13.1"
        }
    ]
}