{
    "results": [
        {
            "command": null,
            "mean": 1.356503772335,
            "median": 1.2489516081349998,
            "max": 1.809878092635,
            "min": 1.208096476635
        }
    ]
}