{
    "results": [
        {
            "command": null,
            "mean": 12.488395006120001,
            "median": 12.429027758620002,
            "max": 13.20785637012,
            "min": 12.25628938912
        }
    ]
}