{
    "results": [
        {
            "command": "npm info jquery",
            "mean": 1.1645273604,
            "median": 1.1646258993999998,
            "max": 1.2897817758999999,
            "min": 1.0748962079,
            "user": 0.56432182,
            "stddev": 0.061604690395660626,
            "system": 0.05230898500000001,
            "commit": "4c40fa66641c29a5079a86f9e1fc4b6ab89dc837",
            "version": "4.12.2"
        }
    ]
}