{
    "results": [
        {
            "command": "npm install jquery",
            "mean": 15.259356462380003,
            "median": 15.21957548378,
            "max": 15.93133563928,
            "min": 14.79904645428,
            "user": 14.614230599999999,
            "stddev": 0.34668879831702004,
            "system": 0.720347765,
            "commit": "b261741ef692a6348ec86cd0e0811db08376c312",
            "version": "5.1.3"
        }
    ]
}