{
  "results": [
    {
      "command": "npm info jquery",
      "mean": 0.42976490476,
      "stddev": 0.022264261639123113,
      "median": 0.42710388486000006,
      "user": 0.36261412000000004,
      "system": 0.04932632,
      "min": 0.40549008886000004,
      "max": 0.47125603586000003,
      "times": [
        0.46113442186000003,
        0.47125603586000003,
        0.43199738986,
        0.40549008886000004,
        0.42085476286000006,
        0.40639519886000003,
        0.40841872286,
        0.42701253386000004,
        0.43789465686000006,
        0.42719523586
      ],
      "exit_codes": [
        0,
        0,
        0,
        0,
        0,
        0,
        0,
        0,
        0,
        0
      ]
    }
  ]
}
