{
    "results": [
        {
            "command": "npm info jquery",
            "mean": 0.83002251223,
            "median": 0.83124680073,
            "max": 0.8436840587300001,
            "min": 0.8122000437300001,
            "user": 0.40806322,
            "stddev": 0.009942063448166255,
            "system": 0.051191865,
            "commit": "9dbf73e955fcb70b0a623c5ab89649b95146c744",
            "version": "3.13.1"
        }
    ]
}