{
    "results": [
        {
            "command": "npm info jquery",
            "mean": 1.037127270725,
            "median": 0.971478007625,
            "max": 1.307641759125,
            "min": 0.8981732181250001,
            "user": 0.52791184,
            "stddev": 0.13391261545655703,
            "system": 0.044065089999999994,
            "commit": "3d45cecf04827712eb724a113e415dbda8ea2d90",
            "version": "3.13.1"
        }
    ]
}