{
    "results": [
        {
            "command": null,
            "mean": 12.756199256894998,
            "median": 12.732906158894998,
            "max": 13.356830354394999,
            "min": 12.185997499394999
        }
    ]
}