{
    "results": [
        {
            "command": "npm info jquery",
            "mean": 0.9771422352450001,
            "median": 0.910784705645,
            "max": 1.154840410145,
            "min": 0.9033020631450001,
            "user": 0.4795334349999999,
            "stddev": 0.09749826135743314,
            "system": 0.057908845,
            "commit": "d36beaf650acff98a6d6119a1af2545169075eb3",
            "version": "6.0.0-6-next.27"
        }
    ]
}