{
    "results": [
        {
            "command": null,
            "mean": 1.1029988421049999,
            "median": 1.0813866983049998,
            "max": 1.231290299805,
            "min": 0.9957706538050001
        }
    ]
}