{
    "results": [
        {
            "command": null,
            "mean": 10.913175390220001,
            "median": 10.73595016472,
            "max": 11.88080190922,
            "min": 10.564484697220001
        }
    ]
}