{
    "results": [
        {
            "command": "npm install jquery",
            "mean": 12.250560074965003,
            "median": 12.114142704065001,
            "max": 12.919718946065,
            "min": 11.912158227065001,
            "user": 11.552384125,
            "stddev": 0.3776352670632035,
            "system": 0.6238505799999998,
            "commit": "d36beaf650acff98a6d6119a1af2545169075eb3",
            "version": "3.13.1"
        }
    ]
}