{
    "results": [
        {
            "command": null,
            "mean": 0.9771422352450001,
            "median": 0.910784705645,
            "max": 1.154840410145,
            "min": 0.9033020631450001
        }
    ]
}