{
    "results": [
        {
            "command": null,
            "mean": 1.0446009754749999,
            "median": 0.995643201175,
            "max": 1.212351903175,
            "min": 0.959095989175
        }
    ]
}