{
    "results": [
        {
            "command": null,
            "mean": 14.965621399720002,
            "median": 14.431818415719999,
            "max": 19.098238282220002,
            "min": 13.962561835219999
        }
    ]
}