{
    "results": [
        {
            "command": "npm info jquery",
            "mean": 1.1638889499749996,
            "median": 1.1443953810749998,
            "max": 1.2632792905749999,
            "min": 1.109912355575,
            "user": 0.43585505499999994,
            "stddev": 0.05048599324926443,
            "system": 0.05137200000000001,
            "commit": "c070bfcd730cb71a7945783db3faa7d3ccec00f0",
            "version": "6.0.0-6-next.27"
        }
    ]
}