{
    "results": [
        {
            "command": "npm info jquery",
            "mean": 0.9174502586600001,
            "median": 0.88017513696,
            "max": 1.04792892996,
            "min": 0.85383433996,
            "user": 0.42544853499999996,
            "stddev": 0.06907934367181694,
            "system": 0.05239125,
            "commit": "c070bfcd730cb71a7945783db3faa7d3ccec00f0",
            "version": "4.12.2"
        }
    ]
}