{
    "results": [
        {
            "command": null,
            "mean": 1.1638889499749996,
            "median": 1.1443953810749998,
            "max": 1.2632792905749999,
            "min": 1.109912355575
        }
    ]
}