{
    "results": [
        {
            "command": null,
            "mean": 0.9174502586600001,
            "median": 0.88017513696,
            "max": 1.04792892996,
            "min": 0.85383433996
        }
    ]
}