{
    "results": [
        {
            "command": "npm install jquery",
            "mean": 21.59750052485,
            "median": 21.38071602895,
            "max": 23.27491224745,
            "min": 20.76762170945,
            "user": 20.918794455000004,
            "stddev": 0.8223941586396114,
            "system": 1.0319552650000001,
            "commit": "1fafb266bd69833c406c2e2a33cec3be9ad1cad0",
            "version": "6.0.0-6-next.35"
        }
    ]
}