{
    "results": [
        {
            "command": "npm info jquery",
            "mean": 1.17212296591,
            "median": 1.15913973891,
            "max": 1.31804487741,
            "min": 1.10056150341,
            "user": 0.47298152500000007,
            "stddev": 0.06572077944098714,
            "system": 0.05520772999999999,
            "commit": "3d45cecf04827712eb724a113e415dbda8ea2d90",
            "version": "5.1.0"
        }
    ]
}