{
    "results": [
        {
            "command": "npm install jquery",
            "mean": 18.016036993549996,
            "median": 17.11229124645,
            "max": 24.49809120745,
            "min": 16.582574082449998,
            "user": 17.024865379999998,
            "stddev": 2.351599135488628,
            "system": 0.8260065399999998,
            "commit": "4c40fa66641c29a5079a86f9e1fc4b6ab89dc837",
            "version": "5.1.0"
        }
    ]
}