{
    "results": [
        {
            "command": "npm install jquery",
            "mean": 12.285675063704998,
            "median": 12.120802965205,
            "max": 13.796648263705,
            "min": 11.209058677705,
            "user": 11.164057554999998,
            "stddev": 0.8668829783016767,
            "system": 0.5684909799999999,
            "commit": "8ca5fe6d267038aa43ac943a076daabdca033376",
            "version": "4.12.1"
        }
    ]
}