{
    "results": [
        {
            "command": "npm info jquery",
            "mean": 1.427200237335,
            "median": 1.296565253135,
            "max": 1.904108951635,
            "min": 1.2581985656349999,
            "user": 0.5809945799999999,
            "stddev": 0.25009852521589016,
            "system": 0.06549012999999998,
            "commit": "06448be421c5f8b33bbf7b6ba94e674bb27a6af5",
            "version": "4.12.2"
        }
    ]
}