{
    "results": [
        {
            "command": null,
            "mean": 11.87281241587,
            "median": 11.754630662770001,
            "max": 12.85519019477,
            "min": 11.49440883377
        }
    ]
}