{
    "results": [
        {
            "command": null,
            "mean": 1.0185610718749998,
            "median": 0.993102733375,
            "max": 1.139715251875,
            "min": 0.977856299875
        }
    ]
}