{
    "results": [
        {
            "command": "npm info jquery",
            "mean": 1.1284445476500002,
            "median": 1.0487303944500002,
            "max": 1.4784987599500001,
            "min": 0.9787799209500001,
            "user": 0.431607455,
            "stddev": 0.17661454765705537,
            "system": 0.04637532500000001,
            "commit": "06448be421c5f8b33bbf7b6ba94e674bb27a6af5",
            "version": "6.0.0-6-next.27"
        }
    ]
}