{
    "results": [
        {
            "command": "npm info jquery",
            "mean": 1.0185610718749998,
            "median": 0.993102733375,
            "max": 1.139715251875,
            "min": 0.977856299875,
            "user": 0.56606929,
            "stddev": 0.05429087849008192,
            "system": 0.060809440000000006,
            "commit": "06448be421c5f8b33bbf7b6ba94e674bb27a6af5",
            "version": "5.2.2"
        }
    ]
}