{
    "results": [
        {
            "command": null,
            "mean": 0.9452608353850002,
            "median": 0.917390397185,
            "max": 1.0879213266849999,
            "min": 0.8848212376850001
        }
    ]
}