{
    "results": [
        {
            "command": null,
            "mean": 13.092501899495,
            "median": 13.117443492995001,
            "max": 13.786389404995,
            "min": 12.312029639995
        }
    ]
}