{
    "results": [
        {
            "command": "npm info jquery",
            "mean": 0.86900559092,
            "median": 0.8416416097200001,
            "max": 0.9903039022200001,
            "min": 0.81853470922,
            "user": 0.4184301349999999,
            "stddev": 0.06398547412934397,
            "system": 0.040207015,
            "commit": "625f529fe9d6ce2364b811ffca904fe9876a0050",
            "version": "4.12.2"
        }
    ]
}