{
    "results": [
        {
            "command": null,
            "mean": 1.18127808145,
            "median": 1.13761230165,
            "max": 1.67256126615,
            "min": 0.8396342831500001
        }
    ]
}