{
    "results": [
        {
            "command": "npm install jquery",
            "mean": 11.910435900040001,
            "median": 11.936369911540002,
            "max": 12.30895453704,
            "min": 11.42137300804,
            "user": 11.298565909999999,
            "stddev": 0.2591137646706492,
            "system": 0.6389154749999999,
            "commit": "aa0b2aa9df45edbfb26888468e805be906286b17",
            "version": "5.5.2"
        }
    ]
}