{
    "results": [
        {
            "command": null,
            "mean": 1.10668645417,
            "median": 1.10461125407,
            "max": 1.43252358757,
            "min": 0.85984171757
        }
    ]
}