{
    "results": [
        {
            "command": null,
            "mean": 11.910435900040001,
            "median": 11.936369911540002,
            "max": 12.30895453704,
            "min": 11.42137300804
        }
    ]
}