{
    "results": [
        {
            "command": "npm info jquery",
            "mean": 1.38671896942,
            "median": 1.36807831402,
            "max": 1.6048960400199999,
            "min": 1.23104602302,
            "user": 0.53823788,
            "stddev": 0.1330275736714391,
            "system": 0.05915012500000001,
            "commit": "aa0b2aa9df45edbfb26888468e805be906286b17",
            "version": "4.12.2"
        }
    ]
}