{
    "results": [
        {
            "command": "npm install jquery",
            "mean": 10.411409898174998,
            "median": 10.403617866174999,
            "max": 10.967389182175,
            "min": 9.987978247174999,
            "user": 9.822903309999997,
            "stddev": 0.26603199458613674,
            "system": 0.55551103,
            "commit": "aa0b2aa9df45edbfb26888468e805be906286b17",
            "version": "3.13.1"
        }
    ]
}