{
    "results": [
        {
            "command": null,
            "mean": 1.38671896942,
            "median": 1.36807831402,
            "max": 1.6048960400199999,
            "min": 1.23104602302
        }
    ]
}