{
    "results": [
        {
            "command": null,
            "mean": 1.253509234305,
            "median": 1.2519081068049998,
            "max": 1.524233523305,
            "min": 0.9932820203050001
        }
    ]
}