{
    "results": [
        {
            "command": null,
            "mean": 10.555421046719998,
            "median": 10.555059121820001,
            "max": 10.92151543382,
            "min": 10.16880054482
        }
    ]
}