{
    "results": [
        {
            "command": "npm info jquery",
            "mean": 0.9377271365400001,
            "median": 0.9063136178400001,
            "max": 1.08432811334,
            "min": 0.8321747643400002,
            "user": 0.437310845,
            "stddev": 0.09297573531357181,
            "system": 0.04552366499999999,
            "commit": "8c5ae96f7964bd00a87a3fe613d402284fdef18c",
            "version": "3.13.1"
        }
    ]
}