{
    "results": [
        {
            "command": "npm info jquery",
            "mean": 0.8690130468649999,
            "median": 0.849468935165,
            "max": 0.967265331165,
            "min": 0.828443786165,
            "user": 0.42255193999999996,
            "stddev": 0.05013291551122752,
            "system": 0.04818251999999999,
            "commit": "09a7cf345658047a85d44d0b85594c58270cdf26",
            "version": "3.13.1"
        }
    ]
}