{
    "results": [
        {
            "command": "npm info jquery",
            "mean": 0.96822162961,
            "median": 0.88226382111,
            "max": 1.68814523411,
            "min": 0.84501834611,
            "user": 0.50773727,
            "stddev": 0.256752309500409,
            "system": 0.06223497,
            "commit": "960ebc67a5aa85ffa7db9bcf6f0393a41cff7547",
            "version": "5.1.0"
        }
    ]
}