{
    "results": [
        {
            "command": null,
            "mean": 1.01938649385,
            "median": 1.01801877395,
            "max": 1.10814510245,
            "min": 0.9594353974500001
        }
    ]
}