{
    "results": [
        {
            "command": null,
            "mean": 10.801982448605001,
            "median": 10.787800399505002,
            "max": 12.095307138505001,
            "min": 9.745552667505
        }
    ]
}