{
    "results": [
        {
            "command": "npm info jquery",
            "mean": 1.203742760905,
            "median": 1.1850939392050002,
            "max": 1.369052498205,
            "min": 1.154220083205,
            "user": 0.477564455,
            "stddev": 0.06252944249497727,
            "system": 0.062048139999999995,
            "commit": "b8c7b771ad635f55c928b94cca19b68d9535c9a0",
            "version": "4.12.2"
        }
    ]
}