{
    "results": [
        {
            "command": null,
            "mean": 1.203742760905,
            "median": 1.1850939392050002,
            "max": 1.369052498205,
            "min": 1.154220083205
        }
    ]
}