{
    "results": [
        {
            "command": null,
            "mean": 13.091195019489998,
            "median": 12.74729969929,
            "max": 15.39048374179,
            "min": 12.163519651789999
        }
    ]
}