{
    "results": [
        {
            "command": "npm install jquery",
            "mean": 12.196595995294997,
            "median": 11.589118900595,
            "max": 16.640156116595,
            "min": 11.351458254595,
            "user": 11.576862499999997,
            "stddev": 1.5987227831525546,
            "system": 0.5757987499999999,
            "commit": "b6495d5b6c028fc7184912deaa1e7848846241a5",
            "version": "5.1.2"
        }
    ]
}