{
    "results": [
        {
            "command": "npm info jquery",
            "mean": 1.033737242895,
            "median": 0.9945329328950001,
            "max": 1.4200505698950001,
            "min": 0.948569453895,
            "user": 0.42952663500000005,
            "stddev": 0.13846481625679907,
            "system": 0.043966,
            "commit": "f38cc44694269f10bc2ce8aa391fde6b278071c5",
            "version": "6.0.0-6-next.27"
        }
    ]
}