{
    "results": [
        {
            "command": "npm info jquery",
            "mean": 1.115132472615,
            "median": 1.069853012115,
            "max": 1.487113670615,
            "min": 0.9845833076150001,
            "user": 0.5527492699999998,
            "stddev": 0.1489217617522975,
            "system": 0.06558746500000001,
            "commit": "b753b4010feaa13cf8134eace8abf8a075f2b778",
            "version": "5.1.3"
        }
    ]
}