{
    "results": [
        {
            "command": null,
            "mean": 15.7225682885,
            "median": 14.418496262400001,
            "max": 20.4037126124,
            "min": 14.153664324400001
        }
    ]
}