{
    "results": [
        {
            "command": null,
            "mean": 13.147186543875003,
            "median": 12.998143585075,
            "max": 14.064284973575,
            "min": 12.727814240575
        }
    ]
}