{
    "results": [
        {
            "command": null,
            "mean": 12.370433959615001,
            "median": 11.889339278515001,
            "max": 14.356716352015,
            "min": 11.574754167015001
        }
    ]
}