{
    "results": [
        {
            "command": null,
            "mean": 1.279130392615,
            "median": 1.270417416315,
            "max": 1.360312197815,
            "min": 1.237524406815
        }
    ]
}