{
    "results": [
        {
            "command": "npm info jquery",
            "mean": 0.9366627487400001,
            "median": 0.87553236294,
            "max": 1.17879607394,
            "min": 0.82550939694,
            "user": 0.4139993549999999,
            "stddev": 0.12189131726417327,
            "system": 0.04017232,
            "commit": "2645ae2e48e2e7feb7cba414c83991269b169870",
            "version": "5.1.2"
        }
    ]
}