{
    "results": [
        {
            "command": null,
            "mean": 1.1077728865300003,
            "median": 1.0778098958300002,
            "max": 1.34706991983,
            "min": 1.05051898383
        }
    ]
}