{
    "results": [
        {
            "command": "npm install jquery",
            "mean": 15.641468777399998,
            "median": 15.4771272365,
            "max": 17.232556594,
            "min": 15.214939613,
            "user": 14.999501470000002,
            "stddev": 0.5741736239987794,
            "system": 0.719157575,
            "commit": "54b17f4442f9ed8255656a66209476a220e94eea",
            "version": "3.13.1"
        }
    ]
}