{
    "results": [
        {
            "command": null,
            "mean": 16.162692319930002,
            "median": 16.11942510673,
            "max": 16.99634809023,
            "min": 15.56661356523
        }
    ]
}