{
    "results": [
        {
            "command": "npm install jquery",
            "mean": 16.428245738015,
            "median": 16.261863433515,
            "max": 17.428135260515,
            "min": 15.802993834515,
            "user": 15.713222609999999,
            "stddev": 0.6072813003112758,
            "system": 0.84125613,
            "commit": "b261741ef692a6348ec86cd0e0811db08376c312",
            "version": "3.13.1"
        }
    ]
}