{
    "results": [
        {
            "command": "npm info jquery",
            "mean": 1.164807549975,
            "median": 1.159310470475,
            "max": 1.252539502475,
            "min": 1.052924208475,
            "user": 0.5171317499999999,
            "stddev": 0.06836979160550845,
            "system": 0.06327767999999999,
            "commit": "b261741ef692a6348ec86cd0e0811db08376c312",
            "version": "3.13.1"
        }
    ]
}