{
    "results": [
        {
            "command": null,
            "mean": 12.924204217669999,
            "median": 12.86326630407,
            "max": 14.06792734457,
            "min": 12.44234946057
        }
    ]
}