{
    "results": [
        {
            "command": null,
            "mean": 1.164807549975,
            "median": 1.159310470475,
            "max": 1.252539502475,
            "min": 1.052924208475
        }
    ]
}