{
    "results": [
        {
            "command": null,
            "mean": 12.60573940063,
            "median": 12.48553464373,
            "max": 13.66336864573,
            "min": 12.33125442673
        }
    ]
}