{
    "results": [
        {
            "command": "npm install jquery",
            "mean": 12.924204217669999,
            "median": 12.86326630407,
            "max": 14.06792734457,
            "min": 12.44234946057,
            "user": 12.39218791,
            "stddev": 0.4400954104082615,
            "system": 0.6310716399999999,
            "commit": "b261741ef692a6348ec86cd0e0811db08376c312",
            "version": "6.0.0-6-next.24"
        }
    ]
}