{
    "results": [
        {
            "command": null,
            "mean": 13.41691804414,
            "median": 13.42359210404,
            "max": 14.14696625004,
            "min": 12.88593622904
        }
    ]
}