{
    "results": [
        {
            "command": null,
            "mean": 1.1339911569449999,
            "median": 1.111924819245,
            "max": 1.267055445745,
            "min": 1.029631347745
        }
    ]
}