{
    "results": [
        {
            "command": null,
            "mean": 10.105588091555,
            "median": 9.628376383454999,
            "max": 13.824665099455,
            "min": 9.470222069455
        }
    ]
}