{
    "results": [
        {
            "command": null,
            "mean": 0.971652569795,
            "median": 0.9497779606950001,
            "max": 1.1472620061949999,
            "min": 0.9322473691950001
        }
    ]
}