{
    "results": [
        {
            "command": "npm info jquery",
            "mean": 1.118798375235,
            "median": 1.0734588661349997,
            "max": 1.477066372635,
            "min": 0.9981753576350001,
            "user": 0.5479395799999999,
            "stddev": 0.14941951860688088,
            "system": 0.0626362,
            "commit": "30875acc70c8d85fb3cbe8117d304b68186b7a5c",
            "version": "3.13.1"
        }
    ]
}