{
    "results": [
        {
            "command": "npm info jquery",
            "mean": 1.3212178034250002,
            "median": 0.946501405325,
            "max": 2.348522134825,
            "min": 0.844207634825,
            "user": 0.437697835,
            "stddev": 0.5920484510036027,
            "system": 0.042108725,
            "commit": "4fc14eab0231a9c65391005d42dd899c6308896d",
            "version": "4.12.2"
        }
    ]
}