{
    "results": [
        {
            "command": "npm install jquery",
            "mean": 14.86797012226,
            "median": 14.79297434366,
            "max": 15.87598298566,
            "min": 14.53473953966,
            "user": 14.148706200000001,
            "stddev": 0.3958808794322941,
            "system": 0.790158855,
            "commit": "95ed3db43ce681824c9b40fa7eb8b09039d053ea",
            "version": "4.12.1"
        }
    ]
}