{
    "results": [
        {
            "command": "npm info jquery",
            "mean": 1.279130392615,
            "median": 1.270417416315,
            "max": 1.360312197815,
            "min": 1.237524406815,
            "user": 0.560601625,
            "stddev": 0.03865738439810954,
            "system": 0.05239375999999999,
            "commit": "2645ae2e48e2e7feb7cba414c83991269b169870",
            "version": "3.13.1"
        }
    ]
}