{
    "results": [
        {
            "command": "npm install jquery",
            "mean": 13.959894501225,
            "median": 13.890753964224999,
            "max": 14.966791873225,
            "min": 13.287802548225,
            "user": 13.060454554999998,
            "stddev": 0.5625855148868543,
            "system": 0.6823985699999999,
            "commit": "5f8e886d3f525bd74603868400fcb5231d13c8da",
            "version": "5.1.3"
        }
    ]
}