{
    "results": [
        {
            "command": null,
            "mean": 10.034652236500001,
            "median": 9.971553820899999,
            "max": 10.9689343814,
            "min": 9.711451133399999
        }
    ]
}