{
    "results": [
        {
            "command": "npm install jquery",
            "mean": 14.233043443169999,
            "median": 14.036553575270002,
            "max": 16.095635482269998,
            "min": 13.40295829227,
            "user": 13.280115689999999,
            "stddev": 0.7246529964986627,
            "system": 0.7398235849999999,
            "commit": "6bed458925ade37fe5abfe1c28782771e633c9c7",
            "version": "6.0.0-6-next.30"
        }
    ]
}