{
    "results": [
        {
            "command": null,
            "mean": 14.233043443169999,
            "median": 14.036553575270002,
            "max": 16.095635482269998,
            "min": 13.40295829227
        }
    ]
}