{
    "results": [
        {
            "command": "npm info jquery",
            "mean": 1.3075525863250002,
            "median": 1.177192883225,
            "max": 1.917702956225,
            "min": 0.9716963742250001,
            "user": 0.5435904449999999,
            "stddev": 0.3494264950388689,
            "system": 0.06105765,
            "commit": "6bed458925ade37fe5abfe1c28782771e633c9c7",
            "version": "6.0.0-6-next.30"
        }
    ]
}