{
    "results": [
        {
            "command": null,
            "mean": 1.0428098413,
            "median": 0.9396002329,
            "max": 1.4638556414,
            "min": 0.8013770774
        }
    ]
}