{
    "results": [
        {
            "command": "npm info jquery",
            "mean": 1.247129763765,
            "median": 1.227602767765,
            "max": 1.371895732765,
            "min": 1.182217486765,
            "user": 0.4808315499999999,
            "stddev": 0.06937729128922528,
            "system": 0.05775843999999999,
            "commit": "6bed458925ade37fe5abfe1c28782771e633c9c7",
            "version": "5.5.0"
        }
    ]
}