{
    "results": [
        {
            "command": null,
            "mean": 1.247129763765,
            "median": 1.227602767765,
            "max": 1.371895732765,
            "min": 1.182217486765
        }
    ]
}