{
    "results": [
        {
            "command": null,
            "mean": 1.293733265885,
            "median": 1.303184392185,
            "max": 1.436261495685,
            "min": 1.150534498685
        }
    ]
}