{
    "results": [
        {
            "command": null,
            "mean": 1.3075525863250002,
            "median": 1.177192883225,
            "max": 1.917702956225,
            "min": 0.9716963742250001
        }
    ]
}