{
    "results": [
        {
            "command": "npm info jquery",
            "mean": 1.293733265885,
            "median": 1.303184392185,
            "max": 1.436261495685,
            "min": 1.150534498685,
            "user": 0.5046848300000001,
            "stddev": 0.09967062794556762,
            "system": 0.049505959999999995,
            "commit": "6bed458925ade37fe5abfe1c28782771e633c9c7",
            "version": "3.13.1"
        }
    ]
}