{
    "results": [
        {
            "command": "npm install jquery",
            "mean": 12.700789721299998,
            "median": 12.571310520699999,
            "max": 13.6939231977,
            "min": 12.4346676317,
            "user": 12.254235614999997,
            "stddev": 0.3836250448572351,
            "system": 0.6321088349999999,
            "commit": "9dbf73e955fcb70b0a623c5ab89649b95146c744",
            "version": "5.1.3"
        }
    ]
}