{
    "results": [
        {
            "command": "npm info jquery",
            "mean": 0.9715147568499999,
            "median": 0.91939112275,
            "max": 1.19355882225,
            "min": 0.87174020025,
            "user": 0.47448819999999997,
            "stddev": 0.10178122217142646,
            "system": 0.057623254999999984,
            "commit": "f625c114bb5078200503bd165a495f4cd52a6e44",
            "version": "4.12.2"
        }
    ]
}