{
    "results": [
        {
            "command": null,
            "mean": 10.473865686260002,
            "median": 10.34315493846,
            "max": 11.748010842460001,
            "min": 9.97997328546
        }
    ]
}