{
    "results": [
        {
            "command": null,
            "mean": 9.942392344209999,
            "median": 9.81133648841,
            "max": 11.24795946541,
            "min": 9.499567036410001
        }
    ]
}