{
    "results": [
        {
            "command": null,
            "mean": 1.2610378956,
            "median": 1.2400505165999998,
            "max": 1.3854883600999999,
            "min": 1.1949540601
        }
    ]
}