{
    "results": [
        {
            "command": "npm install jquery",
            "mean": 14.289950746959997,
            "median": 13.719461322159999,
            "max": 18.53646281816,
            "min": 13.33789929516,
            "user": 13.752225599999997,
            "stddev": 1.5885380930126158,
            "system": 0.6461375699999998,
            "commit": "95ed3db43ce681824c9b40fa7eb8b09039d053ea",
            "version": "4.12.1"
        }
    ]
}