{
    "results": [
        {
            "command": "npm info jquery",
            "mean": 1.0900535694350002,
            "median": 1.079754902635,
            "max": 1.215167720635,
            "min": 0.9941742066350001,
            "user": 0.5766666,
            "stddev": 0.08937567865909496,
            "system": 0.06139882,
            "commit": "9c03e11cfa77d4d633271fe296345148ffd22454",
            "version": "3.13.1"
        }
    ]
}