{
    "results": [
        {
            "command": "npm install jquery",
            "mean": 11.397122744875,
            "median": 11.334873053275,
            "max": 11.916481003275,
            "min": 10.894376772275,
            "user": 10.735675275,
            "stddev": 0.27626734122457025,
            "system": 0.6156881350000001,
            "commit": "20a5e571d16f45ca7ef0d2b6000181359784264c",
            "version": "5.7.0"
        }
    ]
}