{
    "results": [
        {
            "command": "npm info jquery",
            "mean": 0.9294986778400001,
            "median": 0.91896572474,
            "max": 0.99958443924,
            "min": 0.8874631082400001,
            "user": 0.35988023999999996,
            "stddev": 0.0349125577343927,
            "system": 0.039529145,
            "commit": "99c3960f7491941402032a7eebd52b3ab1bdf347",
            "version": "4.12.2"
        }
    ]
}