{
    "results": [
        {
            "command": null,
            "mean": 20.090979119399996,
            "median": 20.092618210999998,
            "max": 20.468452967999998,
            "min": 19.860373956
        }
    ]
}