{
    "results": [
        {
            "command": "npm install jquery",
            "mean": 17.628892096259996,
            "median": 17.610718641760002,
            "max": 18.13834721176,
            "min": 17.307394001760002,
            "user": 17.244932979999998,
            "stddev": 0.22779146324821362,
            "system": 0.8523037449999998,
            "commit": "99c3960f7491941402032a7eebd52b3ab1bdf347",
            "version": "5.10.2"
        }
    ]
}