{
    "results": [
        {
            "command": null,
            "mean": 18.827693966830005,
            "median": 18.77822978233,
            "max": 19.171813682830003,
            "min": 18.455138975830003
        }
    ]
}