{
    "results": [
        {
            "command": "npm info jquery",
            "mean": 0.9693979609450002,
            "median": 0.970573076545,
            "max": 1.003359678545,
            "min": 0.9452977155450001,
            "user": 0.34471988499999995,
            "stddev": 0.017570605846865112,
            "system": 0.038854445,
            "commit": "99c3960f7491941402032a7eebd52b3ab1bdf347",
            "version": "6.0.0-6-next.40"
        }
    ]
}