{
    "results": [
        {
            "command": null,
            "mean": 17.628892096259996,
            "median": 17.610718641760002,
            "max": 18.13834721176,
            "min": 17.307394001760002
        }
    ]
}