{
    "results": [
        {
            "command": null,
            "mean": 26.518667944384998,
            "median": 26.674281684585,
            "max": 27.528233271585,
            "min": 25.480978148585002
        }
    ]
}