{
    "results": [
        {
            "command": null,
            "mean": 11.44565396092,
            "median": 11.45054806392,
            "max": 12.10205144042,
            "min": 11.093225222420001
        }
    ]
}