{
    "results": [
        {
            "command": "npm install jquery",
            "mean": 11.430096680964999,
            "median": 11.315094825765,
            "max": 12.313408065765,
            "min": 11.077843312765,
            "user": 10.842177439999999,
            "stddev": 0.3694298748582295,
            "system": 0.6250092300000001,
            "commit": "2b4f8a1b63e0d2980fb5f0589ca09aac22d3859a",
            "version": "4.12.2"
        }
    ]
}