{
    "results": [
        {
            "command": null,
            "mean": 1.023254176555,
            "median": 0.985067386755,
            "max": 1.270559206755,
            "min": 0.9255839597550001
        }
    ]
}