{
    "results": [
        {
            "command": null,
            "mean": 9.887215158325,
            "median": 9.721471437125,
            "max": 10.909800304125,
            "min": 9.669757303125
        }
    ]
}