{
    "results": [
        {
            "command": null,
            "mean": 10.62299058156,
            "median": 10.31978275276,
            "max": 13.138211200759999,
            "min": 9.96603929076
        }
    ]
}