{
    "results": [
        {
            "command": "npm info jquery",
            "mean": 1.03457981181,
            "median": 0.98474010831,
            "max": 1.3097936598100002,
            "min": 0.9562774458100001,
            "user": 0.425702725,
            "stddev": 0.11581485529876273,
            "system": 0.043139214999999995,
            "commit": "2b4f8a1b63e0d2980fb5f0589ca09aac22d3859a",
            "version": "3.13.1"
        }
    ]
}