{
    "results": [
        {
            "command": "npm install jquery",
            "mean": 10.227447491100001,
            "median": 10.2594163511,
            "max": 10.8609320246,
            "min": 9.786821278600002,
            "user": 9.330807355,
            "stddev": 0.31295385951080645,
            "system": 0.52720483,
            "commit": "5a6bf953a7a70e2ca07c9f6fb23617c1da9d5e3f",
            "version": "6.0.0-6-next.35"
        }
    ]
}