{
    "results": [
        {
            "command": null,
            "mean": 1.1050352057000001,
            "median": 1.1036098079,
            "max": 1.2344547974,
            "min": 1.0159674744
        }
    ]
}