{
    "results": [
        {
            "command": "npm info jquery",
            "mean": 1.01675176181,
            "median": 0.9529767975100001,
            "max": 1.43641458451,
            "min": 0.9410232605100001,
            "user": 0.5091865849999999,
            "stddev": 0.15222161338894766,
            "system": 0.053892505,
            "commit": "5a6bf953a7a70e2ca07c9f6fb23617c1da9d5e3f",
            "version": "5.7.0"
        }
    ]
}