{
    "results": [
        {
            "command": null,
            "mean": 11.96291246614,
            "median": 11.95223419954,
            "max": 12.42043028254,
            "min": 11.72120133854
        }
    ]
}