{
    "results": [
        {
            "command": null,
            "mean": 11.003425546014999,
            "median": 10.523227288014999,
            "max": 14.162909336015,
            "min": 10.341623220014998
        }
    ]
}