{
    "results": [
        {
            "command": null,
            "mean": 15.392166704755002,
            "median": 15.337774782255,
            "max": 16.200363716255,
            "min": 14.760976210255
        }
    ]
}