{
    "results": [
        {
            "command": null,
            "mean": 1.01675176181,
            "median": 0.9529767975100001,
            "max": 1.43641458451,
            "min": 0.9410232605100001
        }
    ]
}