{
    "results": [
        {
            "command": "npm info jquery",
            "mean": 1.419603774155,
            "median": 1.342774240355,
            "max": 1.6732049053550002,
            "min": 1.302067498355,
            "user": 0.6011775099999999,
            "stddev": 0.14840397402451402,
            "system": 0.07228777,
            "commit": "5a6bf953a7a70e2ca07c9f6fb23617c1da9d5e3f",
            "version": "4.12.2"
        }
    ]
}