{
    "results": [
        {
            "command": "npm install jquery",
            "mean": 16.586126822775,
            "median": 16.451103179575,
            "max": 18.252143334575003,
            "min": 16.202984197575002,
            "user": 16.001972884999997,
            "stddev": 0.6049527100569793,
            "system": 0.7932517349999999,
            "commit": "3d45cecf04827712eb724a113e415dbda8ea2d90",
            "version": "4.12.2"
        }
    ]
}