{
    "results": [
        {
            "command": "npm info jquery",
            "mean": 1.0572604393650002,
            "median": 1.0189142866649998,
            "max": 1.2090601406650001,
            "min": 0.9692647696650001,
            "user": 0.5436030399999999,
            "stddev": 0.0922051535930887,
            "system": 0.06302303,
            "commit": "b261741ef692a6348ec86cd0e0811db08376c312",
            "version": "5.1.3"
        }
    ]
}