{
    "results": [
        {
            "command": "npm install jquery",
            "mean": 14.879444191675,
            "median": 14.729035610075,
            "max": 15.852378414075,
            "min": 14.257799584075,
            "user": 13.601774999999998,
            "stddev": 0.5147438019636497,
            "system": 0.6003261099999999,
            "commit": "95ed3db43ce681824c9b40fa7eb8b09039d053ea",
            "version": "5.1.0"
        }
    ]
}