{
    "results": [
        {
            "command": "npm install jquery",
            "mean": 12.308776567219999,
            "median": 11.912939604520002,
            "max": 15.068750812020001,
            "min": 11.75350510702,
            "user": 12.648274055,
            "stddev": 1.0088224866615216,
            "system": 0.65632415,
            "commit": "a88c72d0b21d3b248ced47c192653040a487cd98",
            "version": "5.2.2"
        }
    ]
}