{
    "results": [
        {
            "command": "npm info jquery",
            "mean": 1.1985868590900002,
            "median": 1.1855889344900001,
            "max": 1.33616001499,
            "min": 1.12016665799,
            "user": 0.46611484999999997,
            "stddev": 0.07341540555164817,
            "system": 0.05732780500000001,
            "commit": "c168b4e47a600d56f786a380d652478d7763153b",
            "version": "5.1.3"
        }
    ]
}