{
    "results": [
        {
            "command": "npm install jquery",
            "mean": 11.728841271464999,
            "median": 11.613061983565,
            "max": 12.753829505565,
            "min": 11.064733925565,
            "user": 10.967400264999998,
            "stddev": 0.4786975388570535,
            "system": 0.5819850999999999,
            "commit": "95ed3db43ce681824c9b40fa7eb8b09039d053ea",
            "version": "3.13.1"
        }
    ]
}