{
    "results": [
        {
            "command": "npm install jquery",
            "mean": 8.743367409080001,
            "median": 8.228418520480002,
            "max": 11.00818984948,
            "min": 7.90183268648,
            "user": 8.966685864999999,
            "stddev": 1.0094454176996372,
            "system": 0.5006430049999999,
            "commit": "57d26af66175042c8c780edfa6e25c0cf259a653",
            "version": "4.12.2"
        }
    ]
}