{
    "results": [
        {
            "command": "npm install jquery",
            "mean": 11.507083730295,
            "median": 11.165874793495,
            "max": 14.263124418995,
            "min": 10.617780209994999,
            "user": 10.558761575,
            "stddev": 1.0601088285379698,
            "system": 0.5343753400000001,
            "commit": "54b17f4442f9ed8255656a66209476a220e94eea",
            "version": "4.12.1"
        }
    ]
}