{
    "results": [
        {
            "command": "npm install jquery",
            "mean": 13.64842298649,
            "median": 13.533582847189999,
            "max": 15.123727330189999,
            "min": 13.06924832319,
            "user": 12.619015484999998,
            "stddev": 0.5633729929058935,
            "system": 0.7023750699999999,
            "commit": "de3eb0fbf3255f219fad0d87911018d59394691f",
            "version": "3.13.1"
        }
    ]
}