{
    "results": [
        {
            "command": null,
            "mean": 0.8418736232249999,
            "median": 0.825669628725,
            "max": 0.986436652725,
            "min": 0.800233410725
        }
    ]
}