{
    "results": [
        {
            "command": "npm install jquery",
            "mean": 14.627686357249999,
            "median": 14.62156379665,
            "max": 15.999320069649999,
            "min": 13.85467275565,
            "user": 13.832334405000001,
            "stddev": 0.6556718436417903,
            "system": 0.667223895,
            "commit": "95ed3db43ce681824c9b40fa7eb8b09039d053ea",
            "version": "4.12.1"
        }
    ]
}