{
    "results": [
        {
            "command": "npm info jquery",
            "mean": 0.956934558495,
            "median": 0.9379357703950001,
            "max": 1.2027990318950001,
            "min": 0.9011706328950001,
            "user": 0.499661245,
            "stddev": 0.08877471558348511,
            "system": 0.048968924999999996,
            "commit": "95ed3db43ce681824c9b40fa7eb8b09039d053ea",
            "version": "5.1.0"
        }
    ]
}