{
    "results": [
        {
            "command": null,
            "mean": 13.741010662185,
            "median": 13.686692161585,
            "max": 14.762050346585001,
            "min": 13.372871126585
        }
    ]
}