{
    "results": [
        {
            "command": null,
            "mean": 1.21174218621,
            "median": 1.18066441421,
            "max": 1.47608211471,
            "min": 1.12707473071
        }
    ]
}