{
    "results": [
        {
            "command": "npm info jquery",
            "mean": 0.8418736232249999,
            "median": 0.825669628725,
            "max": 0.986436652725,
            "min": 0.800233410725,
            "user": 0.39322446999999994,
            "stddev": 0.05648871844867626,
            "system": 0.038819805,
            "commit": "95ed3db43ce681824c9b40fa7eb8b09039d053ea",
            "version": "3.13.1"
        }
    ]
}