{
    "results": [
        {
            "command": null,
            "mean": 0.956934558495,
            "median": 0.9379357703950001,
            "max": 1.2027990318950001,
            "min": 0.9011706328950001
        }
    ]
}