{
  "results": [
    {
      "command": "npm info jquery",
      "mean": 0.49551240964000004,
      "stddev": 0.026408008721059858,
      "median": 0.48900943444,
      "user": 0.42152174000000003,
      "system": 0.05614377999999999,
      "min": 0.47410158594,
      "max": 0.56819789594,
      "times": [
        0.56819789594,
        0.48811202594,
        0.48621829394000005,
        0.47410158594,
        0.48234172694000005,
        0.48990684294000003,
        0.49566296394000003,
        0.49289492494000003,
        0.48202497194000005,
        0.49566286394000003
      ],
      "exit_codes": [
        0,
        0,
        0,
        0,
        0,
        0,
        0,
        0,
        0,
        0
      ]
    }
  ]
}
