{
  "results": [
    {
      "command": "npm info jquery",
      "mean": 0.4231677374,
      "stddev": 0.017145013107991307,
      "median": 0.41622316880000004,
      "user": 0.35381524,
      "system": 0.0470775,
      "min": 0.4051784928,
      "max": 0.4626857568,
      "times": [
        0.41532269780000003,
        0.4149332908,
        0.4240998758,
        0.41062120280000003,
        0.42568820780000005,
        0.44184723480000004,
        0.4626857568,
        0.4051784928,
        0.41417697480000004,
        0.41712363980000006
      ],
      "exit_codes": [
        0,
        0,
        0,
        0,
        0,
        0,
        0,
        0,
        0,
        0
      ]
    }
  ]
}
