{
  "results": [
    {
      "command": "npm info jquery",
      "mean": 0.42371649364,
      "stddev": 0.015233375566810717,
      "median": 0.42122149074000004,
      "user": 0.3712952,
      "system": 0.03316557999999999,
      "min": 0.40634053074,
      "max": 0.46236530574,
      "times": [
        0.41730004974,
        0.42315311074,
        0.41928987074,
        0.41340490974,
        0.42538993274000003,
        0.42584823874,
        0.42953467274,
        0.41453831474,
        0.40634053074,
        0.46236530574
      ],
      "exit_codes": [
        0,
        0,
        0,
        0,
        0,
        0,
        0,
        0,
        0,
        0
      ]
    }
  ]
}
