{
  "results": [
    {
      "command": "npm info jquery",
      "mean": 0.5191722814999999,
      "stddev": 0.03578833855752824,
      "median": 0.5109492021,
      "user": 0.44645502000000004,
      "system": 0.04569239999999999,
      "min": 0.4813179791,
      "max": 0.5757075401,
      "times": [
        0.5757075401,
        0.4884852511,
        0.5280833241,
        0.4853937051,
        0.4813179791,
        0.5321862551000001,
        0.5479245161,
        0.4938150801,
        0.5674014771,
        0.4914076871
      ],
      "exit_codes": [
        0,
        0,
        0,
        0,
        0,
        0,
        0,
        0,
        0,
        0
      ]
    }
  ]
}
