{
    "results": [
        {
            "command": "npm install jquery",
            "mean": 11.91656257602,
            "median": 11.83968646692,
            "max": 12.80809687292,
            "min": 11.461303813919999,
            "user": 11.332359655,
            "stddev": 0.4022660875938229,
            "system": 0.526845705,
            "commit": "95ed3db43ce681824c9b40fa7eb8b09039d053ea",
            "version": "3.13.1"
        }
    ]
}