{
    "results": [
        {
            "command": null,
            "mean": 1.0637084918450002,
            "median": 1.0189852242450002,
            "max": 1.3085834257450002,
            "min": 0.9888660817450001
        }
    ]
}