{
    "results": [
        {
            "command": null,
            "mean": 11.630542691990001,
            "median": 11.52907421709,
            "max": 12.51119130809,
            "min": 11.328248926090001
        }
    ]
}