{
    "results": [
        {
            "command": "npm info jquery",
            "mean": 0.9973277914600003,
            "median": 0.9750848308600001,
            "max": 1.1986394588600002,
            "min": 0.9078543718600001,
            "user": 0.40696143000000007,
            "stddev": 0.10270097486856651,
            "system": 0.046989689999999994,
            "commit": "a15c915b171517c69bbb1198b1b0d5367feac923",
            "version": "6.0.0-6-next.27"
        }
    ]
}