{
    "results": [
        {
            "command": "npm info jquery",
            "mean": 0.9496472994400001,
            "median": 0.92374353394,
            "max": 1.17719065894,
            "min": 0.9172899719400001,
            "user": 0.49375536999999997,
            "stddev": 0.08023736229320111,
            "system": 0.052523125000000004,
            "commit": "a15c915b171517c69bbb1198b1b0d5367feac923",
            "version": "4.12.2"
        }
    ]
}