{
    "results": [
        {
            "command": null,
            "mean": 0.9973277914600003,
            "median": 0.9750848308600001,
            "max": 1.1986394588600002,
            "min": 0.9078543718600001
        }
    ]
}