{
    "results": [
        {
            "command": "npm install jquery",
            "mean": 11.092251995955,
            "median": 10.392895647155,
            "max": 16.992274591155,
            "min": 10.078625623154998,
            "user": 10.541127569999999,
            "stddev": 2.099691864882932,
            "system": 0.5532742899999998,
            "commit": "a15c915b171517c69bbb1198b1b0d5367feac923",
            "version": "5.2.2"
        }
    ]
}