{
    "results": [
        {
            "command": null,
            "mean": 0.91639498605,
            "median": 0.91305724655,
            "max": 0.9522011460500001,
            "min": 0.88611222505
        }
    ]
}