{
    "results": [
        {
            "command": "npm install jquery",
            "mean": 12.409361758265002,
            "median": 12.073776038465,
            "max": 15.948973498965,
            "min": 11.524112427965001,
            "user": 11.788211565000001,
            "stddev": 1.2817729895962047,
            "system": 0.6599932049999999,
            "commit": "a15c915b171517c69bbb1198b1b0d5367feac923",
            "version": "6.0.0-6-next.27"
        }
    ]
}