{
    "results": [
        {
            "command": null,
            "mean": 12.409361758265002,
            "median": 12.073776038465,
            "max": 15.948973498965,
            "min": 11.524112427965001
        }
    ]
}