{
    "results": [
        {
            "command": "npm install jquery",
            "mean": 11.630542691990001,
            "median": 11.52907421709,
            "max": 12.51119130809,
            "min": 11.328248926090001,
            "user": 11.055435750000001,
            "stddev": 0.3531715900951305,
            "system": 0.6372675449999999,
            "commit": "a15c915b171517c69bbb1198b1b0d5367feac923",
            "version": "4.12.2"
        }
    ]
}