{
    "results": [
        {
            "command": null,
            "mean": 0.9496472994400001,
            "median": 0.92374353394,
            "max": 1.17719065894,
            "min": 0.9172899719400001
        }
    ]
}