{
    "results": [
        {
            "command": "npm info jquery",
            "mean": 1.028456076765,
            "median": 1.005551956265,
            "max": 1.2782131432650001,
            "min": 0.914811143265,
            "user": 0.420198555,
            "stddev": 0.11382238847930767,
            "system": 0.049351105000000006,
            "commit": "f1308178282f5fa31c3e52b728ddeb86e5c29367",
            "version": "3.13.1"
        }
    ]
}