{
    "results": [
        {
            "command": "npm info jquery",
            "mean": 0.9262499874450001,
            "median": 0.925876608545,
            "max": 0.948696333045,
            "min": 0.911258523045,
            "user": 0.4870678249999999,
            "stddev": 0.01141133033318849,
            "system": 0.05028167,
            "commit": "95ed3db43ce681824c9b40fa7eb8b09039d053ea",
            "version": "3.13.1"
        }
    ]
}