{
    "results": [
        {
            "command": "npm install jquery",
            "mean": 13.739147995164998,
            "median": 13.183400163664999,
            "max": 18.502605306665,
            "min": 12.790511319665,
            "user": 13.266311445000003,
            "stddev": 1.7120833744019843,
            "system": 0.6483582599999999,
            "commit": "586f1b06845b2c43e0f308915ab0a3c2c68999c2",
            "version": "5.1.2"
        }
    ]
}