{
    "results": [
        {
            "command": "npm install jquery",
            "mean": 8.873757192225002,
            "median": 8.766722333925,
            "max": 10.107584950925,
            "min": 8.516425568925,
            "user": 8.92103716,
            "stddev": 0.45361730274154555,
            "system": 0.5014494749999999,
            "commit": "2091f268d39654b175500e1962ed783effbb57f6",
            "version": "5.1.3"
        }
    ]
}