{
    "results": [
        {
            "command": "npm info jquery",
            "mean": 0.968993973505,
            "median": 0.9219198221050001,
            "max": 1.2686280536049999,
            "min": 0.8702031966050001,
            "user": 0.46195243,
            "stddev": 0.11938059693688545,
            "system": 0.05604927,
            "commit": "6021d05f416de16d80c216177770f24fcedbca93",
            "version": "3.13.1"
        }
    ]
}