{
    "results": [
        {
            "command": null,
            "mean": 17.797269086345,
            "median": 17.736503545045,
            "max": 18.311706299045,
            "min": 17.554793298045002
        }
    ]
}