{
    "results": [
        {
            "command": null,
            "mean": 20.634537970435,
            "median": 20.444101684135,
            "max": 21.729294696635,
            "min": 20.222520660635002
        }
    ]
}