{
    "results": [
        {
            "command": "npm info jquery",
            "mean": 0.9132127039200002,
            "median": 0.9039096117200001,
            "max": 0.9726331662200001,
            "min": 0.8789132072200001,
            "user": 0.35128130999999996,
            "stddev": 0.03570619901146214,
            "system": 0.045303255,
            "commit": "fcbc4bb78167243b7a179f1a8a170eaebd290b4d",
            "version": "4.12.2"
        }
    ]
}