{
    "results": [
        {
            "command": null,
            "mean": 26.2413921045,
            "median": 26.2982871269,
            "max": 26.7193456889,
            "min": 25.668165690899997
        }
    ]
}