{
    "results": [
        {
            "command": null,
            "mean": 23.824223470099998,
            "median": 23.609474329799998,
            "max": 24.6396680818,
            "min": 23.3600090128
        }
    ]
}