{
    "results": [
        {
            "command": null,
            "mean": 0.9154755272900001,
            "median": 0.8929638874900001,
            "max": 1.04246570299,
            "min": 0.8624884019900001
        }
    ]
}