{
    "results": [
        {
            "command": "npm info jquery",
            "mean": 0.9154755272900001,
            "median": 0.8929638874900001,
            "max": 1.04246570299,
            "min": 0.8624884019900001,
            "user": 0.34403397499999994,
            "stddev": 0.06165391585861897,
            "system": 0.030316370000000002,
            "commit": "fcbc4bb78167243b7a179f1a8a170eaebd290b4d",
            "version": "6.0.0-6-next.40"
        }
    ]
}