{
    "results": [
        {
            "command": "npm info jquery",
            "mean": 0.9355845495849999,
            "median": 0.8917035312850001,
            "max": 1.185554024285,
            "min": 0.8155811502850001,
            "user": 0.3954824,
            "stddev": 0.12948269349835076,
            "system": 0.04747619,
            "commit": "91fff48cb1978310403ac05a493a84da5e003baa",
            "version": "3.13.1"
        }
    ]
}