{
    "results": [
        {
            "command": "npm info jquery",
            "mean": 1.209176293705,
            "median": 1.121534056005,
            "max": 1.487755061005,
            "min": 1.006273061005,
            "user": 0.49130883999999997,
            "stddev": 0.19872755476723966,
            "system": 0.051206765,
            "commit": "9fb5429d1865e7ccfe9e021332863baf596638b6",
            "version": "4.12.2"
        }
    ]
}