{
    "results": [
        {
            "command": "npm info jquery",
            "mean": 1.0798463773650002,
            "median": 1.0622676587650002,
            "max": 1.281258741265,
            "min": 0.9861142152650001,
            "user": 0.4797121299999999,
            "stddev": 0.0811190966451241,
            "system": 0.05113358,
            "commit": "09a7cf345658047a85d44d0b85594c58270cdf26",
            "version": "5.1.0"
        }
    ]
}