{
    "results": [
        {
            "command": "npm info jquery",
            "mean": 0.9328151505949999,
            "median": 0.914966520695,
            "max": 1.064149727695,
            "min": 0.897418573695,
            "user": 0.47693637000000005,
            "stddev": 0.05088675299145178,
            "system": 0.05625042,
            "commit": "b261741ef692a6348ec86cd0e0811db08376c312",
            "version": "4.12.2"
        }
    ]
}