{
    "results": [
        {
            "command": "npm info jquery",
            "mean": 1.1206972024150001,
            "median": 1.117712387215,
            "max": 1.2152643407150001,
            "min": 1.0440948357150002,
            "user": 0.5125042799999999,
            "stddev": 0.05792692786546289,
            "system": 0.054467275,
            "commit": "95ed3db43ce681824c9b40fa7eb8b09039d053ea",
            "version": "4.12.1"
        }
    ]
}