{
    "results": [
        {
            "command": "npm install jquery",
            "mean": 10.066822270444998,
            "median": 9.940972702944999,
            "max": 11.239143790444999,
            "min": 9.695557161444999,
            "user": 9.202043905,
            "stddev": 0.44390185335962656,
            "system": 0.52560758,
            "commit": "a15c915b171517c69bbb1198b1b0d5367feac923",
            "version": "5.2.2"
        }
    ]
}