{
    "results": [
        {
            "command": "npm info jquery",
            "mean": 0.930272869825,
            "median": 0.922446549325,
            "max": 0.9726490018250001,
            "min": 0.9003060238250001,
            "user": 0.51045876,
            "stddev": 0.023506203709330663,
            "system": 0.03864083,
            "commit": "586f1b06845b2c43e0f308915ab0a3c2c68999c2",
            "version": "5.1.2"
        }
    ]
}