{
    "results": [
        {
            "command": "npm install jquery",
            "mean": 13.192731530404998,
            "median": 13.151760645404998,
            "max": 14.305435447405,
            "min": 12.718354476404999,
            "user": 12.736345194999998,
            "stddev": 0.4397045715973128,
            "system": 0.62849926,
            "commit": "586f1b06845b2c43e0f308915ab0a3c2c68999c2",
            "version": "5.1.2"
        }
    ]
}