{
    "results": [
        {
            "command": "npm install jquery",
            "mean": 18.751863196829998,
            "median": 16.62865809413,
            "max": 26.39463165513,
            "min": 16.07630109513,
            "user": 17.613168185,
            "stddev": 3.935616828722463,
            "system": 0.8900711699999999,
            "commit": "586f1b06845b2c43e0f308915ab0a3c2c68999c2",
            "version": "4.12.2"
        }
    ]
}