{
    "results": [
        {
            "command": null,
            "mean": 0.9497411891400003,
            "median": 0.94153913044,
            "max": 1.05243239644,
            "min": 0.89812139544
        }
    ]
}