{
    "results": [
        {
            "command": null,
            "mean": 0.8854714133350001,
            "median": 0.8758359089350001,
            "max": 0.976872499435,
            "min": 0.851625023435
        }
    ]
}