{
    "results": [
        {
            "command": null,
            "mean": 0.930272869825,
            "median": 0.922446549325,
            "max": 0.9726490018250001,
            "min": 0.9003060238250001
        }
    ]
}