{
    "results": [
        {
            "command": "npm install jquery",
            "mean": 13.684398109205,
            "median": 13.618025732605002,
            "max": 14.621954925605001,
            "min": 13.384347396605001,
            "user": 13.265234494999998,
            "stddev": 0.35085169554397616,
            "system": 0.6660761049999999,
            "commit": "586f1b06845b2c43e0f308915ab0a3c2c68999c2",
            "version": "3.13.1"
        }
    ]
}