{
    "results": [
        {
            "command": "npm info jquery",
            "mean": 0.8854714133350001,
            "median": 0.8758359089350001,
            "max": 0.976872499435,
            "min": 0.851625023435,
            "user": 0.4585388999999999,
            "stddev": 0.035240989022086784,
            "system": 0.048554589999999995,
            "commit": "586f1b06845b2c43e0f308915ab0a3c2c68999c2",
            "version": "4.12.2"
        }
    ]
}