{
    "results": [
        {
            "command": "npm install jquery",
            "mean": 16.551426752824998,
            "median": 16.473007581925,
            "max": 17.833098005425,
            "min": 16.035015637425,
            "user": 16.076240359999996,
            "stddev": 0.5025830607137387,
            "system": 0.8184038750000001,
            "commit": "7c75776c84033f8ae7222d34462d9c4d472b6497",
            "version": "5.1.2"
        }
    ]
}