{
    "results": [
        {
            "command": "npm info jquery",
            "mean": 1.2678300512600003,
            "median": 1.2406052867600001,
            "max": 1.4791122657600002,
            "min": 1.20774773376,
            "user": 0.5505571600000001,
            "stddev": 0.0780061591202227,
            "system": 0.063708235,
            "commit": "3d45cecf04827712eb724a113e415dbda8ea2d90",
            "version": "4.12.2"
        }
    ]
}