{
    "results": [
        {
            "command": null,
            "mean": 12.312703415574997,
            "median": 12.308080613175,
            "max": 13.063940016175,
            "min": 11.878119763174999
        }
    ]
}