{
    "results": [
        {
            "command": "npm info jquery",
            "mean": 0.9279978021699999,
            "median": 0.8709307148700001,
            "max": 1.3721372008700001,
            "min": 0.83867589587,
            "user": 0.420078775,
            "stddev": 0.16101113516716759,
            "system": 0.048734055,
            "commit": "8ea24df16ad114430feb85827b7effb0cd2f5bc3",
            "version": "6.0.0-6-next.31"
        }
    ]
}