{
    "results": [
        {
            "command": null,
            "mean": 0.9774218248000001,
            "median": 0.9237188664,
            "max": 1.3474103349,
            "min": 0.8975112489000001
        }
    ]
}