{
    "results": [
        {
            "command": null,
            "mean": 14.07825875944,
            "median": 14.036143386140001,
            "max": 14.62814149614,
            "min": 13.53569896814
        }
    ]
}