{
    "results": [
        {
            "command": "npm info jquery",
            "mean": 1.504797744755,
            "median": 1.2107478768550002,
            "max": 2.891658778855,
            "min": 0.8818802048550001,
            "user": 0.46588046999999994,
            "stddev": 0.7613061431249522,
            "system": 0.056703514999999996,
            "commit": "1fafb266bd69833c406c2e2a33cec3be9ad1cad0",
            "version": "3.13.1"
        }
    ]
}