{
    "results": [
        {
            "command": "npm info jquery",
            "mean": 1.3171639054200002,
            "median": 1.29340119842,
            "max": 1.53171656592,
            "min": 1.20361026692,
            "user": 0.54126697,
            "stddev": 0.11491660995347544,
            "system": 0.053223009999999994,
            "commit": "625f529fe9d6ce2364b811ffca904fe9876a0050",
            "version": "4.12.2"
        }
    ]
}