{
    "results": [
        {
            "command": "npm info jquery",
            "mean": 1.17090576308,
            "median": 1.08360345678,
            "max": 1.62289674328,
            "min": 1.03590770428,
            "user": 0.4990471550000001,
            "stddev": 0.1919586105870138,
            "system": 0.05157993000000001,
            "commit": "20a5e571d16f45ca7ef0d2b6000181359784264c",
            "version": "3.13.1"
        }
    ]
}