{
    "results": [
        {
            "command": "npm install jquery",
            "mean": 10.244357484659998,
            "median": 10.24013723606,
            "max": 11.17323051106,
            "min": 9.80309144006,
            "user": 9.632558305,
            "stddev": 0.39157664467666997,
            "system": 0.5516209899999999,
            "commit": "6eea70a6dd780c8d9eb9c595ad6508ba5be4aba8",
            "version": "6.0.0-6-next.35"
        }
    ]
}