{
    "results": [
        {
            "command": "npm install jquery",
            "mean": 11.518090969454999,
            "median": 11.045538962155,
            "max": 13.590317568155,
            "min": 10.886298237155,
            "user": 12.10943198,
            "stddev": 0.9391102279180791,
            "system": 0.6216135549999999,
            "commit": "2645ae2e48e2e7feb7cba414c83991269b169870",
            "version": "4.12.2"
        }
    ]
}