{
    "results": [
        {
            "command": "npm install jquery",
            "mean": 14.398370572740003,
            "median": 14.332329436440002,
            "max": 16.23822406194,
            "min": 13.541346066940001,
            "user": 13.369178364999996,
            "stddev": 0.7211209380309902,
            "system": 0.62529686,
            "commit": "67406082ed53fb630547fa7229b540f476f636e9",
            "version": "4.12.1"
        }
    ]
}