{
    "results": [
        {
            "command": null,
            "mean": 13.639005513899999,
            "median": 13.461029687,
            "max": 14.535057925,
            "min": 12.771874519
        }
    ]
}