{
    "results": [
        {
            "command": "npm install jquery",
            "mean": 10.730445733920002,
            "median": 10.540809520220002,
            "max": 12.165724515720001,
            "min": 10.01892610472,
            "user": 10.030223705000001,
            "stddev": 0.6717163989784902,
            "system": 0.5466061649999999,
            "commit": "4a6476c824722618d1834672a2a343d43d7c60c5",
            "version": "5.2.2"
        }
    ]
}