{
    "results": [
        {
            "command": "npm install jquery",
            "mean": 13.639005513899999,
            "median": 13.461029687,
            "max": 14.535057925,
            "min": 12.771874519,
            "user": 12.904962265,
            "stddev": 0.5610700861943324,
            "system": 0.6998857699999999,
            "commit": "4a6476c824722618d1834672a2a343d43d7c60c5",
            "version": "3.13.1"
        }
    ]
}