{
    "results": [
        {
            "command": "npm install jquery",
            "mean": 9.986610020465,
            "median": 9.786431162765,
            "max": 11.191158610765,
            "min": 9.696020847765,
            "user": 8.78070651,
            "stddev": 0.4583600137925932,
            "system": 0.490598535,
            "commit": "4a6476c824722618d1834672a2a343d43d7c60c5",
            "version": "6.0.0-6-next.27"
        }
    ]
}