{
    "results": [
        {
            "command": "npm info jquery",
            "mean": 0.9816029731299999,
            "median": 0.97517807163,
            "max": 1.0312860206299999,
            "min": 0.9525401336300001,
            "user": 0.42771689999999996,
            "stddev": 0.024563881816472174,
            "system": 0.048650715,
            "commit": "4a6476c824722618d1834672a2a343d43d7c60c5",
            "version": "5.2.2"
        }
    ]
}