{
    "results": [
        {
            "command": "npm install jquery",
            "mean": 18.36973953392,
            "median": 17.009269031019997,
            "max": 24.03747376752,
            "min": 16.12988788452,
            "user": 17.01562714,
            "stddev": 3.0078176790624256,
            "system": 0.7909710649999999,
            "commit": "9805298893433b1d04b6f392fc9e5ba81de4f779",
            "version": "3.13.1"
        }
    ]
}