{
    "results": [
        {
            "command": null,
            "mean": 12.17021260209,
            "median": 12.02769444519,
            "max": 12.89292866269,
            "min": 11.87166101769
        }
    ]
}