{
    "results": [
        {
            "command": null,
            "mean": 10.362431670665,
            "median": 10.289933262065002,
            "max": 10.922809036565,
            "min": 10.115033161565
        }
    ]
}