{
    "results": [
        {
            "command": "npm install jquery",
            "mean": 12.17021260209,
            "median": 12.02769444519,
            "max": 12.89292866269,
            "min": 11.87166101769,
            "user": 11.442211855,
            "stddev": 0.30348329012840614,
            "system": 0.6399324299999998,
            "commit": "20a5e571d16f45ca7ef0d2b6000181359784264c",
            "version": "4.12.2"
        }
    ]
}