{
    "results": [
        {
            "command": "npm info jquery",
            "mean": 0.9789683921250001,
            "median": 0.9785913445250001,
            "max": 1.075559644025,
            "min": 0.9188765500250001,
            "user": 0.40282980999999995,
            "stddev": 0.04339372185911291,
            "system": 0.04702779,
            "commit": "20a5e571d16f45ca7ef0d2b6000181359784264c",
            "version": "5.7.0"
        }
    ]
}