{
    "results": [
        {
            "command": null,
            "mean": 0.9789683921250001,
            "median": 0.9785913445250001,
            "max": 1.075559644025,
            "min": 0.9188765500250001
        }
    ]
}