{
    "results": [
        {
            "command": "npm info jquery",
            "mean": 1.1891462771649999,
            "median": 1.138158399965,
            "max": 1.4244624319649999,
            "min": 1.1122355169649998,
            "user": 0.4328128299999999,
            "stddev": 0.10141416552261279,
            "system": 0.04463331499999999,
            "commit": "20a5e571d16f45ca7ef0d2b6000181359784264c",
            "version": "6.0.0-6-next.35"
        }
    ]
}