{
    "results": [
        {
            "command": null,
            "mean": 1.160404280525,
            "median": 1.011032399725,
            "max": 1.703852398725,
            "min": 0.950094674725
        }
    ]
}