{
    "results": [
        {
            "command": null,
            "mean": 1.0721691707250003,
            "median": 1.072964139925,
            "max": 1.1784237344250001,
            "min": 1.000819095425
        }
    ]
}