{
    "results": [
        {
            "command": "npm install jquery",
            "mean": 11.0057271373,
            "median": 11.1680193682,
            "max": 11.511425638199999,
            "min": 10.2885549192,
            "user": 10.374493509999999,
            "stddev": 0.5105199743004036,
            "system": 0.5390315099999998,
            "commit": "a2877ab03c84790029ea89cc676567e1f625c52f",
            "version": "5.1.2"
        }
    ]
}