{
    "results": [
        {
            "command": "npm install jquery",
            "mean": 13.060389432955,
            "median": 12.059234985655001,
            "max": 16.802766234655,
            "min": 11.852188826655,
            "user": 12.597348364999998,
            "stddev": 1.9416174390989729,
            "system": 0.5979891749999999,
            "commit": "9dbf73e955fcb70b0a623c5ab89649b95146c744",
            "version": "3.13.1"
        }
    ]
}