{
    "results": [
        {
            "command": "npm info jquery",
            "mean": 1.3119126004450001,
            "median": 1.264074677945,
            "max": 1.4495677049450002,
            "min": 1.2389444869450001,
            "user": 0.5378221799999999,
            "stddev": 0.08462078187333634,
            "system": 0.059445899999999996,
            "commit": "9dbf73e955fcb70b0a623c5ab89649b95146c744",
            "version": "4.12.2"
        }
    ]
}