{
    "results": [
        {
            "command": null,
            "mean": 16.850354491850002,
            "median": 15.68027149235,
            "max": 21.52744823585,
            "min": 15.147305202850001
        }
    ]
}