{
    "results": [
        {
            "command": null,
            "mean": 16.97052911872,
            "median": 16.42625274062,
            "max": 21.94240152712,
            "min": 15.81796443812
        }
    ]
}