{
    "results": [
        {
            "command": "npm info jquery",
            "mean": 1.0912714610700003,
            "median": 1.08377822317,
            "max": 1.2018809726700002,
            "min": 1.01889409967,
            "user": 0.4953596599999999,
            "stddev": 0.06324027737529146,
            "system": 0.047556835,
            "commit": "9dbf73e955fcb70b0a623c5ab89649b95146c744",
            "version": "6.0.0-6-next.23"
        }
    ]
}