{
    "results": [
        {
            "command": null,
            "mean": 1.3119126004450001,
            "median": 1.264074677945,
            "max": 1.4495677049450002,
            "min": 1.2389444869450001
        }
    ]
}