{
    "results": [
        {
            "command": null,
            "mean": 1.322063280105,
            "median": 1.284986514905,
            "max": 1.528667469905,
            "min": 1.2331420959050001
        }
    ]
}