{
    "results": [
        {
            "command": null,
            "mean": 13.060389432955,
            "median": 12.059234985655001,
            "max": 16.802766234655,
            "min": 11.852188826655
        }
    ]
}