{
    "results": [
        {
            "command": "npm info jquery",
            "mean": 0.906838766375,
            "median": 0.8567225490750001,
            "max": 1.057292689075,
            "min": 0.8410652390750001,
            "user": 0.30232607,
            "stddev": 0.08072098526878341,
            "system": 0.039574055,
            "commit": "99c3960f7491941402032a7eebd52b3ab1bdf347",
            "version": "5.10.2"
        }
    ]
}