{
    "results": [
        {
            "command": "npm info jquery",
            "mean": 0.9197064586750001,
            "median": 0.8920720985750001,
            "max": 1.042855536575,
            "min": 0.8770994245750001,
            "user": 0.46665934499999995,
            "stddev": 0.06449519050284584,
            "system": 0.05763990500000001,
            "commit": "d36beaf650acff98a6d6119a1af2545169075eb3",
            "version": "5.3.0"
        }
    ]
}