{
    "results": [
        {
            "command": "npm install jquery",
            "mean": 14.558646178980002,
            "median": 14.28962673568,
            "max": 16.527106705679998,
            "min": 13.95993701668,
            "user": 13.45101129,
            "stddev": 0.7366231527021491,
            "system": 0.67810043,
            "commit": "2197d08e425086d721b5da8f7dfe03130ab140df",
            "version": "5.1.0"
        }
    ]
}