{
    "results": [
        {
            "command": "npm info jquery",
            "mean": 0.9798733439099999,
            "median": 0.9435683688100001,
            "max": 1.1094390438100001,
            "min": 0.8830888358100001,
            "user": 0.375125805,
            "stddev": 0.08669762153713412,
            "system": 0.03763461,
            "commit": "1042f9bf76d86b582bd779111487e193a2d731ab",
            "version": "3.13.1"
        }
    ]
}