{
    "results": [
        {
            "command": "npm info jquery",
            "mean": 1.3643330984449997,
            "median": 1.2404366008449998,
            "max": 2.352275233845,
            "min": 1.211699686845,
            "user": 0.5386418999999999,
            "stddev": 0.3520848639812365,
            "system": 0.045020985,
            "commit": "1042f9bf76d86b582bd779111487e193a2d731ab",
            "version": "6.0.0-6-next.23"
        }
    ]
}