{
    "results": [
        {
            "command": "npm info jquery",
            "mean": 1.06554925857,
            "median": 0.98428791097,
            "max": 1.47830417947,
            "min": 0.89554978047,
            "user": 0.483231145,
            "stddev": 0.20204967895208517,
            "system": 0.056510305000000004,
            "commit": "a049eaa38f5f830681d035fd013dedd0dfde54b6",
            "version": "4.12.2"
        }
    ]
}