{
    "results": [
        {
            "command": "npm info jquery",
            "mean": 0.919414502755,
            "median": 0.8559351940550001,
            "max": 1.046593680555,
            "min": 0.827920259555,
            "user": 0.4228495499999999,
            "stddev": 0.09607176269830134,
            "system": 0.04790826499999999,
            "commit": "b261741ef692a6348ec86cd0e0811db08376c312",
            "version": "3.13.1"
        }
    ]
}