{
    "results": [
        {
            "command": "npm install jquery",
            "mean": 10.876718683135,
            "median": 10.845696661335001,
            "max": 11.512412686335,
            "min": 10.494715218335001,
            "user": 10.040606669999999,
            "stddev": 0.31784516857347167,
            "system": 0.510480015,
            "commit": "09a7cf345658047a85d44d0b85594c58270cdf26",
            "version": "4.12.1"
        }
    ]
}