{
    "results": [
        {
            "command": "npm install jquery",
            "mean": 12.87245927992,
            "median": 12.45729789692,
            "max": 14.82115877042,
            "min": 12.04862949242,
            "user": 13.617068914999995,
            "stddev": 0.9742437483423092,
            "system": 0.7159469749999998,
            "commit": "b8c7b771ad635f55c928b94cca19b68d9535c9a0",
            "version": "3.13.1"
        }
    ]
}