{
    "results": [
        {
            "command": "npm info jquery",
            "mean": 1.132937656345,
            "median": 1.091605464845,
            "max": 1.423218369345,
            "min": 1.014257807345,
            "user": 0.510223155,
            "stddev": 0.11576835834265277,
            "system": 0.04433318,
            "commit": "a2c3fa9ea756163efb40f9c1e66d43b9ab0d2b2c",
            "version": "5.7.0"
        }
    ]
}