{
    "results": [
        {
            "command": "npm install jquery",
            "mean": 11.726924989174998,
            "median": 11.565212508575,
            "max": 13.148344146074999,
            "min": 11.382265473075,
            "user": 11.15785925,
            "stddev": 0.5189863412109628,
            "system": 0.6141897650000001,
            "commit": "dd65119454b5dd2eea4f8153fd2230304316bdc1",
            "version": "4.12.2"
        }
    ]
}