{
    "results": [
        {
            "command": "npm info jquery",
            "mean": 1.03122250489,
            "median": 0.95509994039,
            "max": 1.31970117489,
            "min": 0.92369545889,
            "user": 0.5152788049999999,
            "stddev": 0.14442035217058088,
            "system": 0.055659209999999994,
            "commit": "dd65119454b5dd2eea4f8153fd2230304316bdc1",
            "version": "5.3.0"
        }
    ]
}