{
    "results": [
        {
            "command": null,
            "mean": 1.1215395078249997,
            "median": 0.977474590725,
            "max": 1.671768320725,
            "min": 0.9249905527250001
        }
    ]
}