{
    "results": [
        {
            "command": "npm info jquery",
            "mean": 1.308348801655,
            "median": 1.259732765755,
            "max": 1.6171403042549999,
            "min": 1.229367186255,
            "user": 0.54600877,
            "stddev": 0.12143500942541548,
            "system": 0.062055265000000005,
            "commit": "dd65119454b5dd2eea4f8153fd2230304316bdc1",
            "version": "3.13.1"
        }
    ]
}