{
    "results": [
        {
            "command": "npm info jquery",
            "mean": 1.1215395078249997,
            "median": 0.977474590725,
            "max": 1.671768320725,
            "min": 0.9249905527250001,
            "user": 0.5160586250000001,
            "stddev": 0.2631417033356166,
            "system": 0.057299670000000004,
            "commit": "dd65119454b5dd2eea4f8153fd2230304316bdc1",
            "version": "6.0.0-6-next.27"
        }
    ]
}