{
    "results": [
        {
            "command": "npm install jquery",
            "mean": 11.573696373074998,
            "median": 11.425010228175001,
            "max": 12.271287947175,
            "min": 11.239896954175,
            "user": 10.785016084999999,
            "stddev": 0.35873348819946754,
            "system": 0.60950533,
            "commit": "f38cc44694269f10bc2ce8aa391fde6b278071c5",
            "version": "6.0.0-6-next.27"
        }
    ]
}