{
    "results": [
        {
            "command": null,
            "mean": 12.362506763485,
            "median": 11.895019761784999,
            "max": 16.352142515785,
            "min": 11.536209923785
        }
    ]
}