{
    "results": [
        {
            "command": null,
            "mean": 1.3705455930950001,
            "median": 1.331285386795,
            "max": 1.8809408757950001,
            "min": 1.027524049795
        }
    ]
}