{
    "results": [
        {
            "command": null,
            "mean": 1.0147437470749998,
            "median": 1.012026421575,
            "max": 1.045865122075,
            "min": 0.9902764080750001
        }
    ]
}