{
    "results": [
        {
            "command": null,
            "mean": 1.38745963841,
            "median": 1.34742960751,
            "max": 1.67853395001,
            "min": 1.26923880901
        }
    ]
}