{
    "results": [
        {
            "command": "npm install jquery",
            "mean": 11.288855076085,
            "median": 11.235848752985,
            "max": 12.029843476485,
            "min": 10.899554688485,
            "user": 10.817320849999998,
            "stddev": 0.33213797249894905,
            "system": 0.6042306949999998,
            "commit": "b261741ef692a6348ec86cd0e0811db08376c312",
            "version": "4.12.2"
        }
    ]
}