{
    "results": [
        {
            "command": "npm info jquery",
            "mean": 0.906800207945,
            "median": 0.8600836371450001,
            "max": 1.029492488145,
            "min": 0.8338436711450001,
            "user": 0.42456664499999996,
            "stddev": 0.0775280766274737,
            "system": 0.04891919000000001,
            "commit": "b753b4010feaa13cf8134eace8abf8a075f2b778",
            "version": "4.12.2"
        }
    ]
}