{
    "results": [
        {
            "command": null,
            "mean": 18.23623651112,
            "median": 16.282197195720002,
            "max": 24.31251750472,
            "min": 15.68942919072
        }
    ]
}