{
    "results": [
        {
            "command": null,
            "mean": 1.285779902385,
            "median": 1.2531738320850003,
            "max": 1.4307821505850002,
            "min": 1.1609374275850002
        }
    ]
}