{
    "results": [
        {
            "command": "npm info jquery",
            "mean": 1.278476506045,
            "median": 1.246287234045,
            "max": 1.422820916045,
            "min": 1.231947820045,
            "user": 0.53832247,
            "stddev": 0.05895221255558878,
            "system": 0.062674745,
            "commit": "1042f9bf76d86b582bd779111487e193a2d731ab",
            "version": "5.1.3"
        }
    ]
}