{
    "results": [
        {
            "command": null,
            "mean": 13.823584258444999,
            "median": 13.114161015745001,
            "max": 19.217115650245002,
            "min": 12.741818552245
        }
    ]
}