{
    "results": [
        {
            "command": "npm install jquery",
            "mean": 12.99807592881,
            "median": 12.413351176109998,
            "max": 17.614884443610002,
            "min": 12.211488327609999,
            "user": 12.560119014999998,
            "stddev": 1.667121331350978,
            "system": 0.608505335,
            "commit": "1042f9bf76d86b582bd779111487e193a2d731ab",
            "version": "4.12.2"
        }
    ]
}