{
    "results": [
        {
            "command": "npm install jquery",
            "mean": 13.823584258444999,
            "median": 13.114161015745001,
            "max": 19.217115650245002,
            "min": 12.741818552245,
            "user": 13.041997724999998,
            "stddev": 1.9632067832311821,
            "system": 0.65439429,
            "commit": "1042f9bf76d86b582bd779111487e193a2d731ab",
            "version": "6.0.0-6-next.23"
        }
    ]
}