{
    "results": [
        {
            "command": null,
            "mean": 13.153188216495,
            "median": 12.598701689995,
            "max": 17.610259185994998,
            "min": 12.120918282995001
        }
    ]
}