{
    "results": [
        {
            "command": "npm install jquery",
            "mean": 13.153188216495,
            "median": 12.598701689995,
            "max": 17.610259185994998,
            "min": 12.120918282995001,
            "user": 12.446406865,
            "stddev": 1.665736938568007,
            "system": 0.65593605,
            "commit": "1042f9bf76d86b582bd779111487e193a2d731ab",
            "version": "3.13.1"
        }
    ]
}