{
    "results": [
        {
            "command": "npm info jquery",
            "mean": 1.1136671536349998,
            "median": 1.1018260083349998,
            "max": 1.285862089335,
            "min": 1.024998068335,
            "user": 0.5247393449999999,
            "stddev": 0.08046634697179023,
            "system": 0.04613805,
            "commit": "1042f9bf76d86b582bd779111487e193a2d731ab",
            "version": "3.13.1"
        }
    ]
}