{
    "results": [
        {
            "command": "npm info jquery",
            "mean": 1.0272846963900002,
            "median": 0.9375024676900001,
            "max": 1.51024410819,
            "min": 0.9110630261900001,
            "user": 0.49094156,
            "stddev": 0.20644767169894285,
            "system": 0.049459714999999994,
            "commit": "960ebc67a5aa85ffa7db9bcf6f0393a41cff7547",
            "version": "4.12.2"
        }
    ]
}