{
  "results": [
    {
      "command": "npm info jquery",
      "mean": 0.5216045461600001,
      "stddev": 0.028647202603695143,
      "median": 0.51272799646,
      "user": 0.43230255999999995,
      "system": 0.06197033999999999,
      "min": 0.49659564296,
      "max": 0.5852085369600001,
      "times": [
        0.5033070659600001,
        0.49659564296,
        0.5100700879600001,
        0.51538590496,
        0.49715954496000003,
        0.50720457896,
        0.52134012496,
        0.5207160229600001,
        0.5852085369600001,
        0.55905795096
      ],
      "exit_codes": [
        0,
        0,
        0,
        0,
        0,
        0,
        0,
        0,
        0,
        0
      ]
    }
  ]
}
