{
  "results": [
    {
      "command": "npm info jquery",
      "mean": 0.39719549556,
      "stddev": 0.017996466598605324,
      "median": 0.39177538586,
      "user": 0.35704852,
      "system": 0.03168274,
      "min": 0.37943847186,
      "max": 0.44097902086,
      "times": [
        0.38577036186,
        0.44097902086,
        0.38893324786,
        0.40530847686,
        0.38666925786,
        0.39461752386,
        0.40933815986,
        0.39601968586,
        0.38488074886,
        0.37943847186
      ],
      "exit_codes": [
        0,
        0,
        0,
        0,
        0,
        0,
        0,
        0,
        0,
        0
      ]
    }
  ]
}
