{
  "results": [
    {
      "command": "npm info jquery",
      "mean": 0.47367355692,
      "stddev": 0.03198370517974582,
      "median": 0.46026818312,
      "user": 0.40015,
      "system": 0.046114959999999997,
      "min": 0.44315379212,
      "max": 0.5441167851200001,
      "times": [
        0.50552308012,
        0.49919069812,
        0.45204114712,
        0.45467972212,
        0.45626136812,
        0.44315379212,
        0.45946226012,
        0.46123261012,
        0.46107410612,
        0.5441167851200001
      ],
      "exit_codes": [
        0,
        0,
        0,
        0,
        0,
        0,
        0,
        0,
        0,
        0
      ]
    }
  ]
}
