{
  "results": [
    {
      "command": "npm info jquery",
      "mean": 0.5093539308400001,
      "stddev": 0.037200890371949256,
      "median": 0.49588559064000004,
      "user": 0.4187108200000001,
      "system": 0.0445001,
      "min": 0.47253434164,
      "max": 0.5938057926400001,
      "times": [
        0.49657068864000004,
        0.47253434164,
        0.49249176364,
        0.51079337664,
        0.49464768164,
        0.49605829164000004,
        0.48377691564,
        0.5571475666400001,
        0.5938057926400001,
        0.49571288964
      ],
      "exit_codes": [
        0,
        0,
        0,
        0,
        0,
        0,
        0,
        0,
        0,
        0
      ]
    }
  ]
}
