{
    "results": [
        {
            "command": null,
            "mean": 0.8400705989149999,
            "median": 0.8369220981150001,
            "max": 0.913143128615,
            "min": 0.796838392615
        }
    ]
}