{
    "results": [
        {
            "command": null,
            "mean": 17.406082018905,
            "median": 16.649989968405,
            "max": 23.389633298904997,
            "min": 16.121845992904998
        }
    ]
}