{
    "results": [
        {
            "command": null,
            "mean": 0.847352765495,
            "median": 0.8375948093950001,
            "max": 0.990007941395,
            "min": 0.801831332395
        }
    ]
}