{
    "results": [
        {
            "command": null,
            "mean": 0.791493379645,
            "median": 0.793166136345,
            "max": 0.816900711845,
            "min": 0.761895956845
        }
    ]
}