{
    "results": [
        {
            "command": "npm info jquery",
            "mean": 0.847352765495,
            "median": 0.8375948093950001,
            "max": 0.990007941395,
            "min": 0.801831332395,
            "user": 0.4244875149999999,
            "stddev": 0.051949907930037106,
            "system": 0.04345026999999999,
            "commit": "73e6863426497b61ff1b3e61b577909b70cf683d",
            "version": "4.12.1"
        }
    ]
}