{
    "results": [
        {
            "command": null,
            "mean": 14.865414647039998,
            "median": 14.793065137140001,
            "max": 15.63356951914,
            "min": 14.51282833014
        }
    ]
}