{
    "results": [
        {
            "command": "npm install jquery",
            "mean": 14.40459014747,
            "median": 14.42677187867,
            "max": 14.71989166367,
            "min": 14.13621700267,
            "user": 13.867260609999999,
            "stddev": 0.2027589389769129,
            "system": 0.7465603849999999,
            "commit": "f1308178282f5fa31c3e52b728ddeb86e5c29367",
            "version": "3.13.1"
        }
    ]
}