{
    "results": [
        {
            "command": "npm install jquery",
            "mean": 13.606200924954999,
            "median": 13.621879430655,
            "max": 13.945967043655001,
            "min": 13.194373109655,
            "user": 13.040249064999998,
            "stddev": 0.26235641216466105,
            "system": 0.692268825,
            "commit": "f1308178282f5fa31c3e52b728ddeb86e5c29367",
            "version": "4.12.2"
        }
    ]
}