{
    "results": [
        {
            "command": "npm install jquery",
            "mean": 12.353061732845003,
            "median": 12.322262842445001,
            "max": 12.923570722945001,
            "min": 11.904489351945001,
            "user": 11.880326555,
            "stddev": 0.2577488360634087,
            "system": 0.6652088999999999,
            "commit": "f1308178282f5fa31c3e52b728ddeb86e5c29367",
            "version": "6.0.0-6-next.31"
        }
    ]
}