{
    "results": [
        {
            "command": "npm info jquery",
            "mean": 0.9350226340299999,
            "median": 0.9317795172300001,
            "max": 0.9674973282300001,
            "min": 0.9130608442300001,
            "user": 0.512984965,
            "stddev": 0.016649977139435317,
            "system": 0.04600697499999999,
            "commit": "f1308178282f5fa31c3e52b728ddeb86e5c29367",
            "version": "4.12.2"
        }
    ]
}