{
    "results": [
        {
            "command": "npm info jquery",
            "mean": 1.0943490869299999,
            "median": 1.0739113867299999,
            "max": 1.29634006323,
            "min": 1.02946813623,
            "user": 0.48959134000000004,
            "stddev": 0.07485413334746666,
            "system": 0.054033824999999994,
            "commit": "f1308178282f5fa31c3e52b728ddeb86e5c29367",
            "version": "5.5.2"
        }
    ]
}