{
    "results": [
        {
            "command": null,
            "mean": 0.9350226340299999,
            "median": 0.9317795172300001,
            "max": 0.9674973282300001,
            "min": 0.9130608442300001
        }
    ]
}