{
    "results": [
        {
            "command": null,
            "mean": 13.606200924954999,
            "median": 13.621879430655,
            "max": 13.945967043655001,
            "min": 13.194373109655
        }
    ]
}