{
    "results": [
        {
            "command": null,
            "mean": 11.089876642825,
            "median": 10.692132441525,
            "max": 14.450489902525,
            "min": 10.486274189525
        }
    ]
}