{
    "results": [
        {
            "command": "npm info jquery",
            "mean": 1.1253519977350002,
            "median": 1.1081070146349998,
            "max": 1.290099450135,
            "min": 1.0709821661349999,
            "user": 0.520253915,
            "stddev": 0.0671938308533743,
            "system": 0.058572925,
            "commit": "f1308178282f5fa31c3e52b728ddeb86e5c29367",
            "version": "6.0.0-6-next.31"
        }
    ]
}