{
    "results": [
        {
            "command": "npm info jquery",
            "mean": 0.8274808775250001,
            "median": 0.7871021705250001,
            "max": 0.9676146345250001,
            "min": 0.7613865055250001,
            "user": 0.34617109,
            "stddev": 0.07435311068180621,
            "system": 0.033668745,
            "commit": "1c7eb368ee50e6c3978697d60b34be8fd30dd748",
            "version": "6.0.0-6-next.40"
        }
    ]
}