{
    "results": [
        {
            "command": "npm info jquery",
            "mean": 1.2071363526750003,
            "median": 1.149405199475,
            "max": 1.6698232889750002,
            "min": 1.056999622975,
            "user": 0.5149511600000001,
            "stddev": 0.18216004949249628,
            "system": 0.05687182999999999,
            "commit": "a73b0a9d1cd3c7bd02e614124564274de98014c3",
            "version": "6.0.0-6-next.24"
        }
    ]
}