{
    "results": [
        {
            "command": "npm info jquery",
            "mean": 1.1092099307399998,
            "median": 1.04597877164,
            "max": 1.4758521036399999,
            "min": 1.01463456764,
            "user": 0.5769483099999999,
            "stddev": 0.14408493844515427,
            "system": 0.07314462999999999,
            "commit": "a73b0a9d1cd3c7bd02e614124564274de98014c3",
            "version": "5.1.3"
        }
    ]
}