{
    "results": [
        {
            "command": null,
            "mean": 1.1092099307399998,
            "median": 1.04597877164,
            "max": 1.4758521036399999,
            "min": 1.01463456764
        }
    ]
}