{
    "results": [
        {
            "command": null,
            "mean": 9.563767332425,
            "median": 9.062315811325,
            "max": 13.639327085325,
            "min": 8.827834613325
        }
    ]
}