{
    "results": [
        {
            "command": "npm install jquery",
            "mean": 13.493189680485003,
            "median": 13.392803848685,
            "max": 13.991480513185001,
            "min": 13.005046790185,
            "user": 14.836398175,
            "stddev": 0.3017952340834964,
            "system": 0.84216824,
            "commit": "a73b0a9d1cd3c7bd02e614124564274de98014c3",
            "version": "5.1.3"
        }
    ]
}