{
    "results": [
        {
            "command": "npm info jquery",
            "mean": 1.4852652085350002,
            "median": 1.3967449705350001,
            "max": 2.102499153035,
            "min": 1.030971158035,
            "user": 0.49593402499999995,
            "stddev": 0.3885220709398689,
            "system": 0.05018257,
            "commit": "6218d7723d2d3cfae45330af767353b23dceb16b",
            "version": "6.0.0-6-next.24"
        }
    ]
}