{
    "results": [
        {
            "command": "npm install jquery",
            "mean": 17.281943187665,
            "median": 16.556755936465002,
            "max": 23.381210241965,
            "min": 15.996137611965,
            "user": 16.517011065,
            "stddev": 2.219689100292082,
            "system": 0.79085352,
            "commit": "1042f9bf76d86b582bd779111487e193a2d731ab",
            "version": "4.12.2"
        }
    ]
}