{
    "results": [
        {
            "command": "npm info jquery",
            "mean": 0.8928537711950002,
            "median": 0.8320030894950001,
            "max": 1.0805252489950001,
            "min": 0.811563165995,
            "user": 0.41035194500000005,
            "stddev": 0.10247730455439726,
            "system": 0.041539179999999995,
            "commit": "2645ae2e48e2e7feb7cba414c83991269b169870",
            "version": "4.12.2"
        }
    ]
}