{
    "results": [
        {
            "command": null,
            "mean": 0.9583465938750001,
            "median": 0.9491475448750001,
            "max": 1.080626382875,
            "min": 0.9039487448750001
        }
    ]
}