{
    "results": [
        {
            "command": "npm install jquery",
            "mean": 11.056867886935,
            "median": 10.563802821134999,
            "max": 14.801245338135,
            "min": 10.485860246135001,
            "user": 10.398715189999999,
            "stddev": 1.333293228782023,
            "system": 0.5891298449999998,
            "commit": "9fb5429d1865e7ccfe9e021332863baf596638b6",
            "version": "5.7.0"
        }
    ]
}