{
    "results": [
        {
            "command": null,
            "mean": 1.65611347852,
            "median": 1.35423567612,
            "max": 2.8547177771200003,
            "min": 0.9493007931200002
        }
    ]
}