{
    "results": [
        {
            "command": "npm info jquery",
            "mean": 1.65611347852,
            "median": 1.35423567612,
            "max": 2.8547177771200003,
            "min": 0.9493007931200002,
            "user": 0.40051306000000003,
            "stddev": 0.7790404496709052,
            "system": 0.046311689999999996,
            "commit": "9fb5429d1865e7ccfe9e021332863baf596638b6",
            "version": "3.13.1"
        }
    ]
}