{
    "results": [
        {
            "command": "npm install jquery",
            "mean": 10.839846352784999,
            "median": 10.762246174085,
            "max": 11.487268662085,
            "min": 10.551662791085,
            "user": 10.22510106,
            "stddev": 0.2877946149082335,
            "system": 0.585514835,
            "commit": "9fb5429d1865e7ccfe9e021332863baf596638b6",
            "version": "4.12.2"
        }
    ]
}