{
    "results": [
        {
            "command": "npm install jquery",
            "mean": 13.748728728999998,
            "median": 13.6919874011,
            "max": 14.4233739066,
            "min": 13.4160537636,
            "user": 13.047706909999999,
            "stddev": 0.2684570779815012,
            "system": 0.6861901250000001,
            "commit": "9fb5429d1865e7ccfe9e021332863baf596638b6",
            "version": "3.13.1"
        }
    ]
}