{
    "results": [
        {
            "command": null,
            "mean": 1.10063151819,
            "median": 1.02626462819,
            "max": 1.63158430169,
            "min": 0.8799448776900001
        }
    ]
}