{
    "results": [
        {
            "command": null,
            "mean": 1.04380750865,
            "median": 1.0345018020499999,
            "max": 1.20176200055,
            "min": 0.9765907945500001
        }
    ]
}