{
    "results": [
        {
            "command": "npm install jquery",
            "mean": 13.359771144775,
            "median": 13.296078984775,
            "max": 14.376720083275,
            "min": 12.936848968275001,
            "user": 12.623401824999998,
            "stddev": 0.40321781919909977,
            "system": 0.6675864650000001,
            "commit": "a15c915b171517c69bbb1198b1b0d5367feac923",
            "version": "3.13.1"
        }
    ]
}