{
    "results": [
        {
            "command": "npm info jquery",
            "mean": 0.9900523758900001,
            "median": 0.9613078270900001,
            "max": 1.1260232805900001,
            "min": 0.89872918659,
            "user": 0.398730975,
            "stddev": 0.08150428867985252,
            "system": 0.045707344999999996,
            "commit": "a15c915b171517c69bbb1198b1b0d5367feac923",
            "version": "5.2.2"
        }
    ]
}