{
    "results": [
        {
            "command": null,
            "mean": 1.119340894485,
            "median": 1.042919028985,
            "max": 1.696614791485,
            "min": 1.000552994485
        }
    ]
}