{
    "results": [
        {
            "command": null,
            "mean": 13.68069721755,
            "median": 13.57053055955,
            "max": 14.95688763355,
            "min": 13.28049864255
        }
    ]
}