{
    "results": [
        {
            "command": "npm install jquery",
            "mean": 13.882887683564999,
            "median": 13.893691485665002,
            "max": 14.373586994665,
            "min": 13.368475686665,
            "user": 13.298821224999998,
            "stddev": 0.3543448544915574,
            "system": 0.74402908,
            "commit": "a15c915b171517c69bbb1198b1b0d5367feac923",
            "version": "4.12.2"
        }
    ]
}