{
    "results": [
        {
            "command": "npm install jquery",
            "mean": 11.3227595187,
            "median": 11.467690885500001,
            "max": 12.947824931500001,
            "min": 10.432128931500001,
            "user": 11.392593290000002,
            "stddev": 0.7926390288900715,
            "system": 0.6178009950000001,
            "commit": "90b8bc242c9f801b1b91c7f31d10348ab860c677",
            "version": "5.1.2"
        }
    ]
}