{
    "results": [
        {
            "command": "npm info jquery",
            "mean": 1.191207757975,
            "median": 0.9592253187750001,
            "max": 2.238108308775,
            "min": 0.8698331777750001,
            "user": 0.4254168799999999,
            "stddev": 0.4516103125117601,
            "system": 0.04712095999999998,
            "commit": "6c50f8569c32528ce57b5e1a4ffd08bfadab3be5",
            "version": "6.0.0-6-next.35"
        }
    ]
}