{
    "results": [
        {
            "command": "npm info jquery",
            "mean": 1.1158682604099999,
            "median": 1.05326770641,
            "max": 1.54144639041,
            "min": 0.94927974941,
            "user": 0.55994125,
            "stddev": 0.17893283407594135,
            "system": 0.06202319499999999,
            "commit": "b6495d5b6c028fc7184912deaa1e7848846241a5",
            "version": "3.13.1"
        }
    ]
}