{
    "results": [
        {
            "command": "npm info jquery",
            "mean": 1.358451824005,
            "median": 1.1319457450050001,
            "max": 2.660212248505,
            "min": 0.9371786695050001,
            "user": 0.5169151949999999,
            "stddev": 0.5432462040516033,
            "system": 0.057811984999999996,
            "commit": "a049eaa38f5f830681d035fd013dedd0dfde54b6",
            "version": "6.0.0-6-next.35"
        }
    ]
}