{
    "results": [
        {
            "command": "npm install jquery",
            "mean": 13.99775706099,
            "median": 13.79338090809,
            "max": 15.73280556559,
            "min": 13.40752282459,
            "user": 13.21558464,
            "stddev": 0.6701004752204851,
            "system": 0.6480692399999999,
            "commit": "b261741ef692a6348ec86cd0e0811db08376c312",
            "version": "6.0.0-6-next.24"
        }
    ]
}