{
    "results": [
        {
            "command": "npm install jquery",
            "mean": 12.199570124894999,
            "median": 12.109442124794999,
            "max": 13.222218570795,
            "min": 11.552486130795,
            "user": 11.750116604999999,
            "stddev": 0.45686030463229044,
            "system": 0.5454309749999999,
            "commit": "67406082ed53fb630547fa7229b540f476f636e9",
            "version": "5.1.0"
        }
    ]
}