{
    "results": [
        {
            "command": "npm info jquery",
            "mean": 0.9007913258800002,
            "median": 0.90257893868,
            "max": 0.9173027636800001,
            "min": 0.87215537468,
            "user": 0.45933994999999994,
            "stddev": 0.014003301077406048,
            "system": 0.04805574,
            "commit": "95ed3db43ce681824c9b40fa7eb8b09039d053ea",
            "version": "5.1.0"
        }
    ]
}