{
    "results": [
        {
            "command": "npm install jquery",
            "mean": 11.915210741970002,
            "median": 11.835415787870001,
            "max": 12.56140433837,
            "min": 11.540332736369999,
            "user": 11.364652540000002,
            "stddev": 0.2946544355110848,
            "system": 0.68414715,
            "commit": "5c36ec5f8f94e7defb20541004f7b79f473045d3",
            "version": "4.12.2"
        }
    ]
}