{
    "results": [
        {
            "command": "npm info jquery",
            "mean": 0.8817981086250002,
            "median": 0.8722198390250001,
            "max": 0.9924687845250001,
            "min": 0.8537947975250001,
            "user": 0.42136688,
            "stddev": 0.04026802552311813,
            "system": 0.047363665,
            "commit": "02c5e76eec873685a6a96f62517e3f77ab488103",
            "version": "3.13.1"
        }
    ]
}