{
    "results": [
        {
            "command": "npm install jquery",
            "mean": 15.252292718585,
            "median": 15.135760093085,
            "max": 16.012810301585,
            "min": 14.645504355585,
            "user": 14.604768529999998,
            "stddev": 0.431802261856501,
            "system": 0.762384305,
            "commit": "c168b4e47a600d56f786a380d652478d7763153b",
            "version": "4.12.2"
        }
    ]
}