{
    "results": [
        {
            "command": "npm info jquery",
            "mean": 0.8351187259000001,
            "median": 0.7983315184,
            "max": 0.9659530069000001,
            "min": 0.7679386979000001,
            "user": 0.38538969999999995,
            "stddev": 0.06910276216568399,
            "system": 0.03986831999999999,
            "commit": "23fb97b2e1f1e3be28af8ca6f8af5ae6e3bc0182",
            "version": "5.7.0"
        }
    ]
}