{
    "results": [
        {
            "command": null,
            "mean": 0.8193710657000002,
            "median": 0.8174741552,
            "max": 0.8460137562000001,
            "min": 0.7980082662
        }
    ]
}