{
    "results": [
        {
            "command": null,
            "mean": 19.817768597984998,
            "median": 19.788428821885,
            "max": 20.978474063385,
            "min": 19.334880314385
        }
    ]
}