{
    "results": [
        {
            "command": null,
            "mean": 22.562171327165004,
            "median": 22.571120415565,
            "max": 22.921188684565003,
            "min": 22.145080260565003
        }
    ]
}