{
    "results": [
        {
            "command": null,
            "mean": 0.8351187259000001,
            "median": 0.7983315184,
            "max": 0.9659530069000001,
            "min": 0.7679386979000001
        }
    ]
}