{
    "results": [
        {
            "command": null,
            "mean": 21.155680129444995,
            "median": 20.982841555045,
            "max": 21.905171665544998,
            "min": 20.759626991544998
        }
    ]
}