{
    "results": [
        {
            "command": "npm info jquery",
            "mean": 1.0665076606950001,
            "median": 1.0344055272950001,
            "max": 1.234952393795,
            "min": 1.016223366795,
            "user": 0.5658546799999999,
            "stddev": 0.07547608291980192,
            "system": 0.067385925,
            "commit": "54b17f4442f9ed8255656a66209476a220e94eea",
            "version": "5.1.0"
        }
    ]
}