{
    "results": [
        {
            "command": "npm info jquery",
            "mean": 1.33446164808,
            "median": 1.31648185208,
            "max": 1.47152550958,
            "min": 1.2739098935800002,
            "user": 0.5673182349999999,
            "stddev": 0.06362176086771415,
            "system": 0.07191407,
            "commit": "9dbf73e955fcb70b0a623c5ab89649b95146c744",
            "version": "3.13.1"
        }
    ]
}