{
    "results": [
        {
            "command": "npm install jquery",
            "mean": 12.537570585845,
            "median": 12.427378933445,
            "max": 13.542454002945,
            "min": 12.265945153945001,
            "user": 13.511360629999999,
            "stddev": 0.36651362489446904,
            "system": 0.6892291300000001,
            "commit": "a88c72d0b21d3b248ced47c192653040a487cd98",
            "version": "4.12.2"
        }
    ]
}