{
    "results": [
        {
            "command": "npm install jquery",
            "mean": 16.470584368860003,
            "median": 14.86473177816,
            "max": 21.498729751160003,
            "min": 14.76589571716,
            "user": 15.712355944999999,
            "stddev": 2.6588924301172048,
            "system": 0.747044875,
            "commit": "9dbf73e955fcb70b0a623c5ab89649b95146c744",
            "version": "5.1.3"
        }
    ]
}