{
    "results": [
        {
            "command": "npm install jquery",
            "mean": 10.295712566599999,
            "median": 9.953072964899999,
            "max": 12.1861319354,
            "min": 9.829122483399999,
            "user": 11.214115914999999,
            "stddev": 0.8034866465379578,
            "system": 0.5882819499999999,
            "commit": "57760150582b4f225fe7c89faa8588dadf3d7184",
            "version": "6.0.0-6-next.24"
        }
    ]
}