{
    "results": [
        {
            "command": "npm install jquery",
            "mean": 17.02506094959,
            "median": 16.98225534009,
            "max": 18.60120624859,
            "min": 16.23264897159,
            "user": 16.48811289,
            "stddev": 0.6236462124468555,
            "system": 0.7639731700000001,
            "commit": "95ed3db43ce681824c9b40fa7eb8b09039d053ea",
            "version": "3.13.1"
        }
    ]
}