{
    "results": [
        {
            "command": "npm install jquery",
            "mean": 14.054593788135,
            "median": 13.877949897135,
            "max": 15.282076201135,
            "min": 13.619792672134999,
            "user": 13.405567705,
            "stddev": 0.49189111742618463,
            "system": 0.6540743900000001,
            "commit": "95ed3db43ce681824c9b40fa7eb8b09039d053ea",
            "version": "3.13.1"
        }
    ]
}