{
    "results": [
        {
            "command": "npm info jquery",
            "mean": 0.8300649538650001,
            "median": 0.8212497518650002,
            "max": 0.9650833983650001,
            "min": 0.790844274365,
            "user": 0.39965054999999994,
            "stddev": 0.05200465818306184,
            "system": 0.05255204499999999,
            "commit": "c85f98ce4d3f5d276e01614abc35be5e420ac7c6",
            "version": "3.13.1"
        }
    ]
}