{
    "results": [
        {
            "command": "npm info jquery",
            "mean": 0.9646690760500001,
            "median": 0.92206797155,
            "max": 1.18147012155,
            "min": 0.9040162445500001,
            "user": 0.4585472499999999,
            "stddev": 0.10288109338800165,
            "system": 0.05812725999999999,
            "commit": "67406082ed53fb630547fa7229b540f476f636e9",
            "version": "4.12.1"
        }
    ]
}