{
    "results": [
        {
            "command": "npm install jquery",
            "mean": 8.812984246849998,
            "median": 8.53666265165,
            "max": 11.334415901649999,
            "min": 8.207216890649999,
            "user": 9.170487829999999,
            "stddev": 0.9247588211449567,
            "system": 0.5134142199999999,
            "commit": "d390a661582c67d4f7b2c8247a6247d7704984d3",
            "version": "4.12.2"
        }
    ]
}