{
    "results": [
        {
            "command": null,
            "mean": 10.489788214725,
            "median": 10.436182814824999,
            "max": 11.079004938825,
            "min": 10.331574720825
        }
    ]
}