{
    "results": [
        {
            "command": null,
            "mean": 1.218945884265,
            "median": 1.188356064265,
            "max": 1.571307452765,
            "min": 1.103158039765
        }
    ]
}