{
    "results": [
        {
            "command": null,
            "mean": 11.617650828855002,
            "median": 11.583133031655,
            "max": 12.269162375155,
            "min": 11.262682783155
        }
    ]
}