{
    "results": [
        {
            "command": "npm info jquery",
            "mean": 1.380937919135,
            "median": 1.272344913835,
            "max": 1.885182534835,
            "min": 1.234939483835,
            "user": 0.558269135,
            "stddev": 0.24174245379367712,
            "system": 0.062078375,
            "commit": "b98475e18584fcc7b9cd183e5684450b6cc2fe5d",
            "version": "4.12.2"
        }
    ]
}