{
    "results": [
        {
            "command": "npm info jquery",
            "mean": 1.185859546495,
            "median": 1.1664363463950003,
            "max": 1.601974574395,
            "min": 0.9650662993950001,
            "user": 0.43150883,
            "stddev": 0.2174395182273566,
            "system": 0.052317375,
            "commit": "b98475e18584fcc7b9cd183e5684450b6cc2fe5d",
            "version": "3.13.1"
        }
    ]
}