{
    "results": [
        {
            "command": "npm info jquery",
            "mean": 1.185120564965,
            "median": 1.133255643265,
            "max": 1.511276149265,
            "min": 1.092422992265,
            "user": 0.43895597999999997,
            "stddev": 0.12723385427436001,
            "system": 0.044451094999999996,
            "commit": "b98475e18584fcc7b9cd183e5684450b6cc2fe5d",
            "version": "5.1.3"
        }
    ]
}