{
    "results": [
        {
            "command": "npm info jquery",
            "mean": 0.9543704626750001,
            "median": 0.9416369582750002,
            "max": 1.106385514275,
            "min": 0.9120791352750001,
            "user": 0.509189395,
            "stddev": 0.0548026941224756,
            "system": 0.046303785,
            "commit": "c45711ade518d4779047735153d7d964ae3e7a19",
            "version": "4.12.2"
        }
    ]
}