{
    "results": [
        {
            "command": "npm install jquery",
            "mean": 13.78490731042,
            "median": 13.727562885520001,
            "max": 14.98314019352,
            "min": 13.36294826852,
            "user": 12.656829779999999,
            "stddev": 0.45674893449475396,
            "system": 0.7155930699999999,
            "commit": "128cd6898def9c0879c4f687f4067b2cf9191482",
            "version": "4.12.2"
        }
    ]
}