{
    "results": [
        {
            "command": "npm info jquery",
            "mean": 1.0010809991600003,
            "median": 0.9798200807600002,
            "max": 1.23647928426,
            "min": 0.9106750782600002,
            "user": 0.42539194,
            "stddev": 0.08788858220326923,
            "system": 0.04747119999999999,
            "commit": "a15c915b171517c69bbb1198b1b0d5367feac923",
            "version": "3.13.1"
        }
    ]
}