{
    "results": [
        {
            "command": "npm install jquery",
            "mean": 13.940714989915,
            "median": 13.792778823115,
            "max": 14.914354448615,
            "min": 13.194643107615,
            "user": 13.138205199999998,
            "stddev": 0.5054083651951782,
            "system": 0.68338776,
            "commit": "b970102bfc79742dc3f637927ba00a74159101ec",
            "version": "6.0.0-6-next.24"
        }
    ]
}