{
    "results": [
        {
            "command": "npm info jquery",
            "mean": 0.8803398184250002,
            "median": 0.859617994625,
            "max": 1.080720299625,
            "min": 0.829213899625,
            "user": 0.4116136999999999,
            "stddev": 0.0738462937945035,
            "system": 0.042707079999999994,
            "commit": "2197d08e425086d721b5da8f7dfe03130ab140df",
            "version": "4.12.1"
        }
    ]
}