{
    "results": [
        {
            "command": "npm info jquery",
            "mean": 0.9936794665550002,
            "median": 0.9451793366550001,
            "max": 1.328002130155,
            "min": 0.9183569101550001,
            "user": 0.48760823999999997,
            "stddev": 0.12665655354191796,
            "system": 0.06843769999999999,
            "commit": "d778f2cd18478410a5722fafb40713f7ea0baef7",
            "version": "6.0.0-6-next.27"
        }
    ]
}