{
    "results": [
        {
            "command": "npm info jquery",
            "mean": 0.8986824921250003,
            "median": 0.8561586671250001,
            "max": 1.068215359125,
            "min": 0.8424096911250001,
            "user": 0.44328334499999994,
            "stddev": 0.0800529741605436,
            "system": 0.04212439,
            "commit": "9dbf73e955fcb70b0a623c5ab89649b95146c744",
            "version": "4.12.2"
        }
    ]
}