{
    "results": [
        {
            "command": "npm info jquery",
            "mean": 0.95511843562,
            "median": 0.95311169212,
            "max": 0.9816772691200001,
            "min": 0.9233445221200001,
            "user": 0.5038056549999999,
            "stddev": 0.018029161606424027,
            "system": 0.06016246999999999,
            "commit": "1a3b0db56302ee80b898379044eda5b2d73473c1",
            "version": "6.0.0-6-next.27"
        }
    ]
}