{
    "results": [
        {
            "command": "npm info jquery",
            "mean": 0.9497411891400003,
            "median": 0.94153913044,
            "max": 1.05243239644,
            "min": 0.89812139544,
            "user": 0.5054309149999999,
            "stddev": 0.04863540772496665,
            "system": 0.04713299,
            "commit": "586f1b06845b2c43e0f308915ab0a3c2c68999c2",
            "version": "3.13.1"
        }
    ]
}