{
    "results": [
        {
            "command": "npm install jquery",
            "mean": 12.915399289615001,
            "median": 12.758266532415,
            "max": 14.006030022415,
            "min": 12.587658190415,
            "user": 12.469949224999999,
            "stddev": 0.4170735880302024,
            "system": 0.6496214350000001,
            "commit": "7aff3dcb9c67247594ec54c507852a58caa10a17",
            "version": "3.13.1"
        }
    ]
}