{
    "results": [
        {
            "command": "npm info jquery",
            "mean": 1.348594819235,
            "median": 1.180874358335,
            "max": 1.815968764335,
            "min": 1.087746661335,
            "user": 0.5150221349999999,
            "stddev": 0.31101034633800473,
            "system": 0.055521394999999994,
            "commit": "453bfadba09266442b4a540bcb535009fc7d6562",
            "version": "4.12.2"
        }
    ]
}