{
    "results": [
        {
            "command": "npm install jquery",
            "mean": 15.543289600284998,
            "median": 15.318702089285,
            "max": 16.988996921785,
            "min": 15.043099161785001,
            "user": 14.575607155,
            "stddev": 0.5669450253626754,
            "system": 0.704767995,
            "commit": "54b17f4442f9ed8255656a66209476a220e94eea",
            "version": "4.12.1"
        }
    ]
}