{
    "results": [
        {
            "command": "npm info jquery",
            "mean": 1.2079365048950002,
            "median": 1.188012171795,
            "max": 1.4010373197950001,
            "min": 1.097726061795,
            "user": 0.565273805,
            "stddev": 0.09703768247980785,
            "system": 0.062494225,
            "commit": "2091f268d39654b175500e1962ed783effbb57f6",
            "version": "4.12.2"
        }
    ]
}