{
    "results": [
        {
            "command": "npm install jquery",
            "mean": 11.310237885000001,
            "median": 11.2741034523,
            "max": 11.819318218800001,
            "min": 10.9579844518,
            "user": 10.989054584999998,
            "stddev": 0.22910850090588425,
            "system": 0.5910589500000001,
            "commit": "2091f268d39654b175500e1962ed783effbb57f6",
            "version": "3.13.1"
        }
    ]
}