{
    "results": [
        {
            "command": null,
            "mean": 1.056330580385,
            "median": 1.0190679342850002,
            "max": 1.3842142237850001,
            "min": 0.9524290277850002
        }
    ]
}