{
    "results": [
        {
            "command": null,
            "mean": 1.32720312328,
            "median": 1.2733158202800001,
            "max": 1.72787438928,
            "min": 1.17296936028
        }
    ]
}