{
    "results": [
        {
            "command": null,
            "mean": 1.1931031442199997,
            "median": 1.1460684107199999,
            "max": 1.44569834272,
            "min": 1.10192057072
        }
    ]
}