{
    "results": [
        {
            "command": "npm install jquery",
            "mean": 13.202704820715002,
            "median": 13.284611776315,
            "max": 14.264230061314999,
            "min": 12.365167531315,
            "user": 12.580445184999999,
            "stddev": 0.6664043218521092,
            "system": 0.7332022049999999,
            "commit": "2091f268d39654b175500e1962ed783effbb57f6",
            "version": "4.12.2"
        }
    ]
}