{
    "results": [
        {
            "command": "npm info jquery",
            "mean": 1.32720312328,
            "median": 1.2733158202800001,
            "max": 1.72787438928,
            "min": 1.17296936028,
            "user": 0.510110255,
            "stddev": 0.1624141907642219,
            "system": 0.044541029999999995,
            "commit": "2091f268d39654b175500e1962ed783effbb57f6",
            "version": "5.1.3"
        }
    ]
}