{
    "results": [
        {
            "command": null,
            "mean": 11.25058368865,
            "median": 11.13500646085,
            "max": 12.28997044185,
            "min": 10.61444176385
        }
    ]
}