{
    "results": [
        {
            "command": null,
            "mean": 11.310237885000001,
            "median": 11.2741034523,
            "max": 11.819318218800001,
            "min": 10.9579844518
        }
    ]
}