{
    "results": [
        {
            "command": null,
            "mean": 1.3253417717749998,
            "median": 1.235325578975,
            "max": 1.879787483975,
            "min": 1.103043192975
        }
    ]
}