{
    "results": [
        {
            "command": null,
            "mean": 1.1060426009849997,
            "median": 1.0312004612849999,
            "max": 1.556341533285,
            "min": 0.9887723792850001
        }
    ]
}