{
    "results": [
        {
            "command": "npm install jquery",
            "mean": 13.523036293550001,
            "median": 12.99277623005,
            "max": 18.460864158550002,
            "min": 12.47362197655,
            "user": 12.863851675000001,
            "stddev": 1.7599779654872598,
            "system": 0.7455606899999999,
            "commit": "a020d4f5808a937cf906f6a8c09cbf51d2dee797",
            "version": "4.12.2"
        }
    ]
}