{
    "results": [
        {
            "command": "npm info jquery",
            "mean": 0.9883632388050001,
            "median": 0.944529441305,
            "max": 1.2280639763049999,
            "min": 0.915435875305,
            "user": 0.49396231,
            "stddev": 0.10105866511261839,
            "system": 0.056297639999999996,
            "commit": "a020d4f5808a937cf906f6a8c09cbf51d2dee797",
            "version": "3.13.1"
        }
    ]
}