{
    "results": [
        {
            "command": null,
            "mean": 10.128884130070002,
            "median": 10.044060329770002,
            "max": 10.86173966027,
            "min": 9.732685475270001
        }
    ]
}