{
    "results": [
        {
            "command": "npm install jquery",
            "mean": 10.128884130070002,
            "median": 10.044060329770002,
            "max": 10.86173966027,
            "min": 9.732685475270001,
            "user": 9.270104325000002,
            "stddev": 0.3322871027421414,
            "system": 0.5332872149999999,
            "commit": "a020d4f5808a937cf906f6a8c09cbf51d2dee797",
            "version": "3.13.1"
        }
    ]
}