{
    "results": [
        {
            "command": "npm info jquery",
            "mean": 1.1060426009849997,
            "median": 1.0312004612849999,
            "max": 1.556341533285,
            "min": 0.9887723792850001,
            "user": 0.44297924999999994,
            "stddev": 0.1823274881840397,
            "system": 0.049345395,
            "commit": "a020d4f5808a937cf906f6a8c09cbf51d2dee797",
            "version": "5.7.0"
        }
    ]
}