{
    "results": [
        {
            "command": null,
            "mean": 1.8513053770299996,
            "median": 1.73085029013,
            "max": 3.12577495213,
            "min": 1.00147792313
        }
    ]
}