{
    "results": [
        {
            "command": null,
            "mean": 13.523036293550001,
            "median": 12.99277623005,
            "max": 18.460864158550002,
            "min": 12.47362197655
        }
    ]
}