{
    "results": [
        {
            "command": "npm install jquery",
            "mean": 10.682921663554998,
            "median": 10.189090802555,
            "max": 15.364392186055,
            "min": 10.002154652055,
            "user": 11.893534364999999,
            "stddev": 1.647349590884968,
            "system": 0.6415964949999999,
            "commit": "b98475e18584fcc7b9cd183e5684450b6cc2fe5d",
            "version": "4.12.2"
        }
    ]
}