{
    "results": [
        {
            "command": "npm install jquery",
            "mean": 17.305012167744998,
            "median": 17.020371211245,
            "max": 18.471585214745,
            "min": 16.758172071745,
            "user": 16.72443819,
            "stddev": 0.588053681002312,
            "system": 0.822931125,
            "commit": "586f1b06845b2c43e0f308915ab0a3c2c68999c2",
            "version": "4.12.2"
        }
    ]
}