{
    "results": [
        {
            "command": "npm info jquery",
            "mean": 1.0096913726099999,
            "median": 0.89240281401,
            "max": 1.43874410201,
            "min": 0.84244743101,
            "user": 0.4357739199999999,
            "stddev": 0.20796965738640522,
            "system": 0.04285125499999999,
            "commit": "4cd71c64091e8788b858b212b86d5286de160fe3",
            "version": "6.0.0-6-next.31"
        }
    ]
}