{
    "results": [
        {
            "command": "npm info jquery",
            "mean": 1.06612122855,
            "median": 1.03726023305,
            "max": 1.16318856205,
            "min": 1.00184751305,
            "user": 0.5597953449999999,
            "stddev": 0.0665000887385762,
            "system": 0.07185961999999999,
            "commit": "b261741ef692a6348ec86cd0e0811db08376c312",
            "version": "6.0.0-6-next.24"
        }
    ]
}