{
    "results": [
        {
            "command": "npm install jquery",
            "mean": 15.438202007665002,
            "median": 15.458097234065,
            "max": 16.480452422564998,
            "min": 14.753382847565,
            "user": 14.905116979999999,
            "stddev": 0.4818853574399701,
            "system": 0.7652217199999999,
            "commit": "b6495d5b6c028fc7184912deaa1e7848846241a5",
            "version": "5.1.2"
        }
    ]
}