{
    "results": [
        {
            "command": "npm info jquery",
            "mean": 1.0521022356449998,
            "median": 1.047948368645,
            "max": 1.0989729586449999,
            "min": 0.9941593166450001,
            "user": 0.4946004349999999,
            "stddev": 0.036112087797150645,
            "system": 0.04608662999999998,
            "commit": "be2626fcd55b4b2fdce438f3123549c18a8a94af",
            "version": "5.1.2"
        }
    ]
}