{
    "results": [
        {
            "command": "npm info jquery",
            "mean": 1.0342215729100002,
            "median": 0.98199279221,
            "max": 1.29484318471,
            "min": 0.9634259677100001,
            "user": 0.5536608349999999,
            "stddev": 0.10227934839086078,
            "system": 0.05261524000000001,
            "commit": "83561bc52d3ec5a906d96e9f27aa6152d4522bdf",
            "version": "4.12.2"
        }
    ]
}