{
    "results": [
        {
            "command": "npm install jquery",
            "mean": 11.997938400144998,
            "median": 11.537759564045,
            "max": 14.854732979045,
            "min": 11.146177053045,
            "user": 12.668380834999997,
            "stddev": 1.112335935797727,
            "system": 0.6606990049999999,
            "commit": "b8c7b771ad635f55c928b94cca19b68d9535c9a0",
            "version": "5.1.2"
        }
    ]
}