{
    "results": [
        {
            "command": "npm info jquery",
            "mean": 1.107191375335,
            "median": 1.045062677935,
            "max": 1.475881800935,
            "min": 0.9321412399350001,
            "user": 0.48262161499999995,
            "stddev": 0.1882104115111743,
            "system": 0.05137936,
            "commit": "b8c7b771ad635f55c928b94cca19b68d9535c9a0",
            "version": "3.13.1"
        }
    ]
}