{
    "results": [
        {
            "command": "npm info jquery",
            "mean": 0.91020602663,
            "median": 0.8762028448300001,
            "max": 1.04567856083,
            "min": 0.83651818683,
            "user": 0.41668983499999995,
            "stddev": 0.07134487748204776,
            "system": 0.04100996999999999,
            "commit": "b8c7b771ad635f55c928b94cca19b68d9535c9a0",
            "version": "5.1.2"
        }
    ]
}