{
    "results": [
        {
            "command": null,
            "mean": 16.14884641497,
            "median": 16.035489192769997,
            "max": 17.444365891769998,
            "min": 15.55545147977
        }
    ]
}