{
    "results": [
        {
            "command": null,
            "mean": 1.107191375335,
            "median": 1.045062677935,
            "max": 1.475881800935,
            "min": 0.9321412399350001
        }
    ]
}