{
    "results": [
        {
            "command": null,
            "mean": 12.51823988913,
            "median": 12.476701131030001,
            "max": 14.457849163530001,
            "min": 11.39655921153
        }
    ]
}