{
    "results": [
        {
            "command": null,
            "mean": 11.997938400144998,
            "median": 11.537759564045,
            "max": 14.854732979045,
            "min": 11.146177053045
        }
    ]
}