{
    "results": [
        {
            "command": null,
            "mean": 1.03369890971,
            "median": 1.01565347631,
            "max": 1.13797933131,
            "min": 1.0011795723099999
        }
    ]
}