{
  "results": [
    {
      "command": "npm info jquery",
      "mean": 0.42501660128,
      "stddev": 0.01772073591222542,
      "median": 0.42124619128000007,
      "user": 0.3653335999999999,
      "system": 0.04074924,
      "min": 0.40636650528000007,
      "max": 0.46135437728000006,
      "times": [
        0.41167778928000004,
        0.41676947028000005,
        0.4413427602800001,
        0.43822051128000006,
        0.46135437728000006,
        0.42854045728000006,
        0.41257050428,
        0.42572291228000003,
        0.40636650528000007,
        0.4076007252800001
      ],
      "exit_codes": [
        0,
        0,
        0,
        0,
        0,
        0,
        0,
        0,
        0,
        0
      ]
    }
  ]
}
