{
  "results": [
    {
      "command": "npm info jquery",
      "mean": 0.42450231296000007,
      "stddev": 0.015962498994826494,
      "median": 0.42333629596,
      "user": 0.36606224,
      "system": 0.03818546,
      "min": 0.40248572996000004,
      "max": 0.45575553196,
      "times": [
        0.41359830496000005,
        0.45575553196,
        0.42227460796000005,
        0.41652357196,
        0.42439798396,
        0.42640896196,
        0.43283548996000004,
        0.44224748396,
        0.40849546296,
        0.40248572996000004
      ],
      "exit_codes": [
        0,
        0,
        0,
        0,
        0,
        0,
        0,
        0,
        0,
        0
      ]
    }
  ]
}
