{
  "results": [
    {
      "command": "npm info jquery",
      "mean": 0.42672643800000004,
      "stddev": 0.04091059669687088,
      "median": 0.40630277960000005,
      "user": 0.36093503999999993,
      "system": 0.03588334,
      "min": 0.39412784110000004,
      "max": 0.5137696691,
      "times": [
        0.5137696691,
        0.45659777910000005,
        0.40750891310000004,
        0.40128844110000006,
        0.47630532710000006,
        0.40509664610000007,
        0.3987975711,
        0.39412784110000004,
        0.40357070410000007,
        0.41020148810000007
      ],
      "exit_codes": [
        0,
        0,
        0,
        0,
        0,
        0,
        0,
        0,
        0,
        0
      ]
    }
  ]
}
