{
  "results": [
    {
      "command": "npm info jquery",
      "mean": 0.41331652734000013,
      "stddev": 0.008613813249215731,
      "median": 0.41357517074000005,
      "user": 0.35961805999999996,
      "system": 0.04069208,
      "min": 0.40255209774000006,
      "max": 0.43236412774000005,
      "times": [
        0.41656955374000004,
        0.43236412774000005,
        0.41290551374000006,
        0.41534523974000004,
        0.40888726774000006,
        0.40533362874000006,
        0.40255209774000006,
        0.41913838174000007,
        0.40582463474,
        0.41424482774000004
      ],
      "exit_codes": [
        0,
        0,
        0,
        0,
        0,
        0,
        0,
        0,
        0,
        0
      ]
    }
  ]
}
