{
    "results": [
        {
            "command": null,
            "mean": 0.9101516431050001,
            "median": 0.896460144905,
            "max": 1.078186669905,
            "min": 0.856069837905
        }
    ]
}