{
    "results": [
        {
            "command": null,
            "mean": 19.12556187274,
            "median": 19.03594944764,
            "max": 19.93430058064,
            "min": 18.75612205664
        }
    ]
}