{
    "results": [
        {
            "command": null,
            "mean": 0.7641284793600002,
            "median": 0.7531142638600001,
            "max": 0.9027894533600002,
            "min": 0.7235785673600001
        }
    ]
}