{
    "results": [
        {
            "command": null,
            "mean": 0.89875323437,
            "median": 0.89851873247,
            "max": 0.9639466869700001,
            "min": 0.84491307497
        }
    ]
}