{
    "results": [
        {
            "command": null,
            "mean": 22.991828678775,
            "median": 22.942659295175,
            "max": 23.947617563175,
            "min": 22.597613041175
        }
    ]
}