{
    "results": [
        {
            "command": null,
            "mean": 23.52061156146,
            "median": 23.47552177056,
            "max": 23.783528271060003,
            "min": 23.26070853406
        }
    ]
}