{
    "results": [
        {
            "command": "npm install jquery",
            "mean": 23.52061156146,
            "median": 23.47552177056,
            "max": 23.783528271060003,
            "min": 23.26070853406,
            "user": 22.963791185,
            "stddev": 0.19203990772283727,
            "system": 1.25529517,
            "commit": "fe11b334fc9608df7f8e10cb8379f9cada11d512",
            "version": "3.13.1"
        }
    ]
}