{
    "results": [
        {
            "command": null,
            "mean": 0.8920753247999998,
            "median": 0.8925479689,
            "max": 0.9097592664,
            "min": 0.8710473084
        }
    ]
}