{
    "results": [
        {
            "command": null,
            "mean": 1.2200662210650002,
            "median": 1.1920147759650002,
            "max": 1.3875626674650001,
            "min": 1.1159416394650001
        }
    ]
}