{
    "results": [
        {
            "command": null,
            "mean": 1.2050359039999998,
            "median": 1.0255143168999998,
            "max": 2.3216776039,
            "min": 0.8749024229
        }
    ]
}