{
    "results": [
        {
            "command": null,
            "mean": 1.113164223315,
            "median": 1.0286500747149998,
            "max": 1.599609200215,
            "min": 1.007825595215
        }
    ]
}