{
    "results": [
        {
            "command": null,
            "mean": 11.178098624819999,
            "median": 10.79501946342,
            "max": 14.36419663742,
            "min": 10.45384310842
        }
    ]
}