{
    "results": [
        {
            "command": "npm info jquery",
            "mean": 1.113164223315,
            "median": 1.0286500747149998,
            "max": 1.599609200215,
            "min": 1.007825595215,
            "user": 0.579599475,
            "stddev": 0.18727365268536403,
            "system": 0.062943185,
            "commit": "6c50f8569c32528ce57b5e1a4ffd08bfadab3be5",
            "version": "5.7.0"
        }
    ]
}