{
    "results": [
        {
            "command": null,
            "mean": 1.191207757975,
            "median": 0.9592253187750001,
            "max": 2.238108308775,
            "min": 0.8698331777750001
        }
    ]
}