{
    "results": [
        {
            "command": null,
            "mean": 12.68710723709,
            "median": 12.616148495489998,
            "max": 13.00179955949,
            "min": 12.484579898489999
        }
    ]
}