{
    "results": [
        {
            "command": null,
            "mean": 1.18215463066,
            "median": 1.10905037166,
            "max": 1.59172274566,
            "min": 1.06867041566
        }
    ]
}