{
    "results": [
        {
            "command": "npm install jquery",
            "mean": 15.591587192684997,
            "median": 15.538237152785,
            "max": 17.336665974285,
            "min": 14.738352691285,
            "user": 14.390452674999997,
            "stddev": 0.6816792373141853,
            "system": 0.746884895,
            "commit": "a2877ab03c84790029ea89cc676567e1f625c52f",
            "version": "3.13.1"
        }
    ]
}