{
    "results": [
        {
            "command": null,
            "mean": 15.591587192684997,
            "median": 15.538237152785,
            "max": 17.336665974285,
            "min": 14.738352691285
        }
    ]
}