{
    "results": [
        {
            "command": "npm info jquery",
            "mean": 1.090232059505,
            "median": 1.0949476323049998,
            "max": 1.2158879463049999,
            "min": 1.0160991423049999,
            "user": 0.49027345499999997,
            "stddev": 0.058994931989916864,
            "system": 0.05401249500000001,
            "commit": "67406082ed53fb630547fa7229b540f476f636e9",
            "version": "5.1.0"
        }
    ]
}