{
    "results": [
        {
            "command": "npm info jquery",
            "mean": 1.0623338251,
            "median": 1.0354314084,
            "max": 1.3489504429,
            "min": 0.9637499799,
            "user": 0.434177615,
            "stddev": 0.1164180216994846,
            "system": 0.047636735,
            "commit": "73b3479a3aa36ed295b39ecd45585ac57c320955",
            "version": "4.12.2"
        }
    ]
}