{
    "results": [
        {
            "command": null,
            "mean": 14.073376254470002,
            "median": 13.856480632370001,
            "max": 15.412066720870001,
            "min": 13.20365400987
        }
    ]
}