{
    "results": [
        {
            "command": null,
            "mean": 1.0705590214050003,
            "median": 0.9793342116050001,
            "max": 2.048827541105,
            "min": 0.8025522151050001
        }
    ]
}