{
    "results": [
        {
            "command": "npm install jquery",
            "mean": 11.496201447684998,
            "median": 11.028206313885,
            "max": 14.393066716884999,
            "min": 10.662665522885,
            "user": 10.442993485,
            "stddev": 1.1319851864944688,
            "system": 0.5865585149999999,
            "commit": "128cd6898def9c0879c4f687f4067b2cf9191482",
            "version": "6.0.0-6-next.27"
        }
    ]
}