{
    "results": [
        {
            "command": null,
            "mean": 1.0835433995800001,
            "median": 1.09513934458,
            "max": 1.20561690608,
            "min": 0.97990033008
        }
    ]
}