{
    "results": [
        {
            "command": null,
            "mean": 0.96321048796,
            "median": 0.9188566848600002,
            "max": 1.10971455386,
            "min": 0.87339358186
        }
    ]
}