{
    "results": [
        {
            "command": "npm info jquery",
            "mean": 0.96321048796,
            "median": 0.9188566848600002,
            "max": 1.10971455386,
            "min": 0.87339358186,
            "user": 0.48270603,
            "stddev": 0.08859619525626876,
            "system": 0.053110519999999994,
            "commit": "128cd6898def9c0879c4f687f4067b2cf9191482",
            "version": "4.12.2"
        }
    ]
}