{
    "results": [
        {
            "command": null,
            "mean": 13.78490731042,
            "median": 13.727562885520001,
            "max": 14.98314019352,
            "min": 13.36294826852
        }
    ]
}