{
    "results": [
        {
            "command": "npm install jquery",
            "mean": 10.396771084209998,
            "median": 10.27187823871,
            "max": 11.47301856821,
            "min": 10.07600174121,
            "user": 9.621475845,
            "stddev": 0.39543478056995923,
            "system": 0.5392816749999999,
            "commit": "128cd6898def9c0879c4f687f4067b2cf9191482",
            "version": "3.13.1"
        }
    ]
}