{
    "results": [
        {
            "command": "npm info jquery",
            "mean": 1.2659541328350001,
            "median": 1.213649975435,
            "max": 1.658552344435,
            "min": 1.140597362435,
            "user": 0.58823013,
            "stddev": 0.15837107481823362,
            "system": 0.07348447,
            "commit": "c168b4e47a600d56f786a380d652478d7763153b",
            "version": "6.0.0-6-next.24"
        }
    ]
}