{
    "results": [
        {
            "command": "npm info jquery",
            "mean": 1.13098300029,
            "median": 1.0864920904900002,
            "max": 1.28447404699,
            "min": 1.02043633099,
            "user": 0.5020638550000001,
            "stddev": 0.10346667075453941,
            "system": 0.05001035,
            "commit": "be2626fcd55b4b2fdce438f3123549c18a8a94af",
            "version": "5.1.2"
        }
    ]
}