{
    "results": [
        {
            "command": "npm info jquery",
            "mean": 0.9109787716500002,
            "median": 0.8906408531500001,
            "max": 1.09017411565,
            "min": 0.87239299265,
            "user": 0.44504891999999996,
            "stddev": 0.06413842429853135,
            "system": 0.05551689,
            "commit": "06e400cb34094f00e05d3593d2a62ea827a7e0be",
            "version": "4.12.2"
        }
    ]
}