{
    "results": [
        {
            "command": "npm install jquery",
            "mean": 13.395984277975,
            "median": 13.270369472775002,
            "max": 14.350590999775001,
            "min": 13.001289836775001,
            "user": 12.726533295,
            "stddev": 0.42270290091345386,
            "system": 0.682273525,
            "commit": "2cf0371c0ef348036e0c121d8ab22a777bd295a3",
            "version": "4.12.2"
        }
    ]
}