{
    "results": [
        {
            "command": "npm info jquery",
            "mean": 1.0399255849250002,
            "median": 1.000006508525,
            "max": 1.198229218025,
            "min": 0.9577897530250001,
            "user": 0.5420470849999999,
            "stddev": 0.08346484806830841,
            "system": 0.060863480000000005,
            "commit": "154b2ecd34b12748a15bf24be845542497f853a2",
            "version": "4.12.2"
        }
    ]
}