{
    "results": [
        {
            "command": "npm info jquery",
            "mean": 1.0966769089300001,
            "median": 1.07399452813,
            "max": 1.2342384636300001,
            "min": 1.03665258363,
            "user": 0.50039356,
            "stddev": 0.06886932276674626,
            "system": 0.061392060000000005,
            "commit": "9805298893433b1d04b6f392fc9e5ba81de4f779",
            "version": "5.1.2"
        }
    ]
}