{
    "results": [
        {
            "command": "npm info jquery",
            "mean": 1.1463437242050003,
            "median": 1.123742547705,
            "max": 1.383943860705,
            "min": 1.036910675705,
            "user": 0.53567188,
            "stddev": 0.09406747751492248,
            "system": 0.06307827499999999,
            "commit": "9805298893433b1d04b6f392fc9e5ba81de4f779",
            "version": "4.12.2"
        }
    ]
}