{
    "results": [
        {
            "command": null,
            "mean": 18.36973953392,
            "median": 17.009269031019997,
            "max": 24.03747376752,
            "min": 16.12988788452
        }
    ]
}