{
    "results": [
        {
            "command": null,
            "mean": 0.856982369745,
            "median": 0.8423383495450001,
            "max": 0.9592458345450001,
            "min": 0.8304968065450001
        }
    ]
}