{
    "results": [
        {
            "command": "npm info jquery",
            "mean": 0.856982369745,
            "median": 0.8423383495450001,
            "max": 0.9592458345450001,
            "min": 0.8304968065450001,
            "user": 0.4170736649999999,
            "stddev": 0.03966256692720159,
            "system": 0.042449434999999994,
            "commit": "9805298893433b1d04b6f392fc9e5ba81de4f779",
            "version": "3.13.1"
        }
    ]
}