{
    "results": [
        {
            "command": null,
            "mean": 1.1463437242050003,
            "median": 1.123742547705,
            "max": 1.383943860705,
            "min": 1.036910675705
        }
    ]
}