{
    "results": [
        {
            "command": "npm install jquery",
            "mean": 16.765312051695,
            "median": 16.693617560495,
            "max": 18.250071332494997,
            "min": 15.993096315495,
            "user": 16.187180259999998,
            "stddev": 0.5748995199492074,
            "system": 0.813080755,
            "commit": "9805298893433b1d04b6f392fc9e5ba81de4f779",
            "version": "4.12.2"
        }
    ]
}