{
    "results": [
        {
            "command": "npm info jquery",
            "mean": 1.129289848305,
            "median": 1.102601124205,
            "max": 1.294409900205,
            "min": 1.042094675205,
            "user": 0.5143918900000001,
            "stddev": 0.07916347474212707,
            "system": 0.05490537499999999,
            "commit": "6c50f8569c32528ce57b5e1a4ffd08bfadab3be5",
            "version": "6.0.0-6-next.35"
        }
    ]
}