{
    "results": [
        {
            "command": null,
            "mean": 16.644777875435004,
            "median": 15.233289773534999,
            "max": 21.182593193035,
            "min": 14.444196205035
        }
    ]
}