{
    "results": [
        {
            "command": null,
            "mean": 11.877907718835,
            "median": 10.985365947935,
            "max": 15.116877768435,
            "min": 10.441710145435
        }
    ]
}