{
    "results": [
        {
            "command": null,
            "mean": 15.21228405682,
            "median": 14.61799842612,
            "max": 20.33966214462,
            "min": 14.128449447620001
        }
    ]
}