{
    "results": [
        {
            "command": "npm info jquery",
            "mean": 0.9420236014099999,
            "median": 0.9376626485100001,
            "max": 1.04337400451,
            "min": 0.8537211815100001,
            "user": 0.44898753999999996,
            "stddev": 0.08217503239096871,
            "system": 0.044691474999999994,
            "commit": "7dde848d0c093616816b5c32a4685f636ba0b90e",
            "version": "5.1.3"
        }
    ]
}