{
    "results": [
        {
            "command": null,
            "mean": 0.9420236014099999,
            "median": 0.9376626485100001,
            "max": 1.04337400451,
            "min": 0.8537211815100001
        }
    ]
}