{
    "results": [
        {
            "command": "npm install jquery",
            "mean": 11.877907718835,
            "median": 10.985365947935,
            "max": 15.116877768435,
            "min": 10.441710145435,
            "user": 11.169423509999998,
            "stddev": 1.7966845653385584,
            "system": 0.5533726949999999,
            "commit": "7dde848d0c093616816b5c32a4685f636ba0b90e",
            "version": "6.0.0-6-next.23"
        }
    ]
}