{
    "results": [
        {
            "command": "npm install jquery",
            "mean": 12.375589896005,
            "median": 11.595169477505,
            "max": 15.827343454005,
            "min": 10.975482735005,
            "user": 11.79443029,
            "stddev": 1.8238200499322215,
            "system": 0.6026047899999999,
            "commit": "7dde848d0c093616816b5c32a4685f636ba0b90e",
            "version": "5.1.3"
        }
    ]
}