{
    "results": [
        {
            "command": "npm install jquery",
            "mean": 16.644777875435004,
            "median": 15.233289773534999,
            "max": 21.182593193035,
            "min": 14.444196205035,
            "user": 16.122217075000002,
            "stddev": 2.679042233775182,
            "system": 0.74665249,
            "commit": "7dde848d0c093616816b5c32a4685f636ba0b90e",
            "version": "3.13.1"
        }
    ]
}