{
    "results": [
        {
            "command": null,
            "mean": 0.9226268309650001,
            "median": 0.881225179165,
            "max": 1.0193994016649999,
            "min": 0.863180023665
        }
    ]
}