{
    "results": [
        {
            "command": "npm info jquery",
            "mean": 0.9226268309650001,
            "median": 0.881225179165,
            "max": 1.0193994016649999,
            "min": 0.863180023665,
            "user": 0.43621002,
            "stddev": 0.06333928536549822,
            "system": 0.037931049999999994,
            "commit": "7dde848d0c093616816b5c32a4685f636ba0b90e",
            "version": "6.0.0-6-next.23"
        }
    ]
}