{
    "results": [
        {
            "command": "npm install jquery",
            "mean": 13.998840002240001,
            "median": 13.49600640584,
            "max": 19.093991086339997,
            "min": 12.798281343340001,
            "user": 13.476629444999997,
            "stddev": 1.8446705241892098,
            "system": 0.725075155,
            "commit": "b261741ef692a6348ec86cd0e0811db08376c312",
            "version": "4.12.2"
        }
    ]
}