{
    "results": [
        {
            "command": null,
            "mean": 14.589887444495,
            "median": 14.433757369795,
            "max": 16.083671297295,
            "min": 14.213117029294999
        }
    ]
}