{
    "results": [
        {
            "command": "npm install jquery",
            "mean": 14.589887444495,
            "median": 14.433757369795,
            "max": 16.083671297295,
            "min": 14.213117029294999,
            "user": 13.616476969999997,
            "stddev": 0.5467130644692201,
            "system": 0.7183884449999998,
            "commit": "f00cfb4f9787bb7c264946567dbaf366ae87d898",
            "version": "3.13.1"
        }
    ]
}