{
    "results": [
        {
            "command": "npm info jquery",
            "mean": 0.9677688958300001,
            "median": 0.9603108222300001,
            "max": 1.07014537423,
            "min": 0.9108399832300001,
            "user": 0.50115827,
            "stddev": 0.04795261729374414,
            "system": 0.059214535,
            "commit": "f00cfb4f9787bb7c264946567dbaf366ae87d898",
            "version": "3.13.1"
        }
    ]
}