{
    "results": [
        {
            "command": "npm install jquery",
            "mean": 14.004906836109999,
            "median": 13.960750637210001,
            "max": 14.683588830209999,
            "min": 13.621756799209999,
            "user": 13.026736754999996,
            "stddev": 0.352883610937575,
            "system": 0.7046644849999998,
            "commit": "f00cfb4f9787bb7c264946567dbaf366ae87d898",
            "version": "5.7.0"
        }
    ]
}