{
    "results": [
        {
            "command": null,
            "mean": 1.286870471,
            "median": 1.1052065056,
            "max": 2.0544225740999997,
            "min": 0.9734032741
        }
    ]
}