{
    "results": [
        {
            "command": null,
            "mean": 0.9677688958300001,
            "median": 0.9603108222300001,
            "max": 1.07014537423,
            "min": 0.9108399832300001
        }
    ]
}