{
    "results": [
        {
            "command": null,
            "mean": 1.5634589215150003,
            "median": 1.5200775160150002,
            "max": 1.957070059015,
            "min": 1.275543097015
        }
    ]
}