{
    "results": [
        {
            "command": null,
            "mean": 1.0623338251,
            "median": 1.0354314084,
            "max": 1.3489504429,
            "min": 0.9637499799
        }
    ]
}