{
    "results": [
        {
            "command": null,
            "mean": 10.440886787260002,
            "median": 10.326891306460002,
            "max": 11.70124065946,
            "min": 9.91686904846
        }
    ]
}