{
    "results": [
        {
            "command": null,
            "mean": 0.8898710451200001,
            "median": 0.85962996692,
            "max": 0.9773385519200001,
            "min": 0.82500246992
        }
    ]
}