{
    "results": [
        {
            "command": null,
            "mean": 1.14564420691,
            "median": 1.1680784097099999,
            "max": 1.46513871471,
            "min": 0.9593793607100001
        }
    ]
}