{
    "results": [
        {
            "command": "npm install jquery",
            "mean": 10.037271404734998,
            "median": 9.880655195034999,
            "max": 11.269239769035,
            "min": 9.535004165035,
            "user": 8.980380734999999,
            "stddev": 0.5006193136115198,
            "system": 0.523056655,
            "commit": "73b3479a3aa36ed295b39ecd45585ac57c320955",
            "version": "3.13.1"
        }
    ]
}