{
    "results": [
        {
            "command": "npm info jquery",
            "mean": 0.8898710451200001,
            "median": 0.85962996692,
            "max": 0.9773385519200001,
            "min": 0.82500246992,
            "user": 0.4223940899999999,
            "stddev": 0.061871738366494275,
            "system": 0.050701134999999994,
            "commit": "73b3479a3aa36ed295b39ecd45585ac57c320955",
            "version": "5.5.0"
        }
    ]
}