{
    "results": [
        {
            "command": "npm info jquery",
            "mean": 0.9435186255700001,
            "median": 0.8978484200700001,
            "max": 1.0990134710700001,
            "min": 0.8562608340700001,
            "user": 0.42824502499999995,
            "stddev": 0.09434702943728311,
            "system": 0.04879301,
            "commit": "b261741ef692a6348ec86cd0e0811db08376c312",
            "version": "6.0.0-6-next.24"
        }
    ]
}