{
    "results": [
        {
            "command": "npm info jquery",
            "mean": 1.1600855005850002,
            "median": 1.180703566285,
            "max": 1.2557571972850001,
            "min": 1.0003442962850002,
            "user": 0.51418605,
            "stddev": 0.09212867189229916,
            "system": 0.04857354,
            "commit": "9e29bf88909c14e71ca0547ac6026186cc19edc0",
            "version": "6.0.0-6-next.22"
        }
    ]
}