{
    "results": [
        {
            "command": "npm install jquery",
            "mean": 14.778791841375,
            "median": 14.645886377575001,
            "max": 15.580050535075001,
            "min": 14.162307815075001,
            "user": 13.801462170000002,
            "stddev": 0.4509928861718095,
            "system": 0.787285885,
            "commit": "83561bc52d3ec5a906d96e9f27aa6152d4522bdf",
            "version": "5.5.2"
        }
    ]
}