{
    "results": [
        {
            "command": "npm info jquery",
            "mean": 0.9746237699999998,
            "median": 0.9344973817,
            "max": 1.2801752807,
            "min": 0.9159666177,
            "user": 0.389270325,
            "stddev": 0.10924516859937326,
            "system": 0.045819725,
            "commit": "c2a1f4a73ad04c3f2d2bc784a9f3c33d036eeff9",
            "version": "6.0.0-6-next.24"
        }
    ]
}