{
    "results": [
        {
            "command": "npm install jquery",
            "mean": 13.758818254730002,
            "median": 13.746750878530001,
            "max": 15.11769483153,
            "min": 13.203651057530001,
            "user": 13.076802985,
            "stddev": 0.5315927610178399,
            "system": 0.6790065999999999,
            "commit": "3d45cecf04827712eb724a113e415dbda8ea2d90",
            "version": "5.1.0"
        }
    ]
}