{
    "results": [
        {
            "command": "npm info jquery",
            "mean": 1.011621274495,
            "median": 0.9722586365950001,
            "max": 1.163846419095,
            "min": 0.9271593610950001,
            "user": 0.39797708,
            "stddev": 0.09594080305344667,
            "system": 0.047290399999999996,
            "commit": "91a8b13442ace72720ab7ff4edbd9cf2d361149e",
            "version": "4.12.2"
        }
    ]
}