{
    "results": [
        {
            "command": "npm info jquery",
            "mean": 1.108480035215,
            "median": 1.110936190315,
            "max": 1.155477236315,
            "min": 1.053621584315,
            "user": 0.527344295,
            "stddev": 0.03150362389235094,
            "system": 0.05366556,
            "commit": "95ed3db43ce681824c9b40fa7eb8b09039d053ea",
            "version": "3.13.1"
        }
    ]
}