{
  "results": [
    {
      "command": "npm info jquery",
      "mean": 0.4013497052,
      "stddev": 0.010358410656762598,
      "median": 0.3991939151,
      "user": 0.35547218,
      "system": 0.033267719999999994,
      "min": 0.3903973231,
      "max": 0.4166857721,
      "times": [
        0.39954132410000004,
        0.4166857721,
        0.39884650610000005,
        0.4144075131,
        0.40125756910000004,
        0.3926648441,
        0.3903973231,
        0.39107168410000004,
        0.39354537910000004,
        0.41507913710000005
      ],
      "exit_codes": [
        0,
        0,
        0,
        0,
        0,
        0,
        0,
        0,
        0,
        0
      ]
    }
  ]
}
