{
  "results": [
    {
      "command": "npm info jquery",
      "mean": 0.42284201926,
      "stddev": 0.01046416994293415,
      "median": 0.42172754755999997,
      "user": 0.35613957999999996,
      "system": 0.046046580000000004,
      "min": 0.40204477906,
      "max": 0.43738757006,
      "times": [
        0.43275011906,
        0.41694504406,
        0.42245310406000003,
        0.40204477906,
        0.42078888706,
        0.43738757006,
        0.43571175106,
        0.41688384306,
        0.42124479206,
        0.42221030306
      ],
      "exit_codes": [
        0,
        0,
        0,
        0,
        0,
        0,
        0,
        0,
        0,
        0
      ]
    }
  ]
}
