{
  "results": [
    {
      "command": "npm info jquery",
      "mean": 0.56347852622,
      "stddev": 0.05915560770638487,
      "median": 0.5364380665199999,
      "user": 0.47015808000000003,
      "system": 0.05386824,
      "min": 0.51773817302,
      "max": 0.71125207402,
      "times": [
        0.52952769702,
        0.51773817302,
        0.71125207402,
        0.60704419602,
        0.5377780800199999,
        0.55048591202,
        0.52944669402,
        0.58707009002,
        0.53509805302,
        0.52934429302
      ],
      "exit_codes": [
        0,
        0,
        0,
        0,
        0,
        0,
        0,
        0,
        0,
        0
      ]
    }
  ]
}
