{
  "results": [
    {
      "command": "npm info jquery",
      "mean": 0.41725951046,
      "stddev": 0.013594020883910995,
      "median": 0.4132715733600001,
      "user": 0.35999909999999996,
      "system": 0.039642439999999994,
      "min": 0.39873118086000003,
      "max": 0.44073216786,
      "times": [
        0.40933732186000005,
        0.42071732486,
        0.40947022486000006,
        0.43981623386000007,
        0.41170541086000007,
        0.39873118086000003,
        0.40807554486000003,
        0.44073216786,
        0.41483773586000006,
        0.41917195886
      ],
      "exit_codes": [
        0,
        0,
        0,
        0,
        0,
        0,
        0,
        0,
        0,
        0
      ]
    }
  ]
}
