{
    "results": [
        {
            "command": null,
            "mean": 1.05666542658,
            "median": 0.90638474708,
            "max": 1.5772886610799999,
            "min": 0.84308066508
        }
    ]
}