{
    "results": [
        {
            "command": "npm info jquery",
            "mean": 1.205744482065,
            "median": 1.144271741365,
            "max": 1.538886751365,
            "min": 1.054230134365,
            "user": 0.51745095,
            "stddev": 0.17433965773196922,
            "system": 0.05189699,
            "commit": "6c50f8569c32528ce57b5e1a4ffd08bfadab3be5",
            "version": "4.12.2"
        }
    ]
}