{
    "results": [
        {
            "command": null,
            "mean": 11.917572380674997,
            "median": 11.776026567275,
            "max": 12.990896006775,
            "min": 11.254106999774999
        }
    ]
}