{
    "results": [
        {
            "command": null,
            "mean": 12.57886549697,
            "median": 12.32083014347,
            "max": 13.92178343897,
            "min": 12.10150580997
        }
    ]
}