{
    "results": [
        {
            "command": null,
            "mean": 12.52917656908,
            "median": 12.41499617358,
            "max": 13.136401059079999,
            "min": 12.17266024908
        }
    ]
}