{
    "results": [
        {
            "command": null,
            "mean": 1.05198827618,
            "median": 0.8799226067800001,
            "max": 1.58793836228,
            "min": 0.81671641228
        }
    ]
}