{
    "results": [
        {
            "command": null,
            "mean": 1.205744482065,
            "median": 1.144271741365,
            "max": 1.538886751365,
            "min": 1.054230134365
        }
    ]
}