{
    "results": [
        {
            "command": "npm info jquery",
            "mean": 1.0442766206449998,
            "median": 1.003176155745,
            "max": 1.188530598745,
            "min": 0.971786490745,
            "user": 0.548228165,
            "stddev": 0.0829282826698281,
            "system": 0.05395055,
            "commit": "1042f9bf76d86b582bd779111487e193a2d731ab",
            "version": "5.1.3"
        }
    ]
}