{
    "results": [
        {
            "command": "npm info jquery",
            "mean": 0.8522891461200001,
            "median": 0.85355794092,
            "max": 0.8854496644200001,
            "min": 0.8219291744200001,
            "user": 0.43772627000000003,
            "stddev": 0.019860786159559312,
            "system": 0.042531599999999996,
            "commit": "f74a6a39e809b7c5047fde64dcd8b446d5977b54",
            "version": "3.13.1"
        }
    ]
}