{
    "results": [
        {
            "command": null,
            "mean": 1.105382044305,
            "median": 1.1092966102050001,
            "max": 1.2519538192050002,
            "min": 0.955594140205
        }
    ]
}