{
    "results": [
        {
            "command": "npm install jquery",
            "mean": 15.133373506315001,
            "median": 14.364695669215,
            "max": 20.029854658215,
            "min": 14.151077718215,
            "user": 14.294357449999996,
            "stddev": 1.8367567129473106,
            "system": 0.6747172349999999,
            "commit": "f74a6a39e809b7c5047fde64dcd8b446d5977b54",
            "version": "4.12.2"
        }
    ]
}