{
    "results": [
        {
            "command": null,
            "mean": 0.8703598699050001,
            "median": 0.8580188521050001,
            "max": 0.9370825056050001,
            "min": 0.835869066605
        }
    ]
}