{
    "results": [
        {
            "command": "npm info jquery",
            "mean": 0.8703598699050001,
            "median": 0.8580188521050001,
            "max": 0.9370825056050001,
            "min": 0.835869066605,
            "user": 0.42537047999999994,
            "stddev": 0.03422943247737187,
            "system": 0.044196515000000006,
            "commit": "f74a6a39e809b7c5047fde64dcd8b446d5977b54",
            "version": "4.12.2"
        }
    ]
}