{
    "results": [
        {
            "command": "npm install jquery",
            "mean": 15.690463329735001,
            "median": 15.587914956535,
            "max": 17.166970533035002,
            "min": 14.998361263035001,
            "user": 14.687103854999998,
            "stddev": 0.6042394981889763,
            "system": 0.679019575,
            "commit": "f74a6a39e809b7c5047fde64dcd8b446d5977b54",
            "version": "5.1.0"
        }
    ]
}