{
    "results": [
        {
            "command": null,
            "mean": 0.9574325138,
            "median": 0.9283629413000001,
            "max": 1.1587491313,
            "min": 0.8820127403
        }
    ]
}