{
    "results": [
        {
            "command": null,
            "mean": 0.96822162961,
            "median": 0.88226382111,
            "max": 1.68814523411,
            "min": 0.84501834611
        }
    ]
}