{
    "results": [
        {
            "command": null,
            "mean": 12.154146805765,
            "median": 11.706797433665,
            "max": 16.158119693165002,
            "min": 11.365604443165001
        }
    ]
}