{
    "results": [
        {
            "command": null,
            "mean": 13.79387328258,
            "median": 13.68968680878,
            "max": 15.097483460780001,
            "min": 13.202370441780001
        }
    ]
}