{
    "results": [
        {
            "command": "npm info jquery",
            "mean": 1.0898172391899998,
            "median": 1.08781286939,
            "max": 1.30462484689,
            "min": 1.00295320489,
            "user": 0.48353638,
            "stddev": 0.08935088590617304,
            "system": 0.05343396,
            "commit": "960ebc67a5aa85ffa7db9bcf6f0393a41cff7547",
            "version": "3.13.1"
        }
    ]
}