{
    "results": [
        {
            "command": null,
            "mean": 0.9947936045750001,
            "median": 0.9801909583750001,
            "max": 1.0611554378749999,
            "min": 0.9597824748750001
        }
    ]
}