{
    "results": [
        {
            "command": null,
            "mean": 12.63694530038,
            "median": 12.37056308998,
            "max": 14.72499207798,
            "min": 12.04700346498
        }
    ]
}