{
    "results": [
        {
            "command": "npm info jquery",
            "mean": 0.9947936045750001,
            "median": 0.9801909583750001,
            "max": 1.0611554378749999,
            "min": 0.9597824748750001,
            "user": 0.5076719599999999,
            "stddev": 0.03578492404647593,
            "system": 0.06246702500000001,
            "commit": "57760150582b4f225fe7c89faa8588dadf3d7184",
            "version": "3.13.1"
        }
    ]
}