{
    "results": [
        {
            "command": "npm info jquery",
            "mean": 1.368612077225,
            "median": 1.376490840425,
            "max": 1.9113975064250002,
            "min": 1.069648056425,
            "user": 0.4840767349999999,
            "stddev": 0.2600193823361339,
            "system": 0.061732869999999995,
            "commit": "57760150582b4f225fe7c89faa8588dadf3d7184",
            "version": "6.0.0-6-next.24"
        }
    ]
}