{
    "results": [
        {
            "command": "npm install jquery",
            "mean": 11.041421893005001,
            "median": 10.929984114804999,
            "max": 11.857419015805,
            "min": 10.864776612804999,
            "user": 10.351755435000001,
            "stddev": 0.3033120042122085,
            "system": 0.508589475,
            "commit": "95ed3db43ce681824c9b40fa7eb8b09039d053ea",
            "version": "5.1.0"
        }
    ]
}