{
    "results": [
        {
            "command": "npm info jquery",
            "mean": 1.14541487675,
            "median": 1.14487530005,
            "max": 1.20462096905,
            "min": 1.08021727205,
            "user": 0.5689181899999999,
            "stddev": 0.04240577528034974,
            "system": 0.0687492,
            "commit": "de3eb0fbf3255f219fad0d87911018d59394691f",
            "version": "3.13.1"
        }
    ]
}