{
    "results": [
        {
            "command": "npm info jquery",
            "mean": 0.8302148135200001,
            "median": 0.80129130332,
            "max": 1.04174020482,
            "min": 0.7699156268200001,
            "user": 0.37096954499999996,
            "stddev": 0.07988378086534537,
            "system": 0.044047785,
            "commit": "b6495d5b6c028fc7184912deaa1e7848846241a5",
            "version": "5.1.2"
        }
    ]
}