{
    "results": [
        {
            "command": null,
            "mean": 10.11858620831,
            "median": 9.961131040609999,
            "max": 10.90374766161,
            "min": 9.73734636861
        }
    ]
}