{
    "results": [
        {
            "command": "npm info jquery",
            "mean": 0.88188847011,
            "median": 0.8546718366100001,
            "max": 1.10073099461,
            "min": 0.8465957416100001,
            "user": 0.4253926150000001,
            "stddev": 0.0774770065335154,
            "system": 0.047909535,
            "commit": "91fff48cb1978310403ac05a493a84da5e003baa",
            "version": "5.3.0"
        }
    ]
}