{
    "results": [
        {
            "command": "npm info jquery",
            "mean": 0.941560716865,
            "median": 0.877761089865,
            "max": 1.339300283865,
            "min": 0.836368824865,
            "user": 0.42585596499999995,
            "stddev": 0.15613734085632475,
            "system": 0.042065334999999995,
            "commit": "91fff48cb1978310403ac05a493a84da5e003baa",
            "version": "4.12.2"
        }
    ]
}