{
    "results": [
        {
            "command": "npm install jquery",
            "mean": 11.793307623735,
            "median": 11.715133750735,
            "max": 13.007515000735,
            "min": 11.290772266734999,
            "user": 11.03867741,
            "stddev": 0.48593659055625854,
            "system": 0.6027598949999999,
            "commit": "91fff48cb1978310403ac05a493a84da5e003baa",
            "version": "5.3.0"
        }
    ]
}