{
    "results": [
        {
            "command": "npm info jquery",
            "mean": 0.9141665325,
            "median": 0.8520707969000001,
            "max": 1.1156764134000001,
            "min": 0.8274678024000001,
            "user": 0.42046253499999997,
            "stddev": 0.09908072072329376,
            "system": 0.047558105,
            "commit": "91fff48cb1978310403ac05a493a84da5e003baa",
            "version": "6.0.0-6-next.27"
        }
    ]
}