{
    "results": [
        {
            "command": null,
            "mean": 11.793307623735,
            "median": 11.715133750735,
            "max": 13.007515000735,
            "min": 11.290772266734999
        }
    ]
}