{
    "results": [
        {
            "command": "npm info jquery",
            "mean": 0.9545779366500001,
            "median": 0.9271833474500002,
            "max": 1.0568176194499999,
            "min": 0.9010671694500001,
            "user": 0.49788275999999987,
            "stddev": 0.05033172436691832,
            "system": 0.04960695,
            "commit": "f00cfb4f9787bb7c264946567dbaf366ae87d898",
            "version": "5.7.0"
        }
    ]
}