{
    "results": [
        {
            "command": "npm install jquery",
            "mean": 10.041649364785002,
            "median": 9.981769934585001,
            "max": 11.220437087585001,
            "min": 9.456080584585001,
            "user": 9.15250815,
            "stddev": 0.5017447027807682,
            "system": 0.543533125,
            "commit": "6021d05f416de16d80c216177770f24fcedbca93",
            "version": "5.2.2"
        }
    ]
}