{
    "results": [
        {
            "command": "npm install jquery",
            "mean": 16.267171993850003,
            "median": 15.668241002550001,
            "max": 20.85514469405,
            "min": 15.00640218805,
            "user": 15.64714955,
            "stddev": 1.698546425756369,
            "system": 0.7336004999999999,
            "commit": "b6495d5b6c028fc7184912deaa1e7848846241a5",
            "version": "4.12.2"
        }
    ]
}