{
    "results": [
        {
            "command": "npm install jquery",
            "mean": 12.84530798705,
            "median": 12.774465941949998,
            "max": 14.46841564745,
            "min": 12.286663566449999,
            "user": 12.140858060000003,
            "stddev": 0.6279658598927408,
            "system": 0.663134205,
            "commit": "4cd71c64091e8788b858b212b86d5286de160fe3",
            "version": "4.12.2"
        }
    ]
}