{
    "results": [
        {
            "command": "npm info jquery",
            "mean": 0.956042609595,
            "median": 0.952377744395,
            "max": 0.985872120895,
            "min": 0.921093595895,
            "user": 0.5297537649999999,
            "stddev": 0.020790836396550123,
            "system": 0.05607122,
            "commit": "d36beaf650acff98a6d6119a1af2545169075eb3",
            "version": "3.13.1"
        }
    ]
}