{
    "results": [
        {
            "command": "npm info jquery",
            "mean": 1.1077728865300003,
            "median": 1.0778098958300002,
            "max": 1.34706991983,
            "min": 1.05051898383,
            "user": 0.51528103,
            "stddev": 0.08998673119294921,
            "system": 0.057502785000000015,
            "commit": "2645ae2e48e2e7feb7cba414c83991269b169870",
            "version": "4.12.2"
        }
    ]
}