{
    "results": [
        {
            "command": "npm info jquery",
            "mean": 1.337301378565,
            "median": 1.184144930365,
            "max": 2.1434289663649997,
            "min": 1.111616447365,
            "user": 0.4325662149999999,
            "stddev": 0.33495578943598414,
            "system": 0.04453921499999999,
            "commit": "06e400cb34094f00e05d3593d2a62ea827a7e0be",
            "version": "4.12.2"
        }
    ]
}