{
    "results": [
        {
            "command": "npm info jquery",
            "mean": 1.0444489042499998,
            "median": 1.03529961695,
            "max": 1.15803088095,
            "min": 0.9991781229500001,
            "user": 0.45502888500000005,
            "stddev": 0.04575187104936582,
            "system": 0.051846729999999994,
            "commit": "3fe8cb0406340f0fba783ecbd536875858bf3854",
            "version": "4.12.2"
        }
    ]
}