{
    "results": [
        {
            "command": "npm install jquery",
            "mean": 16.24936533801,
            "median": 15.461232415609999,
            "max": 21.99094835461,
            "min": 15.17561294761,
            "user": 15.65992264,
            "stddev": 2.092750238061749,
            "system": 0.740214975,
            "commit": "73d34bf9c4d9e3318d1519e02f3ba24975c4c867",
            "version": "4.12.1"
        }
    ]
}