{
    "results": [
        {
            "command": null,
            "mean": 9.371136266019999,
            "median": 9.24643707402,
            "max": 10.07155130502,
            "min": 8.959236152019999
        }
    ]
}