{
    "results": [
        {
            "command": null,
            "mean": 9.420661391379998,
            "median": 9.31820213508,
            "max": 10.21641595308,
            "min": 8.86485382208
        }
    ]
}