{
    "results": [
        {
            "command": null,
            "mean": 1.2640931071900003,
            "median": 1.21680670459,
            "max": 1.4432021585900001,
            "min": 1.18258171659
        }
    ]
}