{
    "results": [
        {
            "command": "npm info jquery",
            "mean": 1.0165649238600003,
            "median": 0.9871165847600001,
            "max": 1.13387026226,
            "min": 0.9489518122600001,
            "user": 0.5160419999999999,
            "stddev": 0.06902509745900372,
            "system": 0.061859370000000004,
            "commit": "9dbf73e955fcb70b0a623c5ab89649b95146c744",
            "version": "5.1.3"
        }
    ]
}