{
    "results": [
        {
            "command": null,
            "mean": 15.574963471210003,
            "median": 14.91539289691,
            "max": 20.81758778441,
            "min": 14.42264069341
        }
    ]
}