{
    "results": [
        {
            "command": "npm install jquery",
            "mean": 12.172839386585,
            "median": 12.128830026885002,
            "max": 12.745794909885001,
            "min": 11.816836175885001,
            "user": 11.710514775,
            "stddev": 0.26101962448402133,
            "system": 0.6231567149999999,
            "commit": "c168b4e47a600d56f786a380d652478d7763153b",
            "version": "5.1.3"
        }
    ]
}