{
    "results": [
        {
            "command": null,
            "mean": 13.287526704335002,
            "median": 12.655954255935,
            "max": 17.554517827435,
            "min": 12.433180798435
        }
    ]
}