{
    "results": [
        {
            "command": "npm info jquery",
            "mean": 0.90509531117,
            "median": 0.9107894641700001,
            "max": 0.95957193467,
            "min": 0.86260983267,
            "user": 0.4740720399999999,
            "stddev": 0.033305253940113515,
            "system": 0.058354084999999986,
            "commit": "3d45cecf04827712eb724a113e415dbda8ea2d90",
            "version": "4.12.2"
        }
    ]
}