{
    "results": [
        {
            "command": null,
            "mean": 0.838521094735,
            "median": 0.843631370335,
            "max": 0.857954354835,
            "min": 0.8135433888350001
        }
    ]
}