{
    "results": [
        {
            "command": null,
            "mean": 13.929454750525,
            "median": 13.358436575125001,
            "max": 18.360491934625,
            "min": 13.037847090625
        }
    ]
}