{
    "results": [
        {
            "command": null,
            "mean": 0.94550877022,
            "median": 0.9224025632200001,
            "max": 1.05103776422,
            "min": 0.87969280922
        }
    ]
}