{
    "results": [
        {
            "command": "npm info jquery",
            "mean": 0.8207027173550001,
            "median": 0.8048856493550001,
            "max": 0.9506440503550001,
            "min": 0.783176970355,
            "user": 0.373298325,
            "stddev": 0.051651585292171176,
            "system": 0.042338405,
            "commit": "9e29bf88909c14e71ca0547ac6026186cc19edc0",
            "version": "6.0.0-6-next.22"
        }
    ]
}