{
    "results": [
        {
            "command": "npm install jquery",
            "mean": 12.234206078259998,
            "median": 12.01616397186,
            "max": 13.90164862436,
            "min": 11.816675462360001,
            "user": 11.420808484999998,
            "stddev": 0.6082872401203199,
            "system": 0.55812885,
            "commit": "95ed3db43ce681824c9b40fa7eb8b09039d053ea",
            "version": "4.12.1"
        }
    ]
}