{
    "results": [
        {
            "command": "npm install jquery",
            "mean": 13.784838060044999,
            "median": 13.792128911844998,
            "max": 14.311675625345,
            "min": 13.230532738345,
            "user": 13.277207994999998,
            "stddev": 0.27293900107385277,
            "system": 0.64935806,
            "commit": "95ed3db43ce681824c9b40fa7eb8b09039d053ea",
            "version": "3.13.1"
        }
    ]
}