{
    "results": [
        {
            "command": null,
            "mean": 12.031707412205,
            "median": 11.971317873505,
            "max": 12.448958184005,
            "min": 11.841052335005001
        }
    ]
}