{
    "results": [
        {
            "command": null,
            "mean": 1.097996470555,
            "median": 1.0723032346549999,
            "max": 1.267213913155,
            "min": 1.059526738155
        }
    ]
}