{
    "results": [
        {
            "command": "npm install jquery",
            "mean": 13.971057588394999,
            "median": 13.856068099895,
            "max": 14.723615306394999,
            "min": 13.493520639395,
            "user": 13.016593955,
            "stddev": 0.4114326838326496,
            "system": 0.7576096899999998,
            "commit": "4cd71c64091e8788b858b212b86d5286de160fe3",
            "version": "3.13.1"
        }
    ]
}