{
    "results": [
        {
            "command": null,
            "mean": 14.60521320445,
            "median": 14.530353441550002,
            "max": 15.248394011050001,
            "min": 14.29420868705
        }
    ]
}