{
    "results": [
        {
            "command": null,
            "mean": 1.3224436520449998,
            "median": 1.308270732945,
            "max": 1.4482954954449998,
            "min": 1.274998599445
        }
    ]
}