{
    "results": [
        {
            "command": "npm info jquery",
            "mean": 1.097996470555,
            "median": 1.0723032346549999,
            "max": 1.267213913155,
            "min": 1.059526738155,
            "user": 0.5999945250000001,
            "stddev": 0.062370178170500105,
            "system": 0.081664045,
            "commit": "4cd71c64091e8788b858b212b86d5286de160fe3",
            "version": "4.12.2"
        }
    ]
}