{
    "results": [
        {
            "command": "npm info jquery",
            "mean": 0.9742712913649999,
            "median": 0.969364336665,
            "max": 1.0615638251650001,
            "min": 0.8750857741650001,
            "user": 0.49162165,
            "stddev": 0.06962304720127958,
            "system": 0.060060965,
            "commit": "4cd71c64091e8788b858b212b86d5286de160fe3",
            "version": "5.5.2"
        }
    ]
}