{
    "results": [
        {
            "command": null,
            "mean": 0.9742712913649999,
            "median": 0.969364336665,
            "max": 1.0615638251650001,
            "min": 0.8750857741650001
        }
    ]
}