{
    "results": [
        {
            "command": "npm info jquery",
            "mean": 1.3224436520449998,
            "median": 1.308270732945,
            "max": 1.4482954954449998,
            "min": 1.274998599445,
            "user": 0.598719955,
            "stddev": 0.05146367192207876,
            "system": 0.06163516,
            "commit": "4cd71c64091e8788b858b212b86d5286de160fe3",
            "version": "3.13.1"
        }
    ]
}