{
    "results": [
        {
            "command": "npm install jquery",
            "mean": 11.853590991845,
            "median": 11.821712434445,
            "max": 12.482529795444998,
            "min": 11.525587489445,
            "user": 11.248921054999997,
            "stddev": 0.27862942971135635,
            "system": 0.6251914350000001,
            "commit": "4cd71c64091e8788b858b212b86d5286de160fe3",
            "version": "4.12.2"
        }
    ]
}