{
    "results": [
        {
            "command": "npm install jquery",
            "mean": 13.816405419245001,
            "median": 13.681293189545002,
            "max": 14.788259165045,
            "min": 13.264618845045002,
            "user": 12.95969153,
            "stddev": 0.5111906343340813,
            "system": 0.64334311,
            "commit": "95ed3db43ce681824c9b40fa7eb8b09039d053ea",
            "version": "5.1.0"
        }
    ]
}