{
    "results": [
        {
            "command": null,
            "mean": 13.22892328904,
            "median": 12.70991452824,
            "max": 17.83817547824,
            "min": 12.51747103524
        }
    ]
}