{
    "results": [
        {
            "command": null,
            "mean": 0.94022804747,
            "median": 0.9217377949700001,
            "max": 1.06942934347,
            "min": 0.86538288547
        }
    ]
}