{
    "results": [
        {
            "command": null,
            "mean": 0.9746237699999998,
            "median": 0.9344973817,
            "max": 1.2801752807,
            "min": 0.9159666177
        }
    ]
}