{
    "results": [
        {
            "command": null,
            "mean": 10.5331109213,
            "median": 10.4390447078,
            "max": 11.3816392598,
            "min": 10.0110880958
        }
    ]
}