{
    "results": [
        {
            "command": null,
            "mean": 1.3378126252450002,
            "median": 1.305654345345,
            "max": 1.475088201345,
            "min": 1.253314546345
        }
    ]
}