{
    "results": [
        {
            "command": null,
            "mean": 11.743446887445,
            "median": 11.937756226445,
            "max": 12.495494660445,
            "min": 10.831112551445
        }
    ]
}