{
    "results": [
        {
            "command": "npm install jquery",
            "mean": 12.030919078804997,
            "median": 11.918637579004999,
            "max": 12.505179167005,
            "min": 11.508861204005,
            "user": 10.924745124999998,
            "stddev": 0.3142137957330439,
            "system": 0.6293038400000001,
            "commit": "f00cfb4f9787bb7c264946567dbaf366ae87d898",
            "version": "3.13.1"
        }
    ]
}