{
    "results": [
        {
            "command": "npm install jquery",
            "mean": 13.76597623447,
            "median": 13.07621928767,
            "max": 19.03871960317,
            "min": 12.58200347717,
            "user": 13.245944754999996,
            "stddev": 1.948284067912138,
            "system": 0.6671458949999999,
            "commit": "b6495d5b6c028fc7184912deaa1e7848846241a5",
            "version": "5.1.2"
        }
    ]
}