{
    "results": [
        {
            "command": null,
            "mean": 12.80133584687,
            "median": 12.732680259470001,
            "max": 13.36716166947,
            "min": 12.40469333847
        }
    ]
}