{
    "results": [
        {
            "command": null,
            "mean": 0.89794991292,
            "median": 0.89583757132,
            "max": 0.94464916832,
            "min": 0.8652714813200001
        }
    ]
}