{
    "results": [
        {
            "command": null,
            "mean": 1.5303417849650003,
            "median": 1.488141025565,
            "max": 1.853204645565,
            "min": 1.352167289565
        }
    ]
}