{
    "results": [
        {
            "command": null,
            "mean": 10.833722551435,
            "median": 10.794519982435,
            "max": 11.566149840935001,
            "min": 10.496293455935
        }
    ]
}