{
    "results": [
        {
            "command": "npm install jquery",
            "mean": 10.833722551435,
            "median": 10.794519982435,
            "max": 11.566149840935001,
            "min": 10.496293455935,
            "user": 10.053413014999999,
            "stddev": 0.28260245421992664,
            "system": 0.5623911199999999,
            "commit": "83561bc52d3ec5a906d96e9f27aa6152d4522bdf",
            "version": "3.13.1"
        }
    ]
}