{
    "results": [
        {
            "command": null,
            "mean": 1.00147539772,
            "median": 0.98438375942,
            "max": 1.15547756592,
            "min": 0.94537263792
        }
    ]
}