{
    "results": [
        {
            "command": null,
            "mean": 12.500991700165002,
            "median": 12.525823037465,
            "max": 12.823768155965,
            "min": 12.141113143965
        }
    ]
}