{
    "results": [
        {
            "command": null,
            "mean": 1.08920169813,
            "median": 0.98287451983,
            "max": 1.52243818633,
            "min": 0.86205661433
        }
    ]
}