{
    "results": [
        {
            "command": null,
            "mean": 1.0078030613000002,
            "median": 0.9868311431000001,
            "max": 1.1466687391000001,
            "min": 0.9477413191
        }
    ]
}