{
    "results": [
        {
            "command": null,
            "mean": 1.036793792195,
            "median": 1.030108168895,
            "max": 1.146149488895,
            "min": 0.985408747895
        }
    ]
}