{
    "results": [
        {
            "command": "npm install jquery",
            "mean": 14.956366144039999,
            "median": 14.882147094439999,
            "max": 15.566551403939998,
            "min": 14.692506777939998,
            "user": 14.250662374999996,
            "stddev": 0.2599017889845523,
            "system": 0.74060363,
            "commit": "a709357db613ce06493e36278c4d54bbdf698986",
            "version": "4.12.2"
        }
    ]
}