{
    "results": [
        {
            "command": "npm info jquery",
            "mean": 1.036793792195,
            "median": 1.030108168895,
            "max": 1.146149488895,
            "min": 0.985408747895,
            "user": 0.43733344999999996,
            "stddev": 0.04536707495563894,
            "system": 0.04875128,
            "commit": "a709357db613ce06493e36278c4d54bbdf698986",
            "version": "3.13.1"
        }
    ]
}