{
    "results": [
        {
            "command": null,
            "mean": 11.93525472951,
            "median": 11.89049069871,
            "max": 12.71031945321,
            "min": 11.63784477221
        }
    ]
}