{
    "results": [
        {
            "command": "npm install jquery",
            "mean": 14.689138502864997,
            "median": 14.660138086365,
            "max": 15.416490737365,
            "min": 14.139964230365,
            "user": 14.106708345000001,
            "stddev": 0.3474244950823269,
            "system": 0.7418268000000001,
            "commit": "a709357db613ce06493e36278c4d54bbdf698986",
            "version": "5.7.0"
        }
    ]
}