{
    "results": [
        {
            "command": null,
            "mean": 1.28924893302,
            "median": 1.1618780546200003,
            "max": 1.80951358162,
            "min": 1.0359544576200002
        }
    ]
}