{
    "results": [
        {
            "command": null,
            "mean": 1.135730447815,
            "median": 0.9656171441150001,
            "max": 1.998774018115,
            "min": 0.8603506281150001
        }
    ]
}