{
    "results": [
        {
            "command": "npm info jquery",
            "mean": 1.135730447815,
            "median": 0.9656171441150001,
            "max": 1.998774018115,
            "min": 0.8603506281150001,
            "user": 0.42989685499999997,
            "stddev": 0.3634557590275048,
            "system": 0.045080014999999994,
            "commit": "a709357db613ce06493e36278c4d54bbdf698986",
            "version": "6.0.0-6-next.35"
        }
    ]
}