{
    "results": [
        {
            "command": "npm info jquery",
            "mean": 1.28924893302,
            "median": 1.1618780546200003,
            "max": 1.80951358162,
            "min": 1.0359544576200002,
            "user": 0.6130930450000001,
            "stddev": 0.27108140014882565,
            "system": 0.07880864,
            "commit": "a709357db613ce06493e36278c4d54bbdf698986",
            "version": "5.7.0"
        }
    ]
}