{
    "results": [
        {
            "command": null,
            "mean": 12.660043524389998,
            "median": 12.20901179289,
            "max": 17.10872784639,
            "min": 11.760966343389999
        }
    ]
}