{
    "results": [
        {
            "command": null,
            "mean": 14.689138502864997,
            "median": 14.660138086365,
            "max": 15.416490737365,
            "min": 14.139964230365
        }
    ]
}