{
    "results": [
        {
            "command": "npm info jquery",
            "mean": 1.0078030613000002,
            "median": 0.9868311431000001,
            "max": 1.1466687391000001,
            "min": 0.9477413191,
            "user": 0.40430918500000007,
            "stddev": 0.06397640529181597,
            "system": 0.04799434,
            "commit": "a709357db613ce06493e36278c4d54bbdf698986",
            "version": "4.12.2"
        }
    ]
}