{
    "results": [
        {
            "command": null,
            "mean": 13.04678834116,
            "median": 12.912185320659999,
            "max": 14.39440782916,
            "min": 12.68881136316
        }
    ]
}