{
    "results": [
        {
            "command": null,
            "mean": 10.827490859614999,
            "median": 10.736950714315,
            "max": 11.672626942814999,
            "min": 10.567346466815
        }
    ]
}