{
    "results": [
        {
            "command": "npm info jquery",
            "mean": 0.969478006155,
            "median": 0.938063605655,
            "max": 1.068289888655,
            "min": 0.920756453655,
            "user": 0.50698317,
            "stddev": 0.06343212332116445,
            "system": 0.052923719999999994,
            "commit": "f13dacef9c9741661ab8ff16fd3c1174c45ce7f9",
            "version": "5.1.3"
        }
    ]
}