{
    "results": [
        {
            "command": null,
            "mean": 0.969478006155,
            "median": 0.938063605655,
            "max": 1.068289888655,
            "min": 0.920756453655
        }
    ]
}