{
    "results": [
        {
            "command": null,
            "mean": 16.48802139438,
            "median": 15.40891914978,
            "max": 20.816044559279998,
            "min": 14.97681589428
        }
    ]
}