{
    "results": [
        {
            "command": null,
            "mean": 14.999791414365001,
            "median": 14.874235839265,
            "max": 16.163366007265,
            "min": 14.652835624265
        }
    ]
}