{
    "results": [
        {
            "command": "npm info jquery",
            "mean": 1.1684543236650002,
            "median": 1.164152496565,
            "max": 1.279168837065,
            "min": 1.094793833065,
            "user": 0.536628625,
            "stddev": 0.06374622278917393,
            "system": 0.054910824999999996,
            "commit": "9e29bf88909c14e71ca0547ac6026186cc19edc0",
            "version": "5.1.3"
        }
    ]
}