{
    "results": [
        {
            "command": "npm info jquery",
            "mean": 0.9851029429250001,
            "median": 0.949372924625,
            "max": 1.2308366241250002,
            "min": 0.913168290125,
            "user": 0.518396815,
            "stddev": 0.09693779219834014,
            "system": 0.049309615,
            "commit": "9e29bf88909c14e71ca0547ac6026186cc19edc0",
            "version": "3.13.1"
        }
    ]
}