{
    "results": [
        {
            "command": null,
            "mean": 15.597912784420004,
            "median": 15.384739754120002,
            "max": 17.156912640119998,
            "min": 14.552018009120001
        }
    ]
}