{
    "results": [
        {
            "command": null,
            "mean": 1.1684543236650002,
            "median": 1.164152496565,
            "max": 1.279168837065,
            "min": 1.094793833065
        }
    ]
}