{
    "results": [
        {
            "command": null,
            "mean": 13.376648577265001,
            "median": 13.286160500965,
            "max": 14.423776038465,
            "min": 13.106342147465
        }
    ]
}