{
    "results": [
        {
            "command": null,
            "mean": 0.9851029429250001,
            "median": 0.949372924625,
            "max": 1.2308366241250002,
            "min": 0.913168290125
        }
    ]
}