{
    "results": [
        {
            "command": null,
            "mean": 12.343417541294999,
            "median": 12.242820277195,
            "max": 13.370162248695,
            "min": 11.893594913694999
        }
    ]
}