{
    "results": [
        {
            "command": null,
            "mean": 12.957651380535001,
            "median": 12.950931251235,
            "max": 13.724216366735,
            "min": 12.221807552735
        }
    ]
}