{
    "results": [
        {
            "command": "npm info jquery",
            "mean": 1.1640081997249998,
            "median": 1.1648255769250002,
            "max": 1.299169556425,
            "min": 1.082749816425,
            "user": 0.56434609,
            "stddev": 0.06670748399689333,
            "system": 0.055935185,
            "commit": "73e6863426497b61ff1b3e61b577909b70cf683d",
            "version": "3.13.1"
        }
    ]
}