{
    "results": [
        {
            "command": "npm install jquery",
            "mean": 12.343417541294999,
            "median": 12.242820277195,
            "max": 13.370162248695,
            "min": 11.893594913694999,
            "user": 11.892807005,
            "stddev": 0.43548428327347394,
            "system": 0.60804958,
            "commit": "73e6863426497b61ff1b3e61b577909b70cf683d",
            "version": "5.1.0"
        }
    ]
}