{
    "results": [
        {
            "command": "npm info jquery",
            "mean": 1.1972742810950001,
            "median": 1.0667833015950001,
            "max": 1.5742452885950002,
            "min": 1.0120034315950002,
            "user": 0.585103545,
            "stddev": 0.22375179228815892,
            "system": 0.07057808999999998,
            "commit": "b6495d5b6c028fc7184912deaa1e7848846241a5",
            "version": "4.12.2"
        }
    ]
}