{
    "results": [
        {
            "command": null,
            "mean": 1.1972742810950001,
            "median": 1.0667833015950001,
            "max": 1.5742452885950002,
            "min": 1.0120034315950002
        }
    ]
}