{
    "results": [
        {
            "command": null,
            "mean": 16.850286054175005,
            "median": 16.514885167875,
            "max": 19.260304404875,
            "min": 16.206543146875
        }
    ]
}