{
    "results": [
        {
            "command": null,
            "mean": 0.9204930805100002,
            "median": 0.89765521371,
            "max": 1.0523189797099999,
            "min": 0.86758616671
        }
    ]
}