{
    "results": [
        {
            "command": "npm info jquery",
            "mean": 1.216475076165,
            "median": 1.008722909465,
            "max": 2.436689231965,
            "min": 0.924888340965,
            "user": 0.422723255,
            "stddev": 0.47971657043925636,
            "system": 0.04378875,
            "commit": "136771eb393d0a6a9f0b0738c0554d1085c44081",
            "version": "6.0.0-6-next.24"
        }
    ]
}