{
    "results": [
        {
            "command": "npm install jquery",
            "mean": 11.166172665135003,
            "median": 11.151786184535,
            "max": 12.101902799035,
            "min": 10.763368277035001,
            "user": 10.558243784999998,
            "stddev": 0.3908640816858173,
            "system": 0.551699645,
            "commit": "7aff3dcb9c67247594ec54c507852a58caa10a17",
            "version": "3.13.1"
        }
    ]
}