{
    "results": [
        {
            "command": "npm install jquery",
            "mean": 17.841850452764998,
            "median": 15.852325665865,
            "max": 26.618008928365,
            "min": 15.227610269365,
            "user": 16.995961064999996,
            "stddev": 4.523950291111987,
            "system": 0.8445074549999999,
            "commit": "b6495d5b6c028fc7184912deaa1e7848846241a5",
            "version": "5.1.2"
        }
    ]
}