{
    "results": [
        {
            "command": "npm install jquery",
            "mean": 17.030920484405,
            "median": 16.180593103205,
            "max": 23.185717832705,
            "min": 15.826897504705,
            "user": 16.295567685,
            "stddev": 2.24015970443645,
            "system": 0.736414465,
            "commit": "95ed3db43ce681824c9b40fa7eb8b09039d053ea",
            "version": "4.12.1"
        }
    ]
}