{
    "results": [
        {
            "command": null,
            "mean": 14.488857475055003,
            "median": 14.385505340355,
            "max": 15.705661974855001,
            "min": 13.958676027855
        }
    ]
}