{
    "results": [
        {
            "command": "npm info jquery",
            "mean": 1.001643941485,
            "median": 0.9862694966850001,
            "max": 1.194144841685,
            "min": 0.9147686536850002,
            "user": 0.4199874049999999,
            "stddev": 0.07968388848936923,
            "system": 0.048630454999999996,
            "commit": "935b4ff583afbd0491fdad755a4a9c129aac9736",
            "version": "5.3.0"
        }
    ]
}