{
    "results": [
        {
            "command": "npm install jquery",
            "mean": 12.82587890481,
            "median": 11.52400760171,
            "max": 16.02248839121,
            "min": 11.20714143921,
            "user": 11.80958951,
            "stddev": 2.1204005086365405,
            "system": 0.5521986949999999,
            "commit": "1042f9bf76d86b582bd779111487e193a2d731ab",
            "version": "3.13.1"
        }
    ]
}