{
    "results": [
        {
            "command": "npm info jquery",
            "mean": 0.89718339235,
            "median": 0.8708629627500002,
            "max": 1.06119902625,
            "min": 0.8413368212500001,
            "user": 0.43266516,
            "stddev": 0.07406503531261095,
            "system": 0.048010215,
            "commit": "a73b0a9d1cd3c7bd02e614124564274de98014c3",
            "version": "3.13.1"
        }
    ]
}