{
    "results": [
        {
            "command": "npm install jquery",
            "mean": 13.758496829510003,
            "median": 13.693881199509999,
            "max": 14.546996794510001,
            "min": 13.19186742051,
            "user": 13.036104755,
            "stddev": 0.3857056575923912,
            "system": 0.7242613599999997,
            "commit": "d04153a8e5323d2fa6512f7b4e11f03eab6448f0",
            "version": "3.13.1"
        }
    ]
}