{
    "results": [
        {
            "command": "npm install jquery",
            "mean": 10.70118856504,
            "median": 10.500789361539999,
            "max": 11.74201710154,
            "min": 10.371275877539999,
            "user": 9.656882999999999,
            "stddev": 0.43619365143791006,
            "system": 0.516964705,
            "commit": "d04153a8e5323d2fa6512f7b4e11f03eab6448f0",
            "version": "5.2.2"
        }
    ]
}