{
    "results": [
        {
            "command": null,
            "mean": 0.9950522328450001,
            "median": 0.9522856634450001,
            "max": 1.111349883945,
            "min": 0.924706183945
        }
    ]
}