{
    "results": [
        {
            "command": "npm info jquery",
            "mean": 1.0378375973900003,
            "median": 1.0297457515900001,
            "max": 1.15784456009,
            "min": 0.9828801620900001,
            "user": 0.44208434499999993,
            "stddev": 0.0556802975451339,
            "system": 0.05121454999999999,
            "commit": "d04153a8e5323d2fa6512f7b4e11f03eab6448f0",
            "version": "5.2.2"
        }
    ]
}