{
    "results": [
        {
            "command": "npm info jquery",
            "mean": 1.01649292402,
            "median": 0.99691642512,
            "max": 1.2047674156200001,
            "min": 0.95892548462,
            "user": 0.43547652000000003,
            "stddev": 0.07273931061354127,
            "system": 0.04923425499999999,
            "commit": "d04153a8e5323d2fa6512f7b4e11f03eab6448f0",
            "version": "3.13.1"
        }
    ]
}