{
    "results": [
        {
            "command": null,
            "mean": 1.01649292402,
            "median": 0.99691642512,
            "max": 1.2047674156200001,
            "min": 0.95892548462
        }
    ]
}