{
    "results": [
        {
            "command": null,
            "mean": 10.690804486885,
            "median": 10.578387892885,
            "max": 11.436742097385,
            "min": 10.480617016385
        }
    ]
}