{
    "results": [
        {
            "command": null,
            "mean": 0.9790500327250001,
            "median": 0.903577480125,
            "max": 1.220929692125,
            "min": 0.8615359491250001
        }
    ]
}