{
    "results": [
        {
            "command": "npm info jquery",
            "mean": 1.1131722494750003,
            "median": 1.143364330175,
            "max": 1.304366331675,
            "min": 0.923231207675,
            "user": 0.48112121499999994,
            "stddev": 0.14951583780739494,
            "system": 0.05918856,
            "commit": "82cb0f2bff899df3c35f7637f3b5c1067b160b60",
            "version": "3.13.1"
        }
    ]
}