{
    "results": [
        {
            "command": null,
            "mean": 12.261270970679998,
            "median": 12.154963425479998,
            "max": 13.21641826798,
            "min": 11.94391690498
        }
    ]
}