{
    "results": [
        {
            "command": "npm info jquery",
            "mean": 1.2136742971099996,
            "median": 1.10352298501,
            "max": 2.0470551435099997,
            "min": 0.9582502045100001,
            "user": 0.4214831899999999,
            "stddev": 0.33995368953187355,
            "system": 0.041301905,
            "commit": "6c50f8569c32528ce57b5e1a4ffd08bfadab3be5",
            "version": "4.12.2"
        }
    ]
}