{
    "results": [
        {
            "command": null,
            "mean": 1.2136742971099996,
            "median": 1.10352298501,
            "max": 2.0470551435099997,
            "min": 0.9582502045100001
        }
    ]
}