{
    "results": [
        {
            "command": null,
            "mean": 10.512590044145,
            "median": 10.458795460545,
            "max": 11.033331619545,
            "min": 10.322657581545
        }
    ]
}