{
    "results": [
        {
            "command": null,
            "mean": 1.07058118897,
            "median": 0.9702642264700001,
            "max": 1.91877294247,
            "min": 0.9193906054700001
        }
    ]
}