{
    "results": [
        {
            "command": "npm info jquery",
            "mean": 1.07058118897,
            "median": 0.9702642264700001,
            "max": 1.91877294247,
            "min": 0.9193906054700001,
            "user": 0.49788395999999996,
            "stddev": 0.30199783584817835,
            "system": 0.04573549,
            "commit": "6c50f8569c32528ce57b5e1a4ffd08bfadab3be5",
            "version": "5.7.0"
        }
    ]
}