{
    "results": [
        {
            "command": null,
            "mean": 10.293941422925002,
            "median": 10.282126035225001,
            "max": 10.761370993225,
            "min": 9.803377233225001
        }
    ]
}