{
    "results": [
        {
            "command": null,
            "mean": 12.502428561605003,
            "median": 12.500749583105002,
            "max": 12.896982667105,
            "min": 12.303655742105
        }
    ]
}