{
    "results": [
        {
            "command": "npm install jquery",
            "mean": 17.026845921849997,
            "median": 17.084504915849998,
            "max": 18.27184986435,
            "min": 16.23607894835,
            "user": 15.777551245000002,
            "stddev": 0.6386226198103265,
            "system": 0.7927143749999999,
            "commit": "95ed3db43ce681824c9b40fa7eb8b09039d053ea",
            "version": "5.1.0"
        }
    ]
}