{
    "results": [
        {
            "command": "npm install jquery",
            "mean": 15.999555352194998,
            "median": 15.762820984095,
            "max": 18.170944522095,
            "min": 15.312811699094999,
            "user": 15.282510295,
            "stddev": 0.8447902910739727,
            "system": 0.7411945899999999,
            "commit": "95ed3db43ce681824c9b40fa7eb8b09039d053ea",
            "version": "3.13.1"
        }
    ]
}