{
    "results": [
        {
            "command": null,
            "mean": 14.591315428395001,
            "median": 14.541549861195001,
            "max": 16.294440909695,
            "min": 14.039379725695001
        }
    ]
}