{
    "results": [
        {
            "command": "npm info jquery",
            "mean": 1.1921129479650001,
            "median": 1.149012980965,
            "max": 1.320827894965,
            "min": 1.130830476965,
            "user": 0.47557832499999997,
            "stddev": 0.07927085209967295,
            "system": 0.051905285,
            "commit": "95ed3db43ce681824c9b40fa7eb8b09039d053ea",
            "version": "4.12.1"
        }
    ]
}