{
    "results": [
        {
            "command": "npm info jquery",
            "mean": 0.8717154993900001,
            "median": 0.85622419649,
            "max": 0.99078785299,
            "min": 0.8328002719900001,
            "user": 0.41774791499999997,
            "stddev": 0.04628439236536161,
            "system": 0.04733022999999999,
            "commit": "95ed3db43ce681824c9b40fa7eb8b09039d053ea",
            "version": "3.13.1"
        }
    ]
}