{
    "results": [
        {
            "command": null,
            "mean": 15.999555352194998,
            "median": 15.762820984095,
            "max": 18.170944522095,
            "min": 15.312811699094999
        }
    ]
}