{
    "results": [
        {
            "command": null,
            "mean": 0.8717154993900001,
            "median": 0.85622419649,
            "max": 0.99078785299,
            "min": 0.8328002719900001
        }
    ]
}