{
    "results": [
        {
            "command": null,
            "mean": 1.1921129479650001,
            "median": 1.149012980965,
            "max": 1.320827894965,
            "min": 1.130830476965
        }
    ]
}