{
    "results": [
        {
            "command": "npm install jquery",
            "mean": 14.591315428395001,
            "median": 14.541549861195001,
            "max": 16.294440909695,
            "min": 14.039379725695001,
            "user": 13.803134320000002,
            "stddev": 0.6491724396121749,
            "system": 0.739551625,
            "commit": "95ed3db43ce681824c9b40fa7eb8b09039d053ea",
            "version": "4.12.1"
        }
    ]
}