{
    "results": [
        {
            "command": null,
            "mean": 12.532348340065,
            "median": 12.494889713964998,
            "max": 12.906127298965,
            "min": 12.184220300964999
        }
    ]
}