{
    "results": [
        {
            "command": null,
            "mean": 13.671004179865,
            "median": 13.248837331765,
            "max": 17.269294171765,
            "min": 13.060907174765
        }
    ]
}