{
    "results": [
        {
            "command": null,
            "mean": 0.9256775851299999,
            "median": 0.88207044983,
            "max": 1.10964650183,
            "min": 0.8666528598300001
        }
    ]
}