{
    "results": [
        {
            "command": null,
            "mean": 13.164771579420002,
            "median": 13.10879396052,
            "max": 13.60130061802,
            "min": 12.67956129302
        }
    ]
}