{
    "results": [
        {
            "command": "npm info jquery",
            "mean": 1.0643345255550003,
            "median": 1.056434382155,
            "max": 1.2465267556550002,
            "min": 0.969147065655,
            "user": 0.43336831499999995,
            "stddev": 0.08268505104374482,
            "system": 0.046110935,
            "commit": "5199775a0605ceea4453941c4eac6ceac03f0e13",
            "version": "3.13.1"
        }
    ]
}