{
    "results": [
        {
            "command": null,
            "mean": 0.941506708675,
            "median": 0.8936198239750001,
            "max": 1.3319645329749998,
            "min": 0.8626657199750001
        }
    ]
}