{
    "results": [
        {
            "command": "npm info jquery",
            "mean": 0.9256775851299999,
            "median": 0.88207044983,
            "max": 1.10964650183,
            "min": 0.8666528598300001,
            "user": 0.4315194849999999,
            "stddev": 0.08683656837507119,
            "system": 0.05155406,
            "commit": "5199775a0605ceea4453941c4eac6ceac03f0e13",
            "version": "4.12.2"
        }
    ]
}