{
    "results": [
        {
            "command": "npm info jquery",
            "mean": 1.2094690692499999,
            "median": 1.15495334145,
            "max": 1.6809651319499999,
            "min": 0.9938289879500001,
            "user": 0.4321952799999999,
            "stddev": 0.2251656682483406,
            "system": 0.050726705,
            "commit": "5199775a0605ceea4453941c4eac6ceac03f0e13",
            "version": "6.0.0-6-next.35"
        }
    ]
}