{
    "results": [
        {
            "command": null,
            "mean": 1.2094690692499999,
            "median": 1.15495334145,
            "max": 1.6809651319499999,
            "min": 0.9938289879500001
        }
    ]
}