{
    "results": [
        {
            "command": "npm info jquery",
            "mean": 1.0725057440549999,
            "median": 1.0170103404550002,
            "max": 1.225633041455,
            "min": 0.9825886194550001,
            "user": 0.441498245,
            "stddev": 0.09065589725748623,
            "system": 0.04916975999999999,
            "commit": "a15c915b171517c69bbb1198b1b0d5367feac923",
            "version": "6.0.0-6-next.27"
        }
    ]
}