{
    "results": [
        {
            "command": null,
            "mean": 13.436842963935002,
            "median": 13.267118428735,
            "max": 14.608034369235,
            "min": 12.680509028234999
        }
    ]
}