{
    "results": [
        {
            "command": null,
            "mean": 1.09714361117,
            "median": 1.11838163007,
            "max": 1.18449125857,
            "min": 0.9951642285700001
        }
    ]
}