{
    "results": [
        {
            "command": null,
            "mean": 0.8567881502700001,
            "median": 0.83676098857,
            "max": 1.03354604657,
            "min": 0.8024034425700001
        }
    ]
}