{
    "results": [
        {
            "command": "npm install jquery",
            "mean": 15.285697997005002,
            "median": 14.817481139805,
            "max": 19.851234650805,
            "min": 14.377356443805,
            "user": 14.628236370000002,
            "stddev": 1.6397995065521238,
            "system": 0.7701395899999999,
            "commit": "7346876680f3d8ac8f9e1a51f7f603b46edde2cb",
            "version": "4.12.2"
        }
    ]
}