{
    "results": [
        {
            "command": null,
            "mean": 15.285697997005002,
            "median": 14.817481139805,
            "max": 19.851234650805,
            "min": 14.377356443805
        }
    ]
}