{
    "results": [
        {
            "command": "npm install jquery",
            "mean": 12.175856701125001,
            "median": 12.034243242925,
            "max": 12.924639570924999,
            "min": 11.698035246925,
            "user": 11.612401465,
            "stddev": 0.3684270870619293,
            "system": 0.61764067,
            "commit": "586f1b06845b2c43e0f308915ab0a3c2c68999c2",
            "version": "4.12.2"
        }
    ]
}