{
    "results": [
        {
            "command": "npm info jquery",
            "mean": 1.38861828524,
            "median": 1.3748120261400003,
            "max": 1.5822536471400002,
            "min": 1.2786106721400001,
            "user": 0.5762560500000001,
            "stddev": 0.10954832478344778,
            "system": 0.06821273,
            "commit": "736e7de600c556861f8f255f01e203d901d643db",
            "version": "5.3.0"
        }
    ]
}