{
    "results": [
        {
            "command": "npm install jquery",
            "mean": 10.799564012245002,
            "median": 10.689350867145,
            "max": 12.438401447645,
            "min": 10.143163218645,
            "user": 11.449282574999998,
            "stddev": 0.6498750291860149,
            "system": 0.6587516600000001,
            "commit": "9c03e11cfa77d4d633271fe296345148ffd22454",
            "version": "6.0.0-6-next.24"
        }
    ]
}