{
    "results": [
        {
            "command": null,
            "mean": 11.997513109905,
            "median": 11.929912830605002,
            "max": 12.984168400605,
            "min": 11.641482271605
        }
    ]
}