{
    "results": [
        {
            "command": "npm install jquery",
            "mean": 11.997513109905,
            "median": 11.929912830605002,
            "max": 12.984168400605,
            "min": 11.641482271605,
            "user": 11.419422899999999,
            "stddev": 0.38362472947164844,
            "system": 0.624916215,
            "commit": "5983625ff78b968c86f902a118328e98dc4e76b1",
            "version": "6.0.0-6-next.27"
        }
    ]
}