{
    "results": [
        {
            "command": null,
            "mean": 1.1343021871550003,
            "median": 0.997776915255,
            "max": 1.837214860255,
            "min": 0.8532562652550001
        }
    ]
}