{
    "results": [
        {
            "command": null,
            "mean": 10.716719521129999,
            "median": 10.71300568553,
            "max": 11.22362299153,
            "min": 10.48051517953
        }
    ]
}