{
    "results": [
        {
            "command": null,
            "mean": 14.14497455389,
            "median": 14.097009032989998,
            "max": 14.70623391499,
            "min": 13.596717443989998
        }
    ]
}