{
    "results": [
        {
            "command": null,
            "mean": 1.21777570119,
            "median": 1.24034929419,
            "max": 1.3606818746899998,
            "min": 1.07652277569
        }
    ]
}