{
    "results": [
        {
            "command": null,
            "mean": 10.631047732525,
            "median": 10.566289973425,
            "max": 11.930157772425,
            "min": 9.907961195424999
        }
    ]
}