{
    "results": [
        {
            "command": null,
            "mean": 1.04320194387,
            "median": 1.00654755367,
            "max": 1.34420749517,
            "min": 0.98284723617
        }
    ]
}