{
    "results": [
        {
            "command": null,
            "mean": 1.2378366533549998,
            "median": 1.2406787880549999,
            "max": 1.257840374055,
            "min": 1.208899931055
        }
    ]
}