{
    "results": [
        {
            "command": null,
            "mean": 0.877807327275,
            "median": 0.8646684303750001,
            "max": 0.997096486375,
            "min": 0.852552380375
        }
    ]
}