{
    "results": [
        {
            "command": "npm info jquery",
            "mean": 1.04320194387,
            "median": 1.00654755367,
            "max": 1.34420749517,
            "min": 0.98284723617,
            "user": 0.5658769300000001,
            "stddev": 0.10897969994230317,
            "system": 0.05906337000000002,
            "commit": "52d3442856ecfe521642f41976c2dbed731f7749",
            "version": "6.0.0-6-next.27"
        }
    ]
}