{
    "results": [
        {
            "command": "npm info jquery",
            "mean": 1.2378366533549998,
            "median": 1.2406787880549999,
            "max": 1.257840374055,
            "min": 1.208899931055,
            "user": 0.542818315,
            "stddev": 0.012903198473794264,
            "system": 0.06117521,
            "commit": "52d3442856ecfe521642f41976c2dbed731f7749",
            "version": "3.13.1"
        }
    ]
}