{
    "results": [
        {
            "command": "npm info jquery",
            "mean": 1.1389772609799997,
            "median": 1.11458680028,
            "max": 1.34502597728,
            "min": 1.0488908612799999,
            "user": 0.5279389350000001,
            "stddev": 0.08463259800154146,
            "system": 0.050121154999999994,
            "commit": "1042f9bf76d86b582bd779111487e193a2d731ab",
            "version": "3.13.1"
        }
    ]
}