{
  "results": [
    {
      "command": "npm info jquery",
      "mean": 0.5529343789,
      "stddev": 0.034677485720652254,
      "median": 0.5602006058,
      "user": 0.47240000000000004,
      "system": 0.05213274,
      "min": 0.49789215430000006,
      "max": 0.5940952743000001,
      "times": [
        0.5731751403,
        0.5220737103,
        0.5940952743000001,
        0.5784121733,
        0.5807662883000001,
        0.5286849523,
        0.49789215430000006,
        0.5168224753,
        0.5472260713,
        0.5901955493000001
      ],
      "exit_codes": [
        0,
        0,
        0,
        0,
        0,
        0,
        0,
        0,
        0,
        0
      ]
    }
  ]
}
