{
  "results": [
    {
      "command": "npm info jquery",
      "mean": 0.43257761210000006,
      "stddev": 0.015444597024985969,
      "median": 0.42903063539999997,
      "user": 0.37607709999999994,
      "system": 0.04185706,
      "min": 0.4134614414,
      "max": 0.4708031854,
      "times": [
        0.4708031854,
        0.4367983374,
        0.4290949804,
        0.4211762974,
        0.4276731854,
        0.4289662904,
        0.4244167754,
        0.4400618244,
        0.4134614414,
        0.4333238034
      ],
      "exit_codes": [
        0,
        0,
        0,
        0,
        0,
        0,
        0,
        0,
        0,
        0
      ]
    }
  ]
}
