{
  "results": [
    {
      "command": "npm info jquery",
      "mean": 0.41579219164000014,
      "stddev": 0.02042871864494025,
      "median": 0.41019584434,
      "user": 0.36265088,
      "system": 0.025617840000000003,
      "min": 0.38232384134,
      "max": 0.45394208634,
      "times": [
        0.40768737534,
        0.40986317234,
        0.41052851634,
        0.45394208634,
        0.44271067434,
        0.40850952334,
        0.42224870834,
        0.41918413334,
        0.40092388534,
        0.38232384134
      ],
      "exit_codes": [
        0,
        0,
        0,
        0,
        0,
        0,
        0,
        0,
        0,
        0
      ]
    }
  ]
}
