{
  "results": [
    {
      "command": "npm info jquery",
      "mean": 0.4162810191400001,
      "stddev": 0.017486181153937404,
      "median": 0.41443909304000004,
      "user": 0.3571757799999999,
      "system": 0.03741374000000001,
      "min": 0.39526551404000004,
      "max": 0.44970691804,
      "times": [
        0.44970691804,
        0.39526551404000004,
        0.41766783904000004,
        0.40940809304000003,
        0.42106602904,
        0.41333543504000003,
        0.41554275104000005,
        0.44056512204000003,
        0.40018664504,
        0.40006584504000003
      ],
      "exit_codes": [
        0,
        0,
        0,
        0,
        0,
        0,
        0,
        0,
        0,
        0
      ]
    }
  ]
}
