{
    "results": [
        {
            "command": null,
            "mean": 1.27855547847,
            "median": 1.2559998814700002,
            "max": 1.5533615864699999,
            "min": 1.18918594347
        }
    ]
}