{
    "results": [
        {
            "command": "npm info jquery",
            "mean": 1.32129541196,
            "median": 1.30169833726,
            "max": 1.4863608352600002,
            "min": 1.21004326426,
            "user": 0.5383611850000001,
            "stddev": 0.08537831648891674,
            "system": 0.06138240500000001,
            "commit": "91fff48cb1978310403ac05a493a84da5e003baa",
            "version": "3.13.1"
        }
    ]
}