{
    "results": [
        {
            "command": null,
            "mean": 0.7987804785050001,
            "median": 0.796919834505,
            "max": 0.8353824105050001,
            "min": 0.786542832505
        }
    ]
}