{
    "results": [
        {
            "command": "npm install jquery",
            "mean": 11.657541931955,
            "median": 11.599454433555,
            "max": 12.270713576555,
            "min": 11.323604132555001,
            "user": 11.103323954999999,
            "stddev": 0.2941027596937274,
            "system": 0.607944005,
            "commit": "91fff48cb1978310403ac05a493a84da5e003baa",
            "version": "4.12.2"
        }
    ]
}