{
    "results": [
        {
            "command": "npm info jquery",
            "mean": 0.7987804785050001,
            "median": 0.796919834505,
            "max": 0.8353824105050001,
            "min": 0.786542832505,
            "user": 0.385845445,
            "stddev": 0.014188959362421682,
            "system": 0.04652532499999999,
            "commit": "91fff48cb1978310403ac05a493a84da5e003baa",
            "version": "6.0.0-6-next.27"
        }
    ]
}