{
    "results": [
        {
            "command": null,
            "mean": 11.657541931955,
            "median": 11.599454433555,
            "max": 12.270713576555,
            "min": 11.323604132555001
        }
    ]
}