{
    "results": [
        {
            "command": "npm info jquery",
            "mean": 1.2804943439899998,
            "median": 0.86218079939,
            "max": 4.91852879289,
            "min": 0.84725174589,
            "user": 0.417705885,
            "stddev": 1.2787572878883802,
            "system": 0.043275345,
            "commit": "54b17f4442f9ed8255656a66209476a220e94eea",
            "version": "5.1.0"
        }
    ]
}