{
    "results": [
        {
            "command": "npm info jquery",
            "mean": 0.8636146731200001,
            "median": 0.8423013741200001,
            "max": 1.0902464786200001,
            "min": 0.81903649362,
            "user": 0.41937015000000005,
            "stddev": 0.08116847913268779,
            "system": 0.03793175,
            "commit": "7aff3dcb9c67247594ec54c507852a58caa10a17",
            "version": "5.1.0"
        }
    ]
}