{
    "results": [
        {
            "command": "npm info jquery",
            "mean": 1.0269415945150002,
            "median": 0.985636834315,
            "max": 1.1761090648149999,
            "min": 0.955269486815,
            "user": 0.521765955,
            "stddev": 0.08968920926240881,
            "system": 0.050943234999999996,
            "commit": "c168b4e47a600d56f786a380d652478d7763153b",
            "version": "6.0.0-6-next.24"
        }
    ]
}