{
    "results": [
        {
            "command": "npm info jquery",
            "mean": 1.163126721985,
            "median": 1.148479009885,
            "max": 1.344576352385,
            "min": 1.1066110793850001,
            "user": 0.5498591899999999,
            "stddev": 0.06884485878766046,
            "system": 0.06274344000000001,
            "commit": "c168b4e47a600d56f786a380d652478d7763153b",
            "version": "4.12.2"
        }
    ]
}