{
    "results": [
        {
            "command": "npm info jquery",
            "mean": 1.3467022049600001,
            "median": 1.3257474826600002,
            "max": 1.5378061006600001,
            "min": 1.2655612036600001,
            "user": 0.5745432349999999,
            "stddev": 0.08912438882318731,
            "system": 0.06727776499999999,
            "commit": "c168b4e47a600d56f786a380d652478d7763153b",
            "version": "3.13.1"
        }
    ]
}