{
    "results": [
        {
            "command": null,
            "mean": 1.163126721985,
            "median": 1.148479009885,
            "max": 1.344576352385,
            "min": 1.1066110793850001
        }
    ]
}