{
    "results": [
        {
            "command": null,
            "mean": 14.18623450726,
            "median": 13.269095420260001,
            "max": 18.30415215476,
            "min": 12.683376242760001
        }
    ]
}