{
    "results": [
        {
            "command": "npm info jquery",
            "mean": 1.195612583545,
            "median": 1.173097616145,
            "max": 1.348479906145,
            "min": 1.081560651145,
            "user": 0.542410925,
            "stddev": 0.08805314925867673,
            "system": 0.07312208,
            "commit": "c168b4e47a600d56f786a380d652478d7763153b",
            "version": "5.1.3"
        }
    ]
}