{
    "results": [
        {
            "command": null,
            "mean": 12.854296293549998,
            "median": 12.634670098850002,
            "max": 16.12083799985,
            "min": 11.90728531685
        }
    ]
}