{
    "results": [
        {
            "command": "npm info jquery",
            "mean": 1.3775096511850002,
            "median": 1.319321887285,
            "max": 1.653963129285,
            "min": 1.263195861285,
            "user": 0.555849515,
            "stddev": 0.13497437596220843,
            "system": 0.06840289999999999,
            "commit": "5f8e886d3f525bd74603868400fcb5231d13c8da",
            "version": "5.1.3"
        }
    ]
}