{
    "results": [
        {
            "command": "npm info jquery",
            "mean": 1.0648412399749998,
            "median": 1.064358279975,
            "max": 1.122649415975,
            "min": 1.012485220975,
            "user": 0.48678177499999997,
            "stddev": 0.04379633585774365,
            "system": 0.05452301499999999,
            "commit": "7aff3dcb9c67247594ec54c507852a58caa10a17",
            "version": "3.13.1"
        }
    ]
}