{
    "results": [
        {
            "command": null,
            "mean": 1.01308183405,
            "median": 0.95651519765,
            "max": 1.24224714915,
            "min": 0.91889692015
        }
    ]
}