{
    "results": [
        {
            "command": "npm info jquery",
            "mean": 1.01308183405,
            "median": 0.95651519765,
            "max": 1.24224714915,
            "min": 0.91889692015,
            "user": 0.531353945,
            "stddev": 0.11328676024451462,
            "system": 0.045222555,
            "commit": "7aff3dcb9c67247594ec54c507852a58caa10a17",
            "version": "5.1.0"
        }
    ]
}