{
    "results": [
        {
            "command": "npm install jquery",
            "mean": 12.096149889269999,
            "median": 11.961293773769999,
            "max": 13.04489147727,
            "min": 11.68210569527,
            "user": 11.614463965,
            "stddev": 0.41998792604855656,
            "system": 0.6035429800000001,
            "commit": "54b17f4442f9ed8255656a66209476a220e94eea",
            "version": "4.12.1"
        }
    ]
}