{
    "results": [
        {
            "command": null,
            "mean": 1.0648412399749998,
            "median": 1.064358279975,
            "max": 1.122649415975,
            "min": 1.012485220975
        }
    ]
}