{
    "results": [
        {
            "command": null,
            "mean": 12.096149889269999,
            "median": 11.961293773769999,
            "max": 13.04489147727,
            "min": 11.68210569527
        }
    ]
}