{
    "results": [
        {
            "command": "npm install jquery",
            "mean": 12.19492629782,
            "median": 12.13473659862,
            "max": 12.96290376712,
            "min": 11.918131578119999,
            "user": 11.43697081,
            "stddev": 0.29511564730111717,
            "system": 0.563125735,
            "commit": "95ed3db43ce681824c9b40fa7eb8b09039d053ea",
            "version": "3.13.1"
        }
    ]
}