{
    "results": [
        {
            "command": "npm info jquery",
            "mean": 1.1151093032400001,
            "median": 1.0861733947399999,
            "max": 1.34646731924,
            "min": 0.9746822942400001,
            "user": 0.5723475399999999,
            "stddev": 0.13889883091299787,
            "system": 0.05781539499999999,
            "commit": "f5fd7bf5bfc728caaa35223d58811aa1383d6097",
            "version": "3.13.1"
        }
    ]
}