{
    "results": [
        {
            "command": "npm install jquery",
            "mean": 14.057349733860002,
            "median": 13.945854575760002,
            "max": 15.98219467276,
            "min": 13.46134125276,
            "user": 13.529139820000001,
            "stddev": 0.7046488471587293,
            "system": 0.69548787,
            "commit": "f625c114bb5078200503bd165a495f4cd52a6e44",
            "version": "5.1.2"
        }
    ]
}