{
    "results": [
        {
            "command": null,
            "mean": 14.057349733860002,
            "median": 13.945854575760002,
            "max": 15.98219467276,
            "min": 13.46134125276
        }
    ]
}