{
    "results": [
        {
            "command": null,
            "mean": 16.815265602169998,
            "median": 16.69222982597,
            "max": 17.95375156247,
            "min": 16.453171611469998
        }
    ]
}