{
    "results": [
        {
            "command": "npm info jquery",
            "mean": 1.1438368381600001,
            "median": 1.1309918995600001,
            "max": 1.35630723506,
            "min": 1.03747263106,
            "user": 0.5268261200000001,
            "stddev": 0.09774686666999255,
            "system": 0.05970090499999999,
            "commit": "f625c114bb5078200503bd165a495f4cd52a6e44",
            "version": "5.1.2"
        }
    ]
}