{
    "results": [
        {
            "command": "npm install jquery",
            "mean": 14.659453075245,
            "median": 14.507108196845,
            "max": 16.031980693845,
            "min": 14.186024121845,
            "user": 14.248931125000002,
            "stddev": 0.5182199847089581,
            "system": 0.73232393,
            "commit": "b6495d5b6c028fc7184912deaa1e7848846241a5",
            "version": "3.13.1"
        }
    ]
}