{
    "results": [
        {
            "command": "npm info jquery",
            "mean": 0.9801947730900002,
            "median": 0.9434680707900001,
            "max": 1.2880608692900002,
            "min": 0.9078534612900001,
            "user": 0.51695028,
            "stddev": 0.11234448475222761,
            "system": 0.046757355,
            "commit": "54b17f4442f9ed8255656a66209476a220e94eea",
            "version": "4.12.1"
        }
    ]
}