{
    "results": [
        {
            "command": "npm install jquery",
            "mean": 14.727660064275003,
            "median": 14.623536287275002,
            "max": 15.976068979775,
            "min": 14.358475183775,
            "user": 15.39597391,
            "stddev": 0.4570965246079994,
            "system": 0.7257208699999999,
            "commit": "2645ae2e48e2e7feb7cba414c83991269b169870",
            "version": "4.12.2"
        }
    ]
}