{
    "results": [
        {
            "command": "npm info jquery",
            "mean": 0.955727651985,
            "median": 0.942286480185,
            "max": 1.1138660871850001,
            "min": 0.9061502421850001,
            "user": 0.391810915,
            "stddev": 0.058559104948679844,
            "system": 0.04508165499999999,
            "commit": "a15c915b171517c69bbb1198b1b0d5367feac923",
            "version": "4.12.2"
        }
    ]
}