{
    "results": [
        {
            "command": "npm info jquery",
            "mean": 1.34531121177,
            "median": 1.32967839407,
            "max": 2.0481460100700004,
            "min": 0.93017044207,
            "user": 0.5348179550000001,
            "stddev": 0.31636121342955675,
            "system": 0.048199019999999995,
            "commit": "30875acc70c8d85fb3cbe8117d304b68186b7a5c",
            "version": "6.0.0-6-next.24"
        }
    ]
}