{
    "results": [
        {
            "command": "npm info jquery",
            "mean": 1.28440165857,
            "median": 1.25268328227,
            "max": 1.41729788027,
            "min": 1.20693859327,
            "user": 0.556570135,
            "stddev": 0.07374280956201264,
            "system": 0.06686225999999998,
            "commit": "95ed3db43ce681824c9b40fa7eb8b09039d053ea",
            "version": "4.12.1"
        }
    ]
}