{
    "results": [
        {
            "command": "npm info jquery",
            "mean": 1.3253417717749998,
            "median": 1.235325578975,
            "max": 1.879787483975,
            "min": 1.103043192975,
            "user": 0.5156239499999999,
            "stddev": 0.26049360214708406,
            "system": 0.05161665499999999,
            "commit": "a020d4f5808a937cf906f6a8c09cbf51d2dee797",
            "version": "4.12.2"
        }
    ]
}