{
    "results": [
        {
            "command": "npm info jquery",
            "mean": 1.24507199272,
            "median": 1.2247921875199999,
            "max": 1.3609898895199999,
            "min": 1.15267908452,
            "user": 0.48662300499999994,
            "stddev": 0.07901190462341943,
            "system": 0.05433814499999999,
            "commit": "9dbf73e955fcb70b0a623c5ab89649b95146c744",
            "version": "5.1.3"
        }
    ]
}