{
    "results": [
        {
            "command": "npm info jquery",
            "mean": 1.330752130095,
            "median": 1.270052823295,
            "max": 1.648974757295,
            "min": 1.189674562295,
            "user": 0.5150697000000001,
            "stddev": 0.15146472121762364,
            "system": 0.05767421499999999,
            "commit": "b753b4010feaa13cf8134eace8abf8a075f2b778",
            "version": "3.13.1"
        }
    ]
}