{
    "results": [
        {
            "command": "npm info jquery",
            "mean": 0.957196419415,
            "median": 0.9307214985150001,
            "max": 1.043233934015,
            "min": 0.9104699510150001,
            "user": 0.5010985700000001,
            "stddev": 0.05308788434133878,
            "system": 0.05719650999999999,
            "commit": "09a7cf345658047a85d44d0b85594c58270cdf26",
            "version": "5.1.0"
        }
    ]
}