{
    "results": [
        {
            "command": null,
            "mean": 10.15032377159,
            "median": 10.07259859329,
            "max": 11.16074909179,
            "min": 9.787800465790001
        }
    ]
}