{
    "results": [
        {
            "command": "npm install jquery",
            "mean": 12.763349695825001,
            "median": 12.594183205724999,
            "max": 13.894423026724999,
            "min": 12.409409190725,
            "user": 12.157931844999998,
            "stddev": 0.46705477541480017,
            "system": 0.673063145,
            "commit": "8c8f0e1600f089de6e3b69bbbc84833b2996e777",
            "version": "3.13.1"
        }
    ]
}