{
    "results": [
        {
            "command": "npm info jquery",
            "mean": 1.2647813025899999,
            "median": 1.24795688139,
            "max": 1.39471544939,
            "min": 1.2112063313900001,
            "user": 0.5320983650000001,
            "stddev": 0.05560232625070639,
            "system": 0.069353035,
            "commit": "8c8f0e1600f089de6e3b69bbbc84833b2996e777",
            "version": "6.0.0-6-next.27"
        }
    ]
}