{
    "results": [
        {
            "command": null,
            "mean": 13.751046349409998,
            "median": 13.63142833971,
            "max": 15.10766727021,
            "min": 13.20943492221
        }
    ]
}