{
    "results": [
        {
            "command": "npm install jquery",
            "mean": 17.406082018905,
            "median": 16.649989968405,
            "max": 23.389633298904997,
            "min": 16.121845992904998,
            "user": 16.93236038,
            "stddev": 2.2133386846188747,
            "system": 0.83001632,
            "commit": "73e6863426497b61ff1b3e61b577909b70cf683d",
            "version": "4.12.1"
        }
    ]
}