{
    "results": [
        {
            "command": null,
            "mean": 1.14768646026,
            "median": 1.1350952838600001,
            "max": 1.2624898498600001,
            "min": 1.07877584286
        }
    ]
}