{
    "results": [
        {
            "command": "npm info jquery",
            "mean": 0.993641133865,
            "median": 0.9692517351650001,
            "max": 1.172209789665,
            "min": 0.9241209126650001,
            "user": 0.5259627050000001,
            "stddev": 0.07751640238856666,
            "system": 0.05416175999999999,
            "commit": "d778f2cd18478410a5722fafb40713f7ea0baef7",
            "version": "3.13.1"
        }
    ]
}