{
    "results": [
        {
            "command": null,
            "mean": 0.993641133865,
            "median": 0.9692517351650001,
            "max": 1.172209789665,
            "min": 0.9241209126650001
        }
    ]
}