{
    "results": [
        {
            "command": "npm install jquery",
            "mean": 14.880775729765,
            "median": 14.705204856565,
            "max": 16.762565170065,
            "min": 14.318390126065,
            "user": 13.714477009999996,
            "stddev": 0.7113118790505719,
            "system": 0.6921252149999999,
            "commit": "90b8bc242c9f801b1b91c7f31d10348ab860c677",
            "version": "3.13.1"
        }
    ]
}