{
    "results": [
        {
            "command": "npm info jquery",
            "mean": 1.0809546184199998,
            "median": 1.08610189282,
            "max": 1.1212033533199999,
            "min": 1.03658526732,
            "user": 0.508166065,
            "stddev": 0.03276358836450069,
            "system": 0.053679279999999996,
            "commit": "95ed3db43ce681824c9b40fa7eb8b09039d053ea",
            "version": "5.1.0"
        }
    ]
}