{
    "results": [
        {
            "command": null,
            "mean": 13.284030410615,
            "median": 13.191877893715,
            "max": 14.262972003715001,
            "min": 12.805318439715
        }
    ]
}