{
    "results": [
        {
            "command": null,
            "mean": 0.944120783015,
            "median": 0.9216752216150002,
            "max": 1.159943325115,
            "min": 0.8459357161150001
        }
    ]
}