{
    "results": [
        {
            "command": "npm info jquery",
            "mean": 1.1717581059349997,
            "median": 1.0409168008349998,
            "max": 2.119357079835,
            "min": 0.854126443835,
            "user": 0.43840039500000005,
            "stddev": 0.40169878687225896,
            "system": 0.05245952999999999,
            "commit": "36b5ecd2dca1b534ab6a2ec78b5ef7d84fb7f0ca",
            "version": "3.13.1"
        }
    ]
}