{
    "results": [
        {
            "command": null,
            "mean": 1.1717581059349997,
            "median": 1.0409168008349998,
            "max": 2.119357079835,
            "min": 0.854126443835
        }
    ]
}