{
    "results": [
        {
            "command": null,
            "mean": 9.660415538835,
            "median": 9.606788867735,
            "max": 10.671231321735,
            "min": 9.160201504735001
        }
    ]
}