{
    "results": [
        {
            "command": "npm install jquery",
            "mean": 16.815265602169998,
            "median": 16.69222982597,
            "max": 17.95375156247,
            "min": 16.453171611469998,
            "user": 16.102898439999997,
            "stddev": 0.43323584786777924,
            "system": 0.721560805,
            "commit": "f625c114bb5078200503bd165a495f4cd52a6e44",
            "version": "3.13.1"
        }
    ]
}