{
    "results": [
        {
            "command": "npm info jquery",
            "mean": 0.99085377553,
            "median": 0.93138788743,
            "max": 1.24455168343,
            "min": 0.91269580743,
            "user": 0.48684405000000003,
            "stddev": 0.11981523309740501,
            "system": 0.05297819,
            "commit": "54b17f4442f9ed8255656a66209476a220e94eea",
            "version": "4.12.1"
        }
    ]
}