{
    "results": [
        {
            "command": "npm info jquery",
            "mean": 0.87126587166,
            "median": 0.82550950436,
            "max": 1.0267970638600001,
            "min": 0.78506598986,
            "user": 0.38541314499999996,
            "stddev": 0.10192738383023377,
            "system": 0.041287925,
            "commit": "f1308178282f5fa31c3e52b728ddeb86e5c29367",
            "version": "6.0.0-6-next.31"
        }
    ]
}