{
    "results": [
        {
            "command": "npm install jquery",
            "mean": 15.298416922605,
            "median": 15.095809587005,
            "max": 16.249762771505,
            "min": 14.890299597504999,
            "user": 14.316929635,
            "stddev": 0.4723187076125938,
            "system": 0.6899438299999998,
            "commit": "95ed3db43ce681824c9b40fa7eb8b09039d053ea",
            "version": "5.1.0"
        }
    ]
}