{
    "results": [
        {
            "command": "npm install jquery",
            "mean": 11.222773462845,
            "median": 11.129346579844999,
            "max": 11.975838865345,
            "min": 11.028484415345,
            "user": 10.370954049999998,
            "stddev": 0.28337983333545436,
            "system": 0.61448936,
            "commit": "06e400cb34094f00e05d3593d2a62ea827a7e0be",
            "version": "5.5.0"
        }
    ]
}