{
    "results": [
        {
            "command": "npm info jquery",
            "mean": 1.1769721614050002,
            "median": 1.1051892521050002,
            "max": 1.5274596381050003,
            "min": 1.028108945105,
            "user": 0.48336009999999996,
            "stddev": 0.1856218216274994,
            "system": 0.059949765,
            "commit": "d2f9013ece8fc3b37e16e9748d03bce2acd7aba5",
            "version": "3.13.1"
        }
    ]
}