{
    "results": [
        {
            "command": null,
            "mean": 14.453182053945,
            "median": 14.423278931145,
            "max": 14.917474968145001,
            "min": 14.015442785145
        }
    ]
}