{
    "results": [
        {
            "command": null,
            "mean": 1.01066871542,
            "median": 0.9833765187200001,
            "max": 1.15227177172,
            "min": 0.9293808187200001
        }
    ]
}