{
    "results": [
        {
            "command": null,
            "mean": 10.756131266445,
            "median": 10.724162191345,
            "max": 11.118895648345,
            "min": 10.461735790345
        }
    ]
}