{
    "results": [
        {
            "command": null,
            "mean": 10.759162498630001,
            "median": 10.71649589383,
            "max": 11.360938055830001,
            "min": 10.528389163830001
        }
    ]
}