{
    "results": [
        {
            "command": "npm info jquery",
            "mean": 0.9452608353850002,
            "median": 0.917390397185,
            "max": 1.0879213266849999,
            "min": 0.8848212376850001,
            "user": 0.4823709349999999,
            "stddev": 0.07173068875637745,
            "system": 0.05952952499999999,
            "commit": "06448be421c5f8b33bbf7b6ba94e674bb27a6af5",
            "version": "3.13.1"
        }
    ]
}