{
    "results": [
        {
            "command": null,
            "mean": 16.156693088835,
            "median": 15.359017299335,
            "max": 22.511271791835,
            "min": 14.672901053835
        }
    ]
}