{
    "results": [
        {
            "command": "npm info jquery",
            "mean": 1.0728251910650002,
            "median": 0.9908206642650002,
            "max": 1.533589159765,
            "min": 0.956112711765,
            "user": 0.45564172999999997,
            "stddev": 0.17917919986359304,
            "system": 0.045325779999999996,
            "commit": "586f1b06845b2c43e0f308915ab0a3c2c68999c2",
            "version": "5.1.2"
        }
    ]
}