{
    "results": [
        {
            "command": "npm info jquery",
            "mean": 0.9980459901499998,
            "median": 0.96300974705,
            "max": 1.23181014205,
            "min": 0.88243020305,
            "user": 0.49516820500000003,
            "stddev": 0.11637885225944608,
            "system": 0.04145705,
            "commit": "586f1b06845b2c43e0f308915ab0a3c2c68999c2",
            "version": "3.13.1"
        }
    ]
}