{
    "results": [
        {
            "command": null,
            "mean": 1.27538266255,
            "median": 1.23725885365,
            "max": 1.44680791965,
            "min": 1.10301236565
        }
    ]
}