{
    "results": [
        {
            "command": "npm info jquery",
            "mean": 0.8681733969250001,
            "median": 0.8206559652250001,
            "max": 1.084530670225,
            "min": 0.7895209902250001,
            "user": 0.4065985499999999,
            "stddev": 0.11525901708051281,
            "system": 0.03287006,
            "commit": "3fe8cb0406340f0fba783ecbd536875858bf3854",
            "version": "5.1.2"
        }
    ]
}