{
    "results": [
        {
            "command": "npm info jquery",
            "mean": 0.80433134579,
            "median": 0.80397474149,
            "max": 0.81857405749,
            "min": 0.79073964149,
            "user": 0.39449989499999993,
            "stddev": 0.010771615586186134,
            "system": 0.03914553,
            "commit": "09a7cf345658047a85d44d0b85594c58270cdf26",
            "version": "4.12.1"
        }
    ]
}