{
    "results": [
        {
            "command": "npm info jquery",
            "mean": 0.987727210785,
            "median": 0.9518777756850001,
            "max": 1.101127035185,
            "min": 0.9080795671850002,
            "user": 0.513410635,
            "stddev": 0.06983205192769341,
            "system": 0.058663429999999996,
            "commit": "a73b0a9d1cd3c7bd02e614124564274de98014c3",
            "version": "4.12.2"
        }
    ]
}