{
    "results": [
        {
            "command": "npm info jquery",
            "mean": 1.046427175985,
            "median": 1.001100474085,
            "max": 1.434347774585,
            "min": 0.9294961915850001,
            "user": 0.4350738249999999,
            "stddev": 0.14486134298249437,
            "system": 0.04535159,
            "commit": "9c03e11cfa77d4d633271fe296345148ffd22454",
            "version": "4.12.2"
        }
    ]
}