{
    "results": [
        {
            "command": null,
            "mean": 10.59284908416,
            "median": 10.10556465126,
            "max": 13.21067778826,
            "min": 9.53133012126
        }
    ]
}