{
    "results": [
        {
            "command": "npm install jquery",
            "mean": 10.59284908416,
            "median": 10.10556465126,
            "max": 13.21067778826,
            "min": 9.53133012126,
            "user": 11.227457265000002,
            "stddev": 1.2812329655021455,
            "system": 0.5961846050000001,
            "commit": "9c03e11cfa77d4d633271fe296345148ffd22454",
            "version": "3.13.1"
        }
    ]
}