{
    "results": [
        {
            "command": null,
            "mean": 9.989783064625001,
            "median": 9.692494686725,
            "max": 11.796026736725,
            "min": 9.518448130725
        }
    ]
}