{
    "results": [
        {
            "command": "npm info jquery",
            "mean": 1.13475182451,
            "median": 1.1092245758100001,
            "max": 1.4606129083100001,
            "min": 1.04585419631,
            "user": 0.49728813499999996,
            "stddev": 0.12301606368562389,
            "system": 0.05320349499999999,
            "commit": "9c03e11cfa77d4d633271fe296345148ffd22454",
            "version": "6.0.0-6-next.24"
        }
    ]
}