{
    "results": [
        {
            "command": null,
            "mean": 1.13475182451,
            "median": 1.1092245758100001,
            "max": 1.4606129083100001,
            "min": 1.04585419631
        }
    ]
}