{
    "results": [
        {
            "command": "npm install jquery",
            "mean": 9.989783064625001,
            "median": 9.692494686725,
            "max": 11.796026736725,
            "min": 9.518448130725,
            "user": 10.707619385,
            "stddev": 0.709611576762594,
            "system": 0.5840838899999999,
            "commit": "9c03e11cfa77d4d633271fe296345148ffd22454",
            "version": "4.12.2"
        }
    ]
}