{
    "results": [
        {
            "command": null,
            "mean": 9.101274789375001,
            "median": 9.046629542375001,
            "max": 10.293354528375,
            "min": 8.269690188375
        }
    ]
}