{
    "results": [
        {
            "command": "npm install jquery",
            "mean": 10.388910653085,
            "median": 10.340882692585001,
            "max": 10.885389545085001,
            "min": 10.064826524085001,
            "user": 9.765644919999998,
            "stddev": 0.2427451483561605,
            "system": 0.54149314,
            "commit": "f00cfb4f9787bb7c264946567dbaf366ae87d898",
            "version": "4.12.2"
        }
    ]
}