{
    "results": [
        {
            "command": "npm info jquery",
            "mean": 0.8682510717399999,
            "median": 0.8227920633400001,
            "max": 1.19268315534,
            "min": 0.74925375334,
            "user": 0.393882385,
            "stddev": 0.13957730881283115,
            "system": 0.033670845,
            "commit": "b6495d5b6c028fc7184912deaa1e7848846241a5",
            "version": "4.12.2"
        }
    ]
}