{
    "results": [
        {
            "command": "npm info jquery",
            "mean": 1.0684512344850001,
            "median": 1.060310760785,
            "max": 1.161094979785,
            "min": 0.9955389187850001,
            "user": 0.5585152050000001,
            "stddev": 0.0664696825812369,
            "system": 0.06339028999999999,
            "commit": "4a6476c824722618d1834672a2a343d43d7c60c5",
            "version": "6.0.0-6-next.27"
        }
    ]
}