{
    "results": [
        {
            "command": "npm info jquery",
            "mean": 0.93639175077,
            "median": 0.9022493335700001,
            "max": 1.07249445307,
            "min": 0.8703910000700001,
            "user": 0.48046939499999997,
            "stddev": 0.07270124272217503,
            "system": 0.04636877,
            "commit": "54b17f4442f9ed8255656a66209476a220e94eea",
            "version": "3.13.1"
        }
    ]
}