{
    "results": [
        {
            "command": null,
            "mean": 15.187521088369996,
            "median": 15.121974472569999,
            "max": 16.27182841107,
            "min": 14.836912684069999
        }
    ]
}