{
    "results": [
        {
            "command": null,
            "mean": 10.297211216960001,
            "median": 9.92528714426,
            "max": 13.233939536760001,
            "min": 9.693824068760001
        }
    ]
}