{
    "results": [
        {
            "command": "npm install jquery",
            "mean": 10.297211216960001,
            "median": 9.92528714426,
            "max": 13.233939536760001,
            "min": 9.693824068760001,
            "user": 9.638955424999999,
            "stddev": 1.0776740196237191,
            "system": 0.5511413499999999,
            "commit": "0cde4e8e98a8e5040b083363455a285d742667b0",
            "version": "5.3.0"
        }
    ]
}