{
    "results": [
        {
            "command": null,
            "mean": 1.24920470425,
            "median": 1.22937200445,
            "max": 1.4215380664500001,
            "min": 1.1949722224500001
        }
    ]
}