{
    "results": [
        {
            "command": "npm install jquery",
            "mean": 15.187521088369996,
            "median": 15.121974472569999,
            "max": 16.27182841107,
            "min": 14.836912684069999,
            "user": 14.214713939999996,
            "stddev": 0.4134146590057888,
            "system": 0.8137700549999998,
            "commit": "0cde4e8e98a8e5040b083363455a285d742667b0",
            "version": "6.0.0-6-next.27"
        }
    ]
}