{
    "results": [
        {
            "command": "npm info jquery",
            "mean": 0.9306661451749999,
            "median": 0.889495675075,
            "max": 1.1194936630749999,
            "min": 0.863198730075,
            "user": 0.4603858849999999,
            "stddev": 0.08249449411604778,
            "system": 0.049513520000000005,
            "commit": "960ebc67a5aa85ffa7db9bcf6f0393a41cff7547",
            "version": "4.12.2"
        }
    ]
}