{
    "results": [
        {
            "command": "npm install jquery",
            "mean": 10.681160480499999,
            "median": 10.6290796705,
            "max": 11.6921964145,
            "min": 10.250574818499999,
            "user": 9.5577392,
            "stddev": 0.4182336318866915,
            "system": 0.5672971349999999,
            "commit": "4cd71c64091e8788b858b212b86d5286de160fe3",
            "version": "3.13.1"
        }
    ]
}