{
    "results": [
        {
            "command": "npm info jquery",
            "mean": 1.1543192873650001,
            "median": 0.956764980165,
            "max": 2.212390794165,
            "min": 0.930571720165,
            "user": 0.5113751299999999,
            "stddev": 0.410048425448911,
            "system": 0.05431393000000001,
            "commit": "4cd71c64091e8788b858b212b86d5286de160fe3",
            "version": "6.0.0-6-next.31"
        }
    ]
}