{
    "results": [
        {
            "command": null,
            "mean": 1.04127793133,
            "median": 0.97106941893,
            "max": 1.4053379399300001,
            "min": 0.90164981993
        }
    ]
}