{
    "results": [
        {
            "command": null,
            "mean": 0.8714625044150001,
            "median": 0.850605656415,
            "max": 0.987023973415,
            "min": 0.825418148415
        }
    ]
}