{
    "results": [
        {
            "command": "npm install jquery",
            "mean": 10.782486647164998,
            "median": 10.753756574565,
            "max": 11.681553231565,
            "min": 10.071115476565,
            "user": 9.622375495,
            "stddev": 0.4091274016993965,
            "system": 0.5213842249999999,
            "commit": "4cd71c64091e8788b858b212b86d5286de160fe3",
            "version": "5.5.2"
        }
    ]
}