{
    "results": [
        {
            "command": "npm info jquery",
            "mean": 0.993371694735,
            "median": 0.9732836229349999,
            "max": 1.166986329435,
            "min": 0.943968318435,
            "user": 0.5311728649999999,
            "stddev": 0.06681203381132053,
            "system": 0.05755404500000001,
            "commit": "4cd71c64091e8788b858b212b86d5286de160fe3",
            "version": "5.5.2"
        }
    ]
}