{
    "results": [
        {
            "command": "npm info jquery",
            "mean": 0.8714625044150001,
            "median": 0.850605656415,
            "max": 0.987023973415,
            "min": 0.825418148415,
            "user": 0.422285295,
            "stddev": 0.05860993883923728,
            "system": 0.054080655,
            "commit": "4cd71c64091e8788b858b212b86d5286de160fe3",
            "version": "3.13.1"
        }
    ]
}