{
    "results": [
        {
            "command": "npm install jquery",
            "mean": 11.551771652180001,
            "median": 11.50058061288,
            "max": 12.85428246288,
            "min": 10.965219513880001,
            "user": 10.169851335,
            "stddev": 0.48917226310542955,
            "system": 0.5615770199999999,
            "commit": "4cd71c64091e8788b858b212b86d5286de160fe3",
            "version": "6.0.0-6-next.31"
        }
    ]
}