{
    "results": [
        {
            "command": null,
            "mean": 1.1543192873650001,
            "median": 0.956764980165,
            "max": 2.212390794165,
            "min": 0.930571720165
        }
    ]
}