{
    "results": [
        {
            "command": "npm info jquery",
            "mean": 0.866269362245,
            "median": 0.8553408466450001,
            "max": 0.9655318676450001,
            "min": 0.837478104645,
            "user": 0.430595685,
            "stddev": 0.036867441751428275,
            "system": 0.04939498499999999,
            "commit": "4a6476c824722618d1834672a2a343d43d7c60c5",
            "version": "3.13.1"
        }
    ]
}