{
    "results": [
        {
            "command": "npm info jquery",
            "mean": 1.1517254351550001,
            "median": 1.145746652355,
            "max": 1.406403798355,
            "min": 0.9863176113550001,
            "user": 0.5133049249999999,
            "stddev": 0.13620558146205688,
            "system": 0.052870589999999995,
            "commit": "14d973c552b6cda3a463c3b51ee0b6183f50107f",
            "version": "4.12.2"
        }
    ]
}