{
    "results": [
        {
            "command": null,
            "mean": 11.925924165229999,
            "median": 11.885840580230001,
            "max": 12.296543542230001,
            "min": 11.664465024230001
        }
    ]
}