{
    "results": [
        {
            "command": "npm info jquery",
            "mean": 0.9508423406700001,
            "median": 0.92335969517,
            "max": 1.11364422517,
            "min": 0.8557322351700001,
            "user": 0.4453457499999999,
            "stddev": 0.08379479350170835,
            "system": 0.051671804999999994,
            "commit": "82cb0f2bff899df3c35f7637f3b5c1067b160b60",
            "version": "6.0.0-6-next.35"
        }
    ]
}