{
    "results": [
        {
            "command": null,
            "mean": 1.0561319846850001,
            "median": 1.0235236037850002,
            "max": 1.304590054785,
            "min": 0.9977703357850001
        }
    ]
}