{
    "results": [
        {
            "command": null,
            "mean": 15.438263731789998,
            "median": 15.38602578229,
            "max": 16.01774348129,
            "min": 15.03847863129
        }
    ]
}