{
    "results": [
        {
            "command": "npm info jquery",
            "mean": 1.0591006226200002,
            "median": 1.0049014892199999,
            "max": 1.40870680072,
            "min": 0.9738864917200001,
            "user": 0.438423965,
            "stddev": 0.1390831933543363,
            "system": 0.047677895,
            "commit": "82cb0f2bff899df3c35f7637f3b5c1067b160b60",
            "version": "4.12.2"
        }
    ]
}