{
    "results": [
        {
            "command": null,
            "mean": 0.9508423406700001,
            "median": 0.92335969517,
            "max": 1.11364422517,
            "min": 0.8557322351700001
        }
    ]
}