{
    "results": [
        {
            "command": null,
            "mean": 1.09668529861,
            "median": 1.05653415061,
            "max": 1.43053482311,
            "min": 1.03789221911
        }
    ]
}