{
    "results": [
        {
            "command": null,
            "mean": 14.243676078895001,
            "median": 14.162494211894998,
            "max": 14.866493660895,
            "min": 13.657347674895
        }
    ]
}