{
    "results": [
        {
            "command": null,
            "mean": 1.0591006226200002,
            "median": 1.0049014892199999,
            "max": 1.40870680072,
            "min": 0.9738864917200001
        }
    ]
}