{
    "results": [
        {
            "command": "npm info jquery",
            "mean": 1.1215740577250002,
            "median": 1.087509166125,
            "max": 1.247019118625,
            "min": 1.048253749625,
            "user": 0.5204211300000001,
            "stddev": 0.0806542861034362,
            "system": 0.05389440999999999,
            "commit": "9dbf73e955fcb70b0a623c5ab89649b95146c744",
            "version": "5.1.3"
        }
    ]
}