{
    "results": [
        {
            "command": "npm install jquery",
            "mean": 17.570684926250003,
            "median": 15.29844426995,
            "max": 23.292571294450003,
            "min": 14.81202115945,
            "user": 16.422192584999998,
            "stddev": 3.2981848021362503,
            "system": 0.721841195,
            "commit": "8a8f2b6774d50c12ce8d0e87e3e4f847478a0e10",
            "version": "4.12.2"
        }
    ]
}