{
    "results": [
        {
            "command": null,
            "mean": 0.941530056925,
            "median": 0.9418036108250001,
            "max": 1.017931430325,
            "min": 0.893948705325
        }
    ]
}