{
    "results": [
        {
            "command": null,
            "mean": 13.731365559035002,
            "median": 13.657245156235,
            "max": 15.003044001234999,
            "min": 13.340313424235
        }
    ]
}