{
    "results": [
        {
            "command": "npm info jquery",
            "mean": 0.8834887376050002,
            "median": 0.8838299760050001,
            "max": 0.898136018505,
            "min": 0.870077604505,
            "user": 0.4619226350000001,
            "stddev": 0.009990764540824013,
            "system": 0.04446133,
            "commit": "3d45cecf04827712eb724a113e415dbda8ea2d90",
            "version": "4.12.2"
        }
    ]
}