{
    "results": [
        {
            "command": null,
            "mean": 13.60325016001,
            "median": 13.47476937511,
            "max": 14.90110290661,
            "min": 12.95877581061
        }
    ]
}