{
    "results": [
        {
            "command": null,
            "mean": 0.8834887376050002,
            "median": 0.8838299760050001,
            "max": 0.898136018505,
            "min": 0.870077604505
        }
    ]
}