{
    "results": [
        {
            "command": "npm info jquery",
            "mean": 0.8070428905050001,
            "median": 0.767171692405,
            "max": 0.957389429405,
            "min": 0.749150530405,
            "user": 0.35692293499999994,
            "stddev": 0.07251696589182341,
            "system": 0.034140619999999997,
            "commit": "d3ce9c1b0a77cb330d84ffa523a6f1faa4833101",
            "version": "3.13.1"
        }
    ]
}