{
    "results": [
        {
            "command": "npm install jquery",
            "mean": 21.051650284805003,
            "median": 20.984944776005,
            "max": 21.893652916005003,
            "min": 20.418731833005,
            "user": 20.318395334999998,
            "stddev": 0.5354550069453864,
            "system": 0.9382892499999999,
            "commit": "d3ce9c1b0a77cb330d84ffa523a6f1faa4833101",
            "version": "3.13.1"
        }
    ]
}