{
    "results": [
        {
            "command": null,
            "mean": 0.8070428905050001,
            "median": 0.767171692405,
            "max": 0.957389429405,
            "min": 0.749150530405
        }
    ]
}