{
    "results": [
        {
            "command": null,
            "mean": 0.8266927106149999,
            "median": 0.792136525515,
            "max": 1.0104326540150002,
            "min": 0.758754024015
        }
    ]
}