{
    "results": [
        {
            "command": null,
            "mean": 21.542143155835,
            "median": 21.516690273735,
            "max": 23.410764316735,
            "min": 20.558522543735
        }
    ]
}