{
    "results": [
        {
            "command": null,
            "mean": 1.13406039291,
            "median": 1.12343347231,
            "max": 1.25170081681,
            "min": 1.1005289248099999
        }
    ]
}