{
    "results": [
        {
            "command": null,
            "mean": 21.051650284805003,
            "median": 20.984944776005,
            "max": 21.893652916005003,
            "min": 20.418731833005
        }
    ]
}