{
    "results": [
        {
            "command": null,
            "mean": 0.9309703549750001,
            "median": 0.875450268175,
            "max": 1.344650550675,
            "min": 0.8331850836750001
        }
    ]
}