{
    "results": [
        {
            "command": "npm info jquery",
            "mean": 1.33971788172,
            "median": 1.2474999213199998,
            "max": 1.8354333463199999,
            "min": 0.9801412473200001,
            "user": 0.55106627,
            "stddev": 0.3095503120403471,
            "system": 0.06457789499999998,
            "commit": "736e7de600c556861f8f255f01e203d901d643db",
            "version": "5.3.0"
        }
    ]
}