{
    "results": [
        {
            "command": "npm info jquery",
            "mean": 1.074293220375,
            "median": 1.027102202375,
            "max": 1.486512840875,
            "min": 0.981269364875,
            "user": 0.5881056950000001,
            "stddev": 0.15098857278502098,
            "system": 0.05847055999999999,
            "commit": "736e7de600c556861f8f255f01e203d901d643db",
            "version": "4.12.2"
        }
    ]
}