{
    "results": [
        {
            "command": null,
            "mean": 0.9972045188750001,
            "median": 0.9833580203750001,
            "max": 1.160226727875,
            "min": 0.9654946118750001
        }
    ]
}