{
    "results": [
        {
            "command": null,
            "mean": 1.33971788172,
            "median": 1.2474999213199998,
            "max": 1.8354333463199999,
            "min": 0.9801412473200001
        }
    ]
}