{
    "results": [
        {
            "command": "npm install jquery",
            "mean": 9.282320099355,
            "median": 9.222554260555,
            "max": 9.997962524555,
            "min": 8.900951202555,
            "user": 8.607487545000001,
            "stddev": 0.3040663646472211,
            "system": 0.5013855949999999,
            "commit": "736e7de600c556861f8f255f01e203d901d643db",
            "version": "4.12.2"
        }
    ]
}