{
    "results": [
        {
            "command": "npm info jquery",
            "mean": 0.9309703549750001,
            "median": 0.875450268175,
            "max": 1.344650550675,
            "min": 0.8331850836750001,
            "user": 0.43518349,
            "stddev": 0.1531801962797345,
            "system": 0.045671579999999996,
            "commit": "736e7de600c556861f8f255f01e203d901d643db",
            "version": "6.0.0-6-next.27"
        }
    ]
}