{
    "results": [
        {
            "command": null,
            "mean": 12.436943017795,
            "median": 12.464337405095002,
            "max": 13.281372717595,
            "min": 11.671913203595
        }
    ]
}