{
    "results": [
        {
            "command": null,
            "mean": 1.16363989767,
            "median": 1.10882555697,
            "max": 1.36866896147,
            "min": 1.0703113344700002
        }
    ]
}