{
    "results": [
        {
            "command": null,
            "mean": 10.765297483980001,
            "median": 10.62518034688,
            "max": 11.85443958588,
            "min": 10.43872303588
        }
    ]
}