{
    "results": [
        {
            "command": null,
            "mean": 10.324273859025,
            "median": 10.118747512925,
            "max": 11.209847807425,
            "min": 10.031684532425
        }
    ]
}