{
    "results": [
        {
            "command": "npm info jquery",
            "mean": 1.2460412169549997,
            "median": 1.2171520569549998,
            "max": 1.578769022455,
            "min": 1.0780566464549999,
            "user": 0.53172452,
            "stddev": 0.16454416953371867,
            "system": 0.064047775,
            "commit": "a32b0a6c06fc56615bc3fbd2d2e5ac3083ff2c43",
            "version": "4.12.2"
        }
    ]
}