{
    "results": [
        {
            "command": "npm install jquery",
            "mean": 10.324273859025,
            "median": 10.118747512925,
            "max": 11.209847807425,
            "min": 10.031684532425,
            "user": 9.079352160000001,
            "stddev": 0.4226391840777037,
            "system": 0.5272581900000001,
            "commit": "a32b0a6c06fc56615bc3fbd2d2e5ac3083ff2c43",
            "version": "6.0.0-6-next.27"
        }
    ]
}