{
    "results": [
        {
            "command": null,
            "mean": 1.2460412169549997,
            "median": 1.2171520569549998,
            "max": 1.578769022455,
            "min": 1.0780566464549999
        }
    ]
}