{
    "results": [
        {
            "command": "npm info jquery",
            "mean": 1.1232672594350002,
            "median": 1.092208181935,
            "max": 1.228213101935,
            "min": 1.022390925935,
            "user": 0.5103285549999999,
            "stddev": 0.07964339743365345,
            "system": 0.052480845,
            "commit": "57760150582b4f225fe7c89faa8588dadf3d7184",
            "version": "4.12.2"
        }
    ]
}