{
    "results": [
        {
            "command": "npm info jquery",
            "mean": 1.1206984111949998,
            "median": 1.1345008006950001,
            "max": 1.217190883695,
            "min": 1.041743355695,
            "user": 0.5307930949999999,
            "stddev": 0.05718950096601968,
            "system": 0.058769890000000005,
            "commit": "960ebc67a5aa85ffa7db9bcf6f0393a41cff7547",
            "version": "4.12.2"
        }
    ]
}