{
    "results": [
        {
            "command": null,
            "mean": 1.1206984111949998,
            "median": 1.1345008006950001,
            "max": 1.217190883695,
            "min": 1.041743355695
        }
    ]
}