{
    "results": [
        {
            "command": null,
            "mean": 1.087749997365,
            "median": 1.079096278865,
            "max": 1.264802384865,
            "min": 0.9890681028650001
        }
    ]
}