{
    "results": [
        {
            "command": null,
            "mean": 17.073483643405,
            "median": 15.739390401405,
            "max": 21.962062839405,
            "min": 15.368641242405001
        }
    ]
}