{
    "results": [
        {
            "command": null,
            "mean": 1.29068764496,
            "median": 1.22251137576,
            "max": 1.48718021676,
            "min": 1.17718130576
        }
    ]
}