{
    "results": [
        {
            "command": null,
            "mean": 12.693923079145002,
            "median": 11.798122551045001,
            "max": 16.327493451045,
            "min": 11.342518420045
        }
    ]
}