{
    "results": [
        {
            "command": null,
            "mean": 1.0540700514699999,
            "median": 0.9959637255700001,
            "max": 1.35891057357,
            "min": 0.95853077857
        }
    ]
}