{
    "results": [
        {
            "command": null,
            "mean": 1.13098300029,
            "median": 1.0864920904900002,
            "max": 1.28447404699,
            "min": 1.02043633099
        }
    ]
}