{
    "results": [
        {
            "command": null,
            "mean": 15.245105853695,
            "median": 15.136798090595,
            "max": 16.425557876595,
            "min": 14.736513405595
        }
    ]
}