{
    "results": [
        {
            "command": "npm install jquery",
            "mean": 22.680090724575003,
            "median": 22.661788421375,
            "max": 23.252791944375,
            "min": 22.130403343375,
            "user": 21.069802494999998,
            "stddev": 0.36520101151017453,
            "system": 1.213957355,
            "commit": "4afb06347abe1b433c4367b35a9e35b58484e1a0",
            "version": "4.12.2"
        }
    ]
}