{
    "results": [
        {
            "command": "npm info jquery",
            "mean": 1.401886126795,
            "median": 1.354124638595,
            "max": 1.592152491595,
            "min": 1.311330742595,
            "user": 0.61685101,
            "stddev": 0.10416654259775515,
            "system": 0.07057950999999998,
            "commit": "9dbf73e955fcb70b0a623c5ab89649b95146c744",
            "version": "3.13.1"
        }
    ]
}