{
    "results": [
        {
            "command": "npm install jquery",
            "mean": 15.324353581890003,
            "median": 14.60544323119,
            "max": 19.75595937769,
            "min": 14.429260350689999,
            "user": 14.621824440000001,
            "stddev": 1.643627961304647,
            "system": 0.7217470199999998,
            "commit": "9dbf73e955fcb70b0a623c5ab89649b95146c744",
            "version": "3.13.1"
        }
    ]
}