{
    "results": [
        {
            "command": null,
            "mean": 0.8997937477550002,
            "median": 0.883445015955,
            "max": 1.0149866359550002,
            "min": 0.841443818955
        }
    ]
}