{
    "results": [
        {
            "command": null,
            "mean": 15.324353581890003,
            "median": 14.60544323119,
            "max": 19.75595937769,
            "min": 14.429260350689999
        }
    ]
}