{
    "results": [
        {
            "command": "npm info jquery",
            "mean": 0.9859734175699998,
            "median": 0.9359380377700001,
            "max": 1.11447497727,
            "min": 0.91461027627,
            "user": 0.4963464249999999,
            "stddev": 0.08230480461611403,
            "system": 0.05904527999999999,
            "commit": "9dbf73e955fcb70b0a623c5ab89649b95146c744",
            "version": "5.1.3"
        }
    ]
}