{
    "results": [
        {
            "command": "npm info jquery",
            "mean": 0.8997937477550002,
            "median": 0.883445015955,
            "max": 1.0149866359550002,
            "min": 0.841443818955,
            "user": 0.44177706,
            "stddev": 0.06168866497884358,
            "system": 0.047520980000000004,
            "commit": "9dbf73e955fcb70b0a623c5ab89649b95146c744",
            "version": "4.12.2"
        }
    ]
}