{
    "results": [
        {
            "command": null,
            "mean": 16.716406239635,
            "median": 16.125937130734997,
            "max": 21.856737322235,
            "min": 15.531852971235
        }
    ]
}