{
    "results": [
        {
            "command": null,
            "mean": 10.417437201279999,
            "median": 10.30178408728,
            "max": 11.607413833279999,
            "min": 10.03623202128
        }
    ]
}