{
    "results": [
        {
            "command": "npm info jquery",
            "mean": 1.0037633039100002,
            "median": 0.97880521591,
            "max": 1.14124264841,
            "min": 0.96137922841,
            "user": 0.53459948,
            "stddev": 0.05787897653751455,
            "system": 0.061810149999999994,
            "commit": "9dbf73e955fcb70b0a623c5ab89649b95146c744",
            "version": "6.0.0-6-next.23"
        }
    ]
}