{
    "results": [
        {
            "command": "npm install jquery",
            "mean": 13.804846856264998,
            "median": 13.672148456165,
            "max": 15.293389022165,
            "min": 13.157866484165,
            "user": 12.788804744999998,
            "stddev": 0.6279958404490554,
            "system": 0.6782291149999999,
            "commit": "82cb0f2bff899df3c35f7637f3b5c1067b160b60",
            "version": "6.0.0-6-next.35"
        }
    ]
}