{
    "results": [
        {
            "command": "npm install jquery",
            "mean": 11.059734297485003,
            "median": 11.012677655285001,
            "max": 11.838660715785,
            "min": 10.700828191785002,
            "user": 10.299437365,
            "stddev": 0.3411067103916185,
            "system": 0.516061925,
            "commit": "90b8bc242c9f801b1b91c7f31d10348ab860c677",
            "version": "5.1.2"
        }
    ]
}