{
    "results": [
        {
            "command": "npm info jquery",
            "mean": 1.165944284235,
            "median": 1.128016594435,
            "max": 1.6442815884350002,
            "min": 0.888907589435,
            "user": 0.47489241499999996,
            "stddev": 0.24249222257860784,
            "system": 0.0480713,
            "commit": "b9a947aa2fc8c044a504c60c568e4d9a52c1904c",
            "version": "4.12.2"
        }
    ]
}