{
    "results": [
        {
            "command": "npm install jquery",
            "mean": 17.373744814080005,
            "median": 17.455976540480002,
            "max": 18.060819814480002,
            "min": 16.801965304480003,
            "user": 16.704136494999997,
            "stddev": 0.4057782893254318,
            "system": 0.8768027899999999,
            "commit": "b261741ef692a6348ec86cd0e0811db08376c312",
            "version": "3.13.1"
        }
    ]
}