{
    "results": [
        {
            "command": "npm info jquery",
            "mean": 0.8400705989149999,
            "median": 0.8369220981150001,
            "max": 0.913143128615,
            "min": 0.796838392615,
            "user": 0.41546846000000004,
            "stddev": 0.03044386358673197,
            "system": 0.04466295499999999,
            "commit": "73e6863426497b61ff1b3e61b577909b70cf683d",
            "version": "3.13.1"
        }
    ]
}