{
    "results": [
        {
            "command": "npm info jquery",
            "mean": 1.06024254462,
            "median": 0.99912421082,
            "max": 1.3706835913200002,
            "min": 0.9700051223200001,
            "user": 0.5444288649999999,
            "stddev": 0.13637850368931814,
            "system": 0.06275903999999999,
            "commit": "5c36ec5f8f94e7defb20541004f7b79f473045d3",
            "version": "4.12.2"
        }
    ]
}