{
    "results": [
        {
            "command": null,
            "mean": 13.94314320286,
            "median": 13.90571373006,
            "max": 15.121562984559999,
            "min": 13.39247216956
        }
    ]
}