{
    "results": [
        {
            "command": "npm info jquery",
            "mean": 1.0224225548049999,
            "median": 0.986288713005,
            "max": 1.146503516005,
            "min": 0.9388366890050001,
            "user": 0.4361250299999999,
            "stddev": 0.07400181899570774,
            "system": 0.051206430000000004,
            "commit": "5c36ec5f8f94e7defb20541004f7b79f473045d3",
            "version": "3.13.1"
        }
    ]
}