{
    "results": [
        {
            "command": null,
            "mean": 1.0224225548049999,
            "median": 0.986288713005,
            "max": 1.146503516005,
            "min": 0.9388366890050001
        }
    ]
}