{
    "results": [
        {
            "command": "npm info jquery",
            "mean": 1.307380488055,
            "median": 1.2593889046550002,
            "max": 1.5782248896550002,
            "min": 1.2269614716550001,
            "user": 0.535481485,
            "stddev": 0.11572481477093584,
            "system": 0.06394978999999999,
            "commit": "5c36ec5f8f94e7defb20541004f7b79f473045d3",
            "version": "5.2.2"
        }
    ]
}