{
    "results": [
        {
            "command": "npm info jquery",
            "mean": 0.97815110598,
            "median": 0.9513362686800001,
            "max": 1.1431183831799998,
            "min": 0.8921731161800001,
            "user": 0.495011635,
            "stddev": 0.08317027812358263,
            "system": 0.04562688499999999,
            "commit": "f625c114bb5078200503bd165a495f4cd52a6e44",
            "version": "5.1.2"
        }
    ]
}