{
    "results": [
        {
            "command": "npm install jquery",
            "mean": 12.488395006120001,
            "median": 12.429027758620002,
            "max": 13.20785637012,
            "min": 12.25628938912,
            "user": 11.856644044999998,
            "stddev": 0.2734767678293612,
            "system": 0.6748819599999999,
            "commit": "736e7de600c556861f8f255f01e203d901d643db",
            "version": "5.3.0"
        }
    ]
}