{
    "results": [
        {
            "command": "npm info jquery",
            "mean": 0.95453463002,
            "median": 0.92525047102,
            "max": 1.18551018302,
            "min": 0.89019119402,
            "user": 0.48261211,
            "stddev": 0.09165641801599968,
            "system": 0.04400549,
            "commit": "54b17f4442f9ed8255656a66209476a220e94eea",
            "version": "5.1.0"
        }
    ]
}