{
    "results": [
        {
            "command": "npm info jquery",
            "mean": 1.1718597794199999,
            "median": 1.13548981632,
            "max": 1.37361574632,
            "min": 1.10194822132,
            "user": 0.47194259499999996,
            "stddev": 0.0921625781243877,
            "system": 0.050402899999999994,
            "commit": "0f0cbf2b2f86d576807e3298d736b09c1c02f524",
            "version": "5.1.0"
        }
    ]
}