{
    "results": [
        {
            "command": "npm install jquery",
            "mean": 12.676082063059999,
            "median": 12.59828873566,
            "max": 13.58401059716,
            "min": 12.035422070160001,
            "user": 11.91422134,
            "stddev": 0.5178177981803297,
            "system": 0.64611052,
            "commit": "fae5093d96e0a0819f477c8e3d52edfb70810d86",
            "version": "6.0.0-6-next.35"
        }
    ]
}