{
    "results": [
        {
            "command": "npm info jquery",
            "mean": 1.2030444933099997,
            "median": 1.17814292611,
            "max": 1.46521860461,
            "min": 1.14273179961,
            "user": 0.46918042,
            "stddev": 0.09478550103362389,
            "system": 0.055974689999999994,
            "commit": "de3eb0fbf3255f219fad0d87911018d59394691f",
            "version": "4.12.2"
        }
    ]
}