{
    "results": [
        {
            "command": "npm install jquery",
            "mean": 10.365093193629999,
            "median": 10.327429242929998,
            "max": 10.991612212429999,
            "min": 10.12057529443,
            "user": 9.824029755000002,
            "stddev": 0.23551360342582225,
            "system": 0.563047725,
            "commit": "d78c8b51539f8c0e6dc87ad273d1138927a14bb6",
            "version": "3.13.1"
        }
    ]
}