{
  "results": [
    {
      "command": "npm info jquery",
      "mean": 0.58460522752,
      "stddev": 0.010750350103616151,
      "median": 0.5853657788200001,
      "user": 0.5132745,
      "system": 0.05619914,
      "min": 0.56851377832,
      "max": 0.5986024563200001,
      "times": [
        0.5788742503200001,
        0.5807437523200001,
        0.5901355583200001,
        0.59789092832,
        0.5899878053200001,
        0.5729899043200001,
        0.5750428173200001,
        0.59327102432,
        0.5986024563200001,
        0.56851377832
      ],
      "exit_codes": [
        0,
        0,
        0,
        0,
        0,
        0,
        0,
        0,
        0,
        0
      ]
    }
  ]
}
