{
  "results": [
    {
      "command": "npm info jquery",
      "mean": 0.46947327806,
      "stddev": 0.02742730123097326,
      "median": 0.46295818776000003,
      "user": 0.40201349999999997,
      "system": 0.04616494,
      "min": 0.44190574776,
      "max": 0.5331744377600001,
      "times": [
        0.48357261776,
        0.44991929676000003,
        0.5331744377600001,
        0.46832703676,
        0.49202787576,
        0.46555258576,
        0.45029560276,
        0.44959378976000003,
        0.46036378976000003,
        0.44190574776
      ],
      "exit_codes": [
        0,
        0,
        0,
        0,
        0,
        0,
        0,
        0,
        0,
        0
      ]
    }
  ]
}
