{
  "results": [
    {
      "command": "npm info jquery",
      "mean": 0.52265218772,
      "stddev": 0.03951483803926534,
      "median": 0.51183215532,
      "user": 0.44416802000000005,
      "system": 0.04726628,
      "min": 0.48565460432,
      "max": 0.61964350232,
      "times": [
        0.61964350232,
        0.5057167313200001,
        0.52036732832,
        0.49644486432,
        0.55276561032,
        0.53224715532,
        0.51794757932,
        0.48565460432,
        0.49295755032,
        0.50277695132
      ],
      "exit_codes": [
        0,
        0,
        0,
        0,
        0,
        0,
        0,
        0,
        0,
        0
      ]
    }
  ]
}
