{
  "results": [
    {
      "command": "npm info jquery",
      "mean": 0.43900529256,
      "stddev": 0.025501278837264416,
      "median": 0.43404221976,
      "user": 0.37394360000000004,
      "system": 0.03961784,
      "min": 0.41604732226,
      "max": 0.5000870402600001,
      "times": [
        0.43614321126,
        0.46438941126,
        0.42865243126,
        0.41700152426000003,
        0.43793446126,
        0.43318641026000004,
        0.42171308426000004,
        0.5000870402600001,
        0.43489802926000004,
        0.41604732226
      ],
      "exit_codes": [
        0,
        0,
        0,
        0,
        0,
        0,
        0,
        0,
        0,
        0
      ]
    }
  ]
}
