{
    "results": [
        {
            "command": "npm install jquery",
            "mean": 10.070775111889999,
            "median": 9.97882162829,
            "max": 10.82375137029,
            "min": 9.849112900289999,
            "user": 9.471453315000002,
            "stddev": 0.2945171353112338,
            "system": 0.5494476099999999,
            "commit": "736e7de600c556861f8f255f01e203d901d643db",
            "version": "5.3.0"
        }
    ]
}