{
    "results": [
        {
            "command": "npm install jquery",
            "mean": 10.791730541004998,
            "median": 10.728698543005,
            "max": 11.629404479005,
            "min": 10.484881481005,
            "user": 10.099826834999998,
            "stddev": 0.3203440633627846,
            "system": 0.49039933499999994,
            "commit": "2197d08e425086d721b5da8f7dfe03130ab140df",
            "version": "3.13.1"
        }
    ]
}