{
    "results": [
        {
            "command": "npm install jquery",
            "mean": 12.638440206609998,
            "median": 12.642800818109999,
            "max": 12.92813086711,
            "min": 12.35905315911,
            "user": 12.12598908,
            "stddev": 0.20151869020566537,
            "system": 0.6782092899999999,
            "commit": "20a5e571d16f45ca7ef0d2b6000181359784264c",
            "version": "5.7.0"
        }
    ]
}