{
    "results": [
        {
            "command": "npm install jquery",
            "mean": 13.318197678454998,
            "median": 13.215977449954998,
            "max": 14.381597721455,
            "min": 12.822166130454999,
            "user": 12.859621435,
            "stddev": 0.4656065953838422,
            "system": 0.673756375,
            "commit": "0f0cbf2b2f86d576807e3298d736b09c1c02f524",
            "version": "4.12.2"
        }
    ]
}