{
    "results": [
        {
            "command": "npm info jquery",
            "mean": 1.0141303197550002,
            "median": 0.9928556935550001,
            "max": 1.161852951555,
            "min": 0.9299289715550001,
            "user": 0.501484985,
            "stddev": 0.07555418522550678,
            "system": 0.064257485,
            "commit": "6218d7723d2d3cfae45330af767353b23dceb16b",
            "version": "5.1.3"
        }
    ]
}