{
    "results": [
        {
            "command": null,
            "mean": 1.4852652085350002,
            "median": 1.3967449705350001,
            "max": 2.102499153035,
            "min": 1.030971158035
        }
    ]
}