{
    "results": [
        {
            "command": null,
            "mean": 1.0141303197550002,
            "median": 0.9928556935550001,
            "max": 1.161852951555,
            "min": 0.9299289715550001
        }
    ]
}