{
    "results": [
        {
            "command": null,
            "mean": 0.9595305490849999,
            "median": 0.9483742046850001,
            "max": 1.0647894061849998,
            "min": 0.903707683185
        }
    ]
}