{
    "results": [
        {
            "command": "npm install jquery",
            "mean": 17.117161254560003,
            "median": 16.94613729146,
            "max": 19.01839436896,
            "min": 16.543779317960002,
            "user": 16.394137799999996,
            "stddev": 0.7005165567282653,
            "system": 0.8681958999999999,
            "commit": "6218d7723d2d3cfae45330af767353b23dceb16b",
            "version": "3.13.1"
        }
    ]
}