{
    "results": [
        {
            "command": "npm install jquery",
            "mean": 12.457412849330002,
            "median": 12.327113784629999,
            "max": 13.91717171463,
            "min": 12.06750031563,
            "user": 11.898783909999999,
            "stddev": 0.5421034705997888,
            "system": 0.6580273099999998,
            "commit": "6218d7723d2d3cfae45330af767353b23dceb16b",
            "version": "5.1.3"
        }
    ]
}