{
    "results": [
        {
            "command": null,
            "mean": 15.789205589824999,
            "median": 15.677453233125,
            "max": 16.877556103125,
            "min": 15.230742553125001
        }
    ]
}