{
    "results": [
        {
            "command": null,
            "mean": 15.077394374784998,
            "median": 14.927854659585,
            "max": 17.146469595585,
            "min": 14.205513573585
        }
    ]
}