{
    "results": [
        {
            "command": "npm info jquery",
            "mean": 1.2209742989349999,
            "median": 1.2237673245349998,
            "max": 1.261982072035,
            "min": 1.1776717050349998,
            "user": 0.5539366450000001,
            "stddev": 0.02643014419642382,
            "system": 0.049756709999999996,
            "commit": "3d45cecf04827712eb724a113e415dbda8ea2d90",
            "version": "5.1.0"
        }
    ]
}