{
    "results": [
        {
            "command": null,
            "mean": 0.981609720575,
            "median": 0.985003964975,
            "max": 1.011726096475,
            "min": 0.9476400904750001
        }
    ]
}