{
    "results": [
        {
            "command": null,
            "mean": 1.154183185025,
            "median": 1.160086087125,
            "max": 1.197176996625,
            "min": 1.114886833625
        }
    ]
}