{
    "results": [
        {
            "command": "npm info jquery",
            "mean": 1.02578851779,
            "median": 1.03384903169,
            "max": 1.10317750669,
            "min": 0.9606735326900001,
            "user": 0.42894244,
            "stddev": 0.046860457555104616,
            "system": 0.04763034000000001,
            "commit": "54b17f4442f9ed8255656a66209476a220e94eea",
            "version": "5.1.0"
        }
    ]
}