{
    "results": [
        {
            "command": "npm install jquery",
            "mean": 14.075212794539999,
            "median": 14.03060042094,
            "max": 15.01244432494,
            "min": 13.74160349794,
            "user": 13.473298415000002,
            "stddev": 0.36891269397991105,
            "system": 0.6374569250000001,
            "commit": "95ed3db43ce681824c9b40fa7eb8b09039d053ea",
            "version": "4.12.1"
        }
    ]
}