{
    "results": [
        {
            "command": "npm install jquery",
            "mean": 14.105442168709999,
            "median": 13.41402285441,
            "max": 19.19228377091,
            "min": 13.18247469991,
            "user": 13.302704259999999,
            "stddev": 1.822314570248166,
            "system": 0.68503242,
            "commit": "b6495d5b6c028fc7184912deaa1e7848846241a5",
            "version": "4.12.2"
        }
    ]
}